620
1588
1
13
7
1
3
43
1
1
3
1
1
3
1
6
43
1
1
1
10
1
1
1
1
3
19
23
13
1
1
7
1
1
17
18
6
1
1
1
6
1
1
1
1
1
3
3
1
1
1
1
1
1
5
1
1
1
1
1
1
1
1
1
12
1
1
1
1
1
1
1
17
1
1
10
24
1
1
1
1
6
1
21
1
1
1
1
35
1
1
1
14
1
1
1
1
1
1
1
6
1
21
5
5
1
1
1
1
1
4
1
1
5
5
8
5
5
18
1
1
1
1
1
1
1
45
1
4
2
1
1
1
0
3
1
0
1
0
2
1
1
1
38
12
1
1
2
1
0
0
1
0
0
3
1
0
0
1
0
0
2
1
1
1
1
1
1
1
1
1
1
1
14
1
12
49
1
16
37
1
1
1
1
1
1
1
1
1
1
1
5
1
1
1
1
1
26
1
1
1
4
1
1
12
9
1
9
18
1
85
1
8
1
1
5
1
5
1
1
1
1
1
14
4
1
1
1
1
1
1
1
1
1
1
1
1
10
1
5
1
12
1
1
5
5
31
5
15
1
1
1
1
1
1
1
1
1
1
1
1
1
1
1
1
1
1
1
1
1
1
1
1
1
1
1
1
1
1
1
1
1
1
1
1
1
1
1
1
1
14
1
17
1
1
1
1
1
3
1
1
6
1
8
1
1
1
1
1
1
1
1
1
1
5
16
1
1
1
1
5
5
30
1
1
1
1
1
1
1
1
1
1
1
1
1
1
1
1
1
1
20
54
1
1
1
1
1
1
1
1
1
15
1
1
1
1
1
1
1
1
1
1
1
1
1
7
1
5
1
1
1
1
13
1
10
1
1
1
1
1
1
1
1
1
1
1
1
1
16
1
1
1
1
1
1
1
1
1
1
1
1
1
1
1
1
1
1
1
1
1
1
1
1
1
1
1
1
1
1
1
1
1
1
1
1
1
1
1
1
1
1
1
1
1
1
1
1
12
1
16
37
1
1
1
1
1
1
1
1
1
1
3
1
1
1
1
1
1
1
1
1
1
1
1
1
1
1
1
1
1
1
1
1
1
1
1
1
1
1
1
1
1
1
1
1
1
1
1
1
1
1
1
1
1
1
1
1
1
1
1
1
1
1
1
1
1
1
1
1
1
1
1
1
1
1
1
1
1
1
1
1
1
1
1
1
1
1
1
1
1
34
1
1
1
1
1
1
1
1
1
12
1
15
1
1
36
1
1
1
1
1
1
11
1
5
12
1
1
1
1
1
1
1
1
1
1
1
21
1
1
28
43
18
5
5
1
17
1
1
1
5
1
1
1
17
1
1
1
4
1
5
5
1
1
1
1
1
29
1
1
1
1
1
1
1
9
1
1
1
1
1
1
1
1
1
1
1
1
26
1
1
4 1 32 (920.000000 1752.000000 -48.000000) (920.000000 1896.000000 -48.000000) (920.000000 1896.000000 -144.000000) (920.000000 1752.000000 -144.000000) 
4 1 2 (920.000000 1752.000000 -144.000000) (920.000000 1896.000000 -144.000000) (1336.000000 1896.000000 -144.000000) (1336.000000 1752.000000 -144.000000) 
4 2 32 (920.000000 1752.000000 -144.000000) (920.000000 1896.000000 -144.000000) (920.000000 1896.000000 -192.000000) (920.000000 1752.000000 -192.000000) 
4 3 221 (-768.000000 3328.000000 -384.000000) (-768.000000 3328.000000 -248.000000) (-768.000000 3352.000000 -248.000000) (-768.000000 3352.000000 -384.000000) 
4 3 4 (-768.000000 3328.000000 -248.000000) (-768.000000 3328.000000 -384.000000) (-744.000000 3328.000000 -384.000000) (-744.000000 3328.000000 -248.000000) 
4 4 221 (-768.000000 3288.000000 -384.000000) (-768.000000 3288.000000 -248.000000) (-768.000000 3328.000000 -248.000000) (-768.000000 3328.000000 -384.000000) 
4 4 220 (-768.000000 3288.000000 -248.000000) (-768.000000 3288.000000 -232.000000) (-768.000000 3328.000000 -232.000000) (-768.000000 3328.000000 -248.000000) 
4 4 25 (-768.000000 3288.000000 -232.000000) (-768.000000 3288.000000 -384.000000) (-720.000000 3288.000000 -384.000000) (-736.000000 3288.000000 -232.000000) 
4 5 14 (-144.000000 2848.000000 -132.000000) (-144.000000 3056.000000 -132.000000) (128.000000 3056.000000 -132.000000) (128.000000 2848.000000 -132.000000) 
4 5 6 (-144.000000 3032.000000 -128.000000) (-144.000000 3032.000000 -132.000000) (-144.000000 2872.000000 -132.000000) (-144.000000 2872.000000 -128.000000) 
4 6 15 (-148.000000 3032.000000 -132.000000) (-144.000000 3032.000000 -132.000000) (-144.000000 2872.000000 -132.000000) (-148.000000 2872.000000 -132.000000) 
4 7 17 (-160.000000 2872.000000 -132.000000) (-160.000000 3032.000000 -132.000000) (-156.000000 3032.000000 -132.000000) (-156.000000 2872.000000 -132.000000) 
4 7 9 (-160.000000 3032.000000 -128.000000) (-160.000000 3032.000000 -132.000000) (-160.000000 2872.000000 -132.000000) (-160.000000 2872.000000 -128.000000) 
4 8 9 (-160.000000 2848.000000 -128.000000) (-528.000000 2848.000000 -128.000000) (-528.000000 3056.000000 -128.000000) (-160.000000 3056.000000 -128.000000) 
4 9 18 (-560.000000 2848.000000 -132.000000) (-560.000000 3056.000000 -132.000000) (-160.000000 3056.000000 -132.000000) (-160.000000 2848.000000 -132.000000) 
4 9 13 (-560.000000 3056.000000 -132.000000) (-560.000000 2848.000000 -132.000000) (-560.000000 2848.000000 -128.000000) (-560.000000 3056.000000 -128.000000) 
4 9 10 (-320.000000 2848.000000 -128.000000) (-528.000000 2848.000000 -128.000000) (-528.000000 2848.000000 -132.000000) (-320.000000 2848.000000 -132.000000) 
4 10 19 (-528.000000 2816.000000 -132.000000) (-528.000000 2848.000000 -132.000000) (-320.000000 2848.000000 -132.000000) (-320.000000 2816.000000 -132.000000) 
4 10 11 (-528.000000 2816.000000 -132.000000) (-320.000000 2816.000000 -132.000000) (-320.000000 2816.000000 -128.000000) (-528.000000 2816.000000 -128.000000) 
4 11 46 (-528.000000 2512.000000 -132.000000) (-320.000000 2512.000000 -132.000000) (-320.000000 2512.000000 -128.000000) (-528.000000 2512.000000 -128.000000) 
4 11 19 (-320.000000 2512.000000 -132.000000) (-528.000000 2512.000000 -132.000000) (-528.000000 2816.000000 -132.000000) (-320.000000 2816.000000 -132.000000) 
4 12 216 (-768.000000 3252.000000 -132.000000) (-768.000000 3248.000000 -132.000000) (-768.000000 3248.000000 -128.000000) (-768.000000 3252.000000 -128.000000) 
4 12 20 (-768.000000 3248.000000 -132.000000) (-768.000000 3252.000000 -132.000000) (-668.000000 3252.000000 -132.000000) (-668.000000 3248.000000 -132.000000) 
4 12 13 (-668.000000 3248.000000 -128.000000) (-768.000000 3248.000000 -128.000000) (-768.000000 3248.000000 -132.000000) (-668.000000 3248.000000 -132.000000) 
4 13 300 (-768.000000 2512.000000 -132.000000) (-768.000000 2512.000000 -128.000000) (-768.000000 2624.000000 -128.000000) (-768.000000 2624.000000 -132.000000) 
4 13 297 (-768.000000 2624.000000 -128.000000) (-768.000000 2656.000000 -128.000000) (-768.000000 2656.000000 -132.000000) (-768.000000 2624.000000 -132.000000) 
4 13 296 (-768.000000 2512.000000 -128.000000) (-768.000000 2512.000000 -48.000000) (-768.000000 2656.000000 -48.000000) (-768.000000 2656.000000 -128.000000) 
4 13 225 (-768.000000 3248.000000 -128.000000) (-768.000000 3248.000000 -132.000000) (-768.000000 2656.000000 -132.000000) (-768.000000 2656.000000 -128.000000) 
4 13 215 (-768.000000 2656.000000 -48.000000) (-768.000000 3248.000000 -48.000000) (-768.000000 3248.000000 -128.000000) (-768.000000 2656.000000 -128.000000) 
5 13 49 (-768.000000 2512.000000 -48.000000) (-768.000000 2512.000000 -132.000000) (-560.000000 2512.000000 -132.000000) (-560.000000 2512.000000 -112.000000) (-608.000000 2512.000000 -48.000000) 
4 13 21 (-560.000000 2512.000000 -132.000000) (-768.000000 2512.000000 -132.000000) (-768.000000 3248.000000 -132.000000) (-560.000000 3248.000000 -132.000000) 
4 14 15 (-144.000000 2872.000000 -132.000000) (-144.000000 3032.000000 -132.000000) (-144.000000 3032.000000 -224.000000) (-144.000000 2872.000000 -224.000000) 
4 15 16 (-148.000000 3028.000000 -220.000000) (-148.000000 2876.000000 -220.000000) (-148.000000 2876.000000 -132.000000) (-148.000000 3028.000000 -132.000000) 
4 16 17 (-156.000000 2876.000000 -220.000000) (-156.000000 2876.000000 -132.000000) (-156.000000 3028.000000 -132.000000) (-156.000000 3028.000000 -220.000000) 
4 17 18 (-160.000000 2872.000000 -132.000000) (-160.000000 3032.000000 -132.000000) (-160.000000 3032.000000 -224.000000) (-160.000000 2872.000000 -224.000000) 
4 18 26 (-560.000000 2848.000000 -256.000000) (-560.000000 2848.000000 -172.000000) (-560.000000 3056.000000 -172.000000) (-560.000000 3056.000000 -256.000000) 
4 18 21 (-560.000000 2848.000000 -172.000000) (-560.000000 2848.000000 -132.000000) (-560.000000 3056.000000 -132.000000) (-560.000000 3056.000000 -172.000000) 
4 18 19 (-320.000000 2848.000000 -132.000000) (-528.000000 2848.000000 -132.000000) (-528.000000 2848.000000 -256.000000) (-320.000000 2848.000000 -256.000000) 
4 19 52 (-528.000000 2512.000000 -144.000000) (-528.000000 2512.000000 -256.000000) (-320.000000 2512.000000 -256.000000) (-320.000000 2512.000000 -144.000000) 
4 19 46 (-320.000000 2512.000000 -132.000000) (-528.000000 2512.000000 -132.000000) (-528.000000 2512.000000 -144.000000) (-320.000000 2512.000000 -144.000000) 
4 20 216 (-768.000000 3248.000000 -132.000000) (-768.000000 3252.000000 -132.000000) (-768.000000 3252.000000 -172.000000) (-768.000000 3248.000000 -172.000000) 
4 20 21 (-768.000000 3248.000000 -172.000000) (-668.000000 3248.000000 -172.000000) (-668.000000 3248.000000 -132.000000) (-768.000000 3248.000000 -132.000000) 
4 21 300 (-768.000000 2512.000000 -172.000000) (-768.000000 2512.000000 -132.000000) (-768.000000 2624.000000 -132.000000) (-768.000000 2624.000000 -172.000000) 
4 21 297 (-768.000000 2624.000000 -132.000000) (-768.000000 2656.000000 -132.000000) (-768.000000 2656.000000 -172.000000) (-768.000000 2624.000000 -172.000000) 
4 21 225 (-768.000000 2656.000000 -132.000000) (-768.000000 3248.000000 -132.000000) (-768.000000 3248.000000 -172.000000) (-768.000000 2656.000000 -172.000000) 
4 21 54 (-560.000000 2512.000000 -172.000000) (-560.000000 2512.000000 -144.000000) (-768.000000 2512.000000 -144.000000) (-768.000000 2512.000000 -172.000000) 
4 21 49 (-560.000000 2512.000000 -144.000000) (-560.000000 2512.000000 -132.000000) (-768.000000 2512.000000 -132.000000) (-768.000000 2512.000000 -144.000000) 
4 21 26 (-560.000000 3072.000000 -172.000000) (-560.000000 2512.000000 -172.000000) (-768.000000 2512.000000 -172.000000) (-768.000000 3072.000000 -172.000000) 
4 21 22 (-560.000000 3248.000000 -172.000000) (-560.000000 3072.000000 -172.000000) (-768.000000 3072.000000 -172.000000) (-768.000000 3248.000000 -172.000000) 
4 22 225 (-768.000000 3072.000000 -172.000000) (-768.000000 3248.000000 -172.000000) (-768.000000 3248.000000 -208.000000) (-768.000000 3072.000000 -208.000000) 
4 22 26 (-768.000000 3072.000000 -172.000000) (-768.000000 3072.000000 -208.000000) (-560.000000 3072.000000 -208.000000) (-560.000000 3072.000000 -172.000000) 
3 22 23 (-688.000000 3248.000000 -208.000000) (-560.000000 3248.000000 -208.000000) (-560.000000 3120.000000 -208.000000) 
5 22 24 (-704.000000 3248.000000 -208.000000) (-688.000000 3248.000000 -208.000000) (-560.000000 3120.000000 -208.000000) (-560.000000 3072.000000 -208.000000) (-704.000000 3072.000000 -208.000000) 
4 22 25 (-768.000000 3072.000000 -208.000000) (-768.000000 3248.000000 -208.000000) (-704.000000 3248.000000 -208.000000) (-704.000000 3072.000000 -208.000000) 
4 23 24 (-688.000000 3248.000000 -384.000000) (-560.000000 3120.000000 -384.000000) (-560.000000 3120.000000 -208.000000) (-688.000000 3248.000000 -208.000000) 
4 24 26 (-560.000000 3072.000000 -256.000000) (-560.000000 3072.000000 -208.000000) (-704.000000 3072.000000 -208.000000) (-704.000000 3072.000000 -256.000000) 
4 24 25 (-704.000000 3072.000000 -384.000000) (-704.000000 3072.000000 -208.000000) (-704.000000 3264.000000 -208.000000) (-704.000000 3264.000000 -384.000000) 
4 25 231 (-768.000000 3072.000000 -256.000000) (-768.000000 3072.000000 -240.000000) (-768.000000 3248.000000 -240.000000) (-768.000000 3248.000000 -256.000000) 
4 25 232 (-768.000000 3248.000000 -384.000000) (-768.000000 3072.000000 -384.000000) (-768.000000 3072.000000 -256.000000) (-768.000000 3248.000000 -256.000000) 
4 25 225 (-768.000000 3072.000000 -240.000000) (-768.000000 3072.000000 -208.000000) (-768.000000 3248.000000 -208.000000) (-768.000000 3248.000000 -240.000000) 
4 25 221 (-768.000000 3288.000000 -248.000000) (-768.000000 3288.000000 -384.000000) (-768.000000 3248.000000 -384.000000) (-768.000000 3248.000000 -248.000000) 
4 25 220 (-768.000000 3288.000000 -232.000000) (-768.000000 3288.000000 -248.000000) (-768.000000 3248.000000 -248.000000) (-768.000000 3248.000000 -232.000000) 
4 25 219 (-768.000000 3288.000000 -208.000000) (-768.000000 3288.000000 -232.000000) (-768.000000 3248.000000 -232.000000) (-768.000000 3248.000000 -208.000000) 
4 25 26 (-768.000000 3072.000000 -208.000000) (-768.000000 3072.000000 -256.000000) (-704.000000 3072.000000 -256.000000) (-704.000000 3072.000000 -208.000000) 
4 26 300 (-768.000000 2512.000000 -256.000000) (-768.000000 2512.000000 -172.000000) (-768.000000 2624.000000 -172.000000) (-768.000000 2624.000000 -256.000000) 
4 26 297 (-768.000000 2624.000000 -172.000000) (-768.000000 2656.000000 -172.000000) (-768.000000 2656.000000 -256.000000) (-768.000000 2624.000000 -256.000000) 
4 26 233 (-768.000000 3072.000000 -240.000000) (-768.000000 3072.000000 -256.000000) (-768.000000 2656.000000 -256.000000) (-768.000000 2656.000000 -240.000000) 
4 26 225 (-768.000000 2656.000000 -172.000000) (-768.000000 3072.000000 -172.000000) (-768.000000 3072.000000 -240.000000) (-768.000000 2656.000000 -240.000000) 
4 26 54 (-560.000000 2512.000000 -256.000000) (-560.000000 2512.000000 -172.000000) (-768.000000 2512.000000 -172.000000) (-768.000000 2512.000000 -256.000000) 
4 27 30 (240.000000 1984.000000 -172.000000) (352.000000 1984.000000 -172.000000) (352.000000 1984.000000 -100.000000) (240.000000 1984.000000 -100.000000) 
4 28 30 (120.000000 1984.000000 -160.000000) (216.000000 1984.000000 -160.000000) (216.000000 1984.000000 -96.000000) (120.000000 1984.000000 -96.000000) 
4 29 32 (920.000000 1916.000000 -192.000000) (920.000000 1916.000000 -48.000000) (776.000000 1916.000000 -48.000000) (776.000000 1916.000000 -192.000000) 
4 30 38 (80.000000 1916.000000 -0.000000) (80.000000 1916.000000 -192.000000) (384.000000 1916.000000 -192.000000) (384.000000 1916.000000 -0.000000) 
4 31 38 (204.000000 1792.000000 128.000000) (204.000000 1856.000000 128.000000) (268.000000 1856.000000 128.000000) (268.000000 1792.000000 128.000000) 
4 32 33 (920.000000 1480.000000 -48.000000) (776.000000 1480.000000 -48.000000) (776.000000 1480.000000 -192.000000) (920.000000 1480.000000 -192.000000) 
4 33 34 (504.000000 1472.000000 -192.000000) (504.000000 1344.000000 -192.000000) (504.000000 1344.000000 -56.000000) (504.000000 1472.000000 -56.000000) 
4 34 37 (464.000000 1472.000000 -192.000000) (464.000000 1344.000000 -192.000000) (464.000000 1344.000000 -56.000000) (464.000000 1472.000000 -56.000000) 
4 35 37 (464.000000 1344.000000 0.000000) (464.000000 1344.000000 -192.000000) (416.000000 1296.000000 -192.000000) (416.000000 1296.000000 0.000000) 
4 36 41 (384.000000 1552.000000 -192.000000) (384.000000 1520.000000 -192.000000) (384.000000 1520.000000 0.000000) (384.000000 1552.000000 0.000000) 
4 36 37 (384.000000 1520.000000 -192.000000) (416.000000 1520.000000 -192.000000) (416.000000 1520.000000 0.000000) (384.000000 1520.000000 0.000000) 
4 37 41 (384.000000 1520.000000 -192.000000) (384.000000 1264.000000 -192.000000) (384.000000 1264.000000 0.000000) (384.000000 1520.000000 0.000000) 
4 38 58 (80.000000 1728.000000 128.000000) (80.000000 1916.000000 128.000000) (80.000000 1916.000000 -192.000000) (80.000000 1728.000000 -192.000000) 
4 38 39 (320.000000 1728.000000 -192.000000) (352.000000 1728.000000 -192.000000) (352.000000 1728.000000 16.000000) (320.000000 1728.000000 96.000000) 
4 38 40 (80.000000 1728.000000 128.000000) (80.000000 1728.000000 -192.000000) (320.000000 1728.000000 -192.000000) (320.000000 1728.000000 128.000000) 
4 39 41 (320.000000 1664.000000 -192.000000) (352.000000 1664.000000 -192.000000) (352.000000 1664.000000 16.000000) (320.000000 1664.000000 96.000000) 
4 39 40 (320.000000 1728.000000 96.000000) (320.000000 1728.000000 -192.000000) (320.000000 1664.000000 -192.000000) (320.000000 1664.000000 96.000000) 
4 40 58 (80.000000 1664.000000 128.000000) (80.000000 1728.000000 128.000000) (80.000000 1728.000000 -192.000000) (80.000000 1664.000000 -192.000000) 
4 40 41 (80.000000 1664.000000 -192.000000) (320.000000 1664.000000 -192.000000) (320.000000 1664.000000 128.000000) (80.000000 1664.000000 128.000000) 
4 41 84 (80.000000 1264.000000 -128.000000) (80.000000 1264.000000 -192.000000) (352.000000 1264.000000 -192.000000) (352.000000 1264.000000 -128.000000) 
4 41 82 (352.000000 1264.000000 -192.000000) (384.000000 1264.000000 -192.000000) (384.000000 1264.000000 -128.000000) (352.000000 1264.000000 -128.000000) 
4 41 76 (384.000000 1264.000000 128.000000) (80.000000 1264.000000 128.000000) (80.000000 1264.000000 -128.000000) (384.000000 1264.000000 -128.000000) 
4 41 58 (80.000000 1264.000000 -192.000000) (80.000000 1264.000000 128.000000) (80.000000 1664.000000 128.000000) (80.000000 1664.000000 -192.000000) 
6 41 42 (80.000000 1328.000000 -192.000000) (80.000000 1488.000000 -192.000000) (104.000000 1488.000000 -192.000000) (112.000000 1480.000000 -192.000000) (112.000000 1336.000000 -192.000000) (104.000000 1328.000000 -192.000000) 
4 42 68 (80.000000 1328.000000 -192.000000) (80.000000 1488.000000 -192.000000) (80.000000 1488.000000 -200.000000) (80.000000 1328.000000 -200.000000) 
6 42 43 (112.000000 1336.000000 -200.000000) (104.000000 1328.000000 -200.000000) (80.000000 1328.000000 -200.000000) (80.000000 1488.000000 -200.000000) (104.000000 1488.000000 -200.000000) (112.000000 1480.000000 -200.000000) 
4 43 69 (80.000000 1312.000000 -200.000000) (80.000000 1504.000000 -200.000000) (80.000000 1504.000000 -224.000000) (80.000000 1312.000000 -224.000000) 
4 44 46 (-528.000000 2208.000000 -128.000000) (-528.000000 2480.000000 -128.000000) (-320.000000 2480.000000 -128.000000) (-320.000000 2208.000000 -128.000000) 
4 45 48 (-464.000000 1952.000000 -112.000000) (-528.000000 1952.000000 -112.000000) (-528.000000 1940.571429 -128.000000) (-464.000000 1940.571429 -128.000000) 
4 45 47 (-320.000000 1940.571429 -128.000000) (-320.000000 1952.000000 -112.000000) (-384.000000 1952.000000 -112.000000) (-384.000000 1940.571429 -128.000000) 
4 45 46 (-528.000000 1940.571429 -128.000000) (-528.000000 2176.000000 -128.000000) (-320.000000 2176.000000 -128.000000) (-320.000000 1940.571429 -128.000000) 
4 46 52 (-528.000000 2512.000000 -144.000000) (-320.000000 2512.000000 -144.000000) (-320.000000 1932.000000 -144.000000) (-528.000000 1932.000000 -144.000000) 
4 46 48 (-528.000000 1932.000000 -140.000000) (-464.000000 1932.000000 -140.000000) (-464.000000 1940.571429 -128.000000) (-528.000000 1940.571429 -128.000000) 
4 46 47 (-384.000000 1932.000000 -140.000000) (-320.000000 1932.000000 -140.000000) (-320.000000 1940.571429 -128.000000) (-384.000000 1940.571429 -128.000000) 
4 49 300 (-768.000000 2512.000000 -128.000000) (-768.000000 2512.000000 -144.000000) (-768.000000 2416.000000 -144.000000) (-768.000000 2416.000000 -128.000000) 
4 49 296 (-768.000000 2512.000000 -48.000000) (-768.000000 2512.000000 -128.000000) (-768.000000 2416.000000 -128.000000) (-768.000000 2416.000000 -48.000000) 
4 49 54 (-768.000000 2416.000000 -144.000000) (-768.000000 2512.000000 -144.000000) (-560.000000 2512.000000 -144.000000) (-560.000000 2416.000000 -144.000000) 
4 49 50 (-704.000000 2416.000000 -144.000000) (-592.000000 2416.000000 -144.000000) (-592.000000 2416.000000 -128.000000) (-704.000000 2416.000000 -128.000000) 
4 49 51 (-768.000000 2416.000000 -128.000000) (-768.000000 2416.000000 -144.000000) (-720.000000 2416.000000 -144.000000) (-720.000000 2416.000000 -128.000000) 
4 50 55 (-704.000000 2416.000000 -144.000000) (-592.000000 2416.000000 -144.000000) (-592.000000 2412.000000 -144.000000) (-704.000000 2412.000000 -144.000000) 
4 51 302 (-768.000000 2412.000000 -128.000000) (-768.000000 2416.000000 -128.000000) (-768.000000 2416.000000 -144.000000) (-768.000000 2412.000000 -144.000000) 
4 51 56 (-768.000000 2412.000000 -144.000000) (-768.000000 2416.000000 -144.000000) (-720.000000 2416.000000 -144.000000) (-720.000000 2412.000000 -144.000000) 
4 52 53 (-464.000000 1932.000000 -256.000000) (-384.000000 1932.000000 -256.000000) (-384.000000 1932.000000 -144.000000) (-464.000000 1932.000000 -144.000000) 
4 53 70 (-464.000000 1916.000000 -192.000000) (-464.000000 1916.000000 -256.000000) (-384.000000 1916.000000 -256.000000) (-384.000000 1916.000000 -192.000000) 
4 53 62 (-384.000000 1916.000000 -144.000000) (-464.000000 1916.000000 -144.000000) (-464.000000 1916.000000 -192.000000) (-384.000000 1916.000000 -192.000000) 
4 54 300 (-768.000000 2416.000000 -256.000000) (-768.000000 2416.000000 -144.000000) (-768.000000 2512.000000 -144.000000) (-768.000000 2512.000000 -256.000000) 
4 54 55 (-704.000000 2416.000000 -172.000000) (-592.000000 2416.000000 -172.000000) (-592.000000 2416.000000 -144.000000) (-704.000000 2416.000000 -144.000000) 
4 54 56 (-768.000000 2416.000000 -144.000000) (-768.000000 2416.000000 -172.000000) (-720.000000 2416.000000 -172.000000) (-720.000000 2416.000000 -144.000000) 
4 56 302 (-768.000000 2412.000000 -144.000000) (-768.000000 2416.000000 -144.000000) (-768.000000 2416.000000 -172.000000) (-768.000000 2412.000000 -172.000000) 
4 57 62 (-436.000000 1856.000000 128.000000) (-372.000000 1856.000000 128.000000) (-372.000000 1792.000000 128.000000) (-436.000000 1792.000000 128.000000) 
4 58 84 (80.000000 1264.000000 -192.000000) (80.000000 1264.000000 -128.000000) (-32.000000 1264.000000 -128.000000) (-32.000000 1264.000000 -192.000000) 
4 58 76 (80.000000 1264.000000 -128.000000) (80.000000 1264.000000 128.000000) (-32.000000 1264.000000 128.000000) (-32.000000 1264.000000 -128.000000) 
4 58 68 (80.000000 1488.000000 -192.000000) (80.000000 1328.000000 -192.000000) (-32.000000 1328.000000 -192.000000) (-32.000000 1488.000000 -192.000000) 
4 58 59 (-32.000000 1916.000000 -192.000000) (-32.000000 1264.000000 -192.000000) (-32.000000 1264.000000 104.000000) (-32.000000 1916.000000 104.000000) 
4 59 103 (-48.000000 1264.000000 -128.000000) (-48.000000 1264.000000 -192.000000) (-32.000000 1264.000000 -192.000000) (-32.000000 1264.000000 -128.000000) 
4 59 94 (-48.000000 1264.000000 104.000000) (-48.000000 1264.000000 -128.000000) (-32.000000 1264.000000 -128.000000) (-32.000000 1264.000000 104.000000) 
4 59 68 (-32.000000 1488.000000 -192.000000) (-32.000000 1328.000000 -192.000000) (-48.000000 1328.000000 -192.000000) (-48.000000 1488.000000 -192.000000) 
4 59 61 (-48.000000 1916.000000 104.000000) (-48.000000 1916.000000 -192.000000) (-48.000000 1264.000000 -192.000000) (-48.000000 1264.000000 104.000000) 
4 60 93 (-128.000000 1264.000000 112.000000) (-128.000000 1264.000000 104.000000) (-48.000000 1264.000000 104.000000) (-48.000000 1264.000000 112.000000) 
4 60 61 (-48.000000 1264.000000 104.000000) (-128.000000 1264.000000 104.000000) (-128.000000 1916.000000 104.000000) (-48.000000 1916.000000 104.000000) 
4 61 103 (-144.000000 1264.000000 -128.000000) (-144.000000 1264.000000 -192.000000) (-48.000000 1264.000000 -192.000000) (-48.000000 1264.000000 -128.000000) 
4 61 94 (-144.000000 1264.000000 104.000000) (-144.000000 1264.000000 -128.000000) (-48.000000 1264.000000 -128.000000) (-48.000000 1264.000000 104.000000) 
4 61 68 (-48.000000 1488.000000 -192.000000) (-48.000000 1328.000000 -192.000000) (-144.000000 1328.000000 -192.000000) (-144.000000 1488.000000 -192.000000) 
4 61 62 (-144.000000 1916.000000 -192.000000) (-144.000000 1264.000000 -192.000000) (-144.000000 1264.000000 104.000000) (-144.000000 1916.000000 104.000000) 
4 62 103 (-528.000000 1264.000000 -128.000000) (-528.000000 1264.000000 -192.000000) (-144.000000 1264.000000 -192.000000) (-144.000000 1264.000000 -128.000000) 
5 62 95 (-144.000000 1264.000000 128.000000) (-483.200000 1264.000000 128.000000) (-528.000000 1264.000000 16.000000) (-528.000000 1264.000000 -128.000000) (-144.000000 1264.000000 -128.000000) 
4 62 70 (-528.000000 1916.000000 -192.000000) (-176.000000 1916.000000 -192.000000) (-176.000000 1776.000000 -192.000000) (-528.000000 1776.000000 -192.000000) 
6 62 68 (-144.000000 1488.000000 -192.000000) (-144.000000 1328.000000 -192.000000) (-296.000000 1328.000000 -192.000000) (-304.000000 1336.000000 -192.000000) (-304.000000 1480.000000 -192.000000) (-296.000000 1488.000000 -192.000000) 
4 62 66 (-528.000000 1916.000000 -192.000000) (-528.000000 1728.000000 -192.000000) (-528.000000 1728.000000 16.000000) (-528.000000 1916.000000 16.000000) 
4 62 67 (-528.000000 1664.000000 -192.000000) (-528.000000 1264.000000 -192.000000) (-528.000000 1264.000000 16.000000) (-528.000000 1664.000000 16.000000) 
4 62 64 (-496.000000 1916.000000 96.000000) (-528.000000 1916.000000 16.000000) (-528.000000 1728.000000 16.000000) (-496.000000 1728.000000 96.000000) 
4 62 65 (-528.000000 1664.000000 16.000000) (-528.000000 1264.000000 16.000000) (-496.000000 1264.000000 96.000000) (-496.000000 1664.000000 96.000000) 
4 62 63 (-483.200000 1916.000000 128.000000) (-496.000000 1916.000000 96.000000) (-496.000000 1264.000000 96.000000) (-483.200000 1264.000000 128.000000) 
3 63 95 (-483.200000 1264.000000 128.000000) (-496.000000 1264.000000 128.000000) (-496.000000 1264.000000 96.000000) 
4 63 64 (-496.000000 1916.000000 96.000000) (-496.000000 1728.000000 96.000000) (-496.000000 1728.000000 128.000000) (-496.000000 1916.000000 128.000000) 
4 63 65 (-496.000000 1664.000000 96.000000) (-496.000000 1264.000000 96.000000) (-496.000000 1264.000000 128.000000) (-496.000000 1664.000000 128.000000) 
4 64 66 (-528.000000 1728.000000 128.000000) (-528.000000 1916.000000 128.000000) (-528.000000 1916.000000 16.000000) (-528.000000 1728.000000 16.000000) 
4 65 95 (-496.000000 1264.000000 128.000000) (-528.000000 1264.000000 128.000000) (-528.000000 1264.000000 16.000000) (-496.000000 1264.000000 96.000000) 
4 65 67 (-528.000000 1264.000000 16.000000) (-528.000000 1264.000000 128.000000) (-528.000000 1664.000000 128.000000) (-528.000000 1664.000000 16.000000) 
4 66 70 (-560.000000 1776.000000 -192.000000) (-560.000000 1916.000000 -192.000000) (-528.000000 1916.000000 -192.000000) (-528.000000 1776.000000 -192.000000) 
4 67 103 (-560.000000 1264.000000 -128.000000) (-560.000000 1264.000000 -192.000000) (-528.000000 1264.000000 -192.000000) (-528.000000 1264.000000 -128.000000) 
4 67 95 (-528.000000 1264.000000 128.000000) (-560.000000 1264.000000 128.000000) (-560.000000 1264.000000 -128.000000) (-528.000000 1264.000000 -128.000000) 
6 68 69 (80.000000 1488.000000 -200.000000) (80.000000 1328.000000 -200.000000) (-296.000000 1328.000000 -200.000000) (-304.000000 1336.000000 -200.000000) (-304.000000 1480.000000 -200.000000) (-296.000000 1488.000000 -200.000000) 
4 71 73 (976.000000 76.000000 -256.000000) (976.000000 132.000000 -256.000000) (976.000000 132.000000 -300.000000) (976.000000 76.000000 -300.000000) 
4 72 73 (976.000000 12.000000 -256.000000) (976.000000 68.000000 -256.000000) (976.000000 68.000000 -300.000000) (976.000000 12.000000 -300.000000) 
4 73 90 (832.000000 -32.000000 -384.000000) (832.000000 -32.000000 -240.000000) (832.000000 208.000000 -240.000000) (832.000000 208.000000 -384.000000) 
4 74 171 (832.000000 -1408.000000 -384.000000) (832.000000 -1408.000000 -328.000000) (832.000000 -864.000000 -328.000000) (832.000000 -864.000000 -384.000000) 
4 74 152 (832.000000 -1256.000000 -146.000000) (832.000000 -1016.000000 -146.000000) (832.000000 -1016.000000 -328.000000) (832.000000 -1256.000000 -328.000000) 
4 74 145 (832.000000 -952.000000 -146.000000) (832.000000 -864.000000 -146.000000) (832.000000 -864.000000 -328.000000) (832.000000 -952.000000 -328.000000) 
4 74 159 (832.000000 -1408.000000 -328.000000) (832.000000 -1408.000000 -146.000000) (832.000000 -1320.000000 -146.000000) (832.000000 -1320.000000 -328.000000) 
4 74 137 (832.000000 -1408.000000 -146.000000) (832.000000 -1408.000000 -144.000000) (832.000000 -1320.000000 -144.000000) (832.000000 -1320.000000 -146.000000) 
4 74 132 (832.000000 -1256.000000 -144.000000) (832.000000 -1016.000000 -144.000000) (832.000000 -1016.000000 -146.000000) (832.000000 -1256.000000 -146.000000) 
4 74 127 (832.000000 -952.000000 -144.000000) (832.000000 -864.000000 -144.000000) (832.000000 -864.000000 -146.000000) (832.000000 -952.000000 -146.000000) 
4 74 126 (832.000000 -1408.000000 -144.000000) (832.000000 -1408.000000 -64.000000) (832.000000 -864.000000 -64.000000) (832.000000 -864.000000 -144.000000) 
4 75 79 (268.000000 1024.000000 128.000000) (268.000000 960.000000 128.000000) (204.000000 960.000000 128.000000) (204.000000 1024.000000 128.000000) 
4 76 94 (-32.000000 1264.000000 104.000000) (-32.000000 1264.000000 -128.000000) (-32.000000 1152.000000 -128.000000) (-32.000000 1152.000000 104.000000) 
4 76 84 (-32.000000 1152.000000 -128.000000) (-32.000000 1264.000000 -128.000000) (352.000000 1264.000000 -128.000000) (352.000000 1152.000000 -128.000000) 
4 76 82 (352.000000 1264.000000 -128.000000) (384.000000 1264.000000 -128.000000) (384.000000 1152.000000 -128.000000) (352.000000 1152.000000 -128.000000) 
5 76 78 (-32.000000 1152.000000 128.000000) (-32.000000 1152.000000 -128.000000) (352.000000 1152.000000 -128.000000) (352.000000 1152.000000 16.000000) (307.200000 1152.000000 128.000000) 
3 76 77 (320.000000 1152.000000 128.000000) (307.200000 1152.000000 128.000000) (320.000000 1152.000000 96.000000) 
4 77 78 (320.000000 1088.000000 96.000000) (307.200000 1088.000000 128.000000) (307.200000 1152.000000 128.000000) (320.000000 1152.000000 96.000000) 
3 77 79 (320.000000 1088.000000 128.000000) (307.200000 1088.000000 128.000000) (320.000000 1088.000000 96.000000) 
4 78 94 (-32.000000 1152.000000 -128.000000) (-32.000000 1088.000000 -128.000000) (-32.000000 1088.000000 104.000000) (-32.000000 1152.000000 104.000000) 
4 78 84 (-32.000000 1088.000000 -128.000000) (-32.000000 1152.000000 -128.000000) (352.000000 1152.000000 -128.000000) (352.000000 1088.000000 -128.000000) 
5 78 79 (-32.000000 1088.000000 -128.000000) (352.000000 1088.000000 -128.000000) (352.000000 1088.000000 16.000000) (307.200000 1088.000000 128.000000) (-32.000000 1088.000000 128.000000) 
4 79 94 (-32.000000 1088.000000 -128.000000) (-32.000000 912.000000 -128.000000) (-32.000000 912.000000 104.000000) (-32.000000 1088.000000 104.000000) 
4 79 84 (-32.000000 896.000000 -128.000000) (-32.000000 1088.000000 -128.000000) (352.000000 1088.000000 -128.000000) (352.000000 896.000000 -128.000000) 
4 79 83 (352.000000 1088.000000 -128.000000) (384.000000 1088.000000 -128.000000) (384.000000 896.000000 -128.000000) (352.000000 896.000000 -128.000000) 
4 79 80 (-32.000000 896.000000 -56.000000) (-32.000000 896.000000 -72.000000) (352.000000 896.000000 -72.000000) (352.000000 896.000000 -56.000000) 
4 79 81 (-32.000000 896.000000 -72.000000) (-32.000000 896.000000 -128.000000) (352.000000 896.000000 -128.000000) (352.000000 896.000000 -72.000000) 
4 80 81 (-32.000000 880.000000 -72.000000) (-32.000000 896.000000 -72.000000) (352.000000 896.000000 -72.000000) (352.000000 880.000000 -72.000000) 
4 81 84 (-32.000000 880.000000 -128.000000) (-32.000000 896.000000 -128.000000) (352.000000 896.000000 -128.000000) (352.000000 880.000000 -128.000000) 
4 82 84 (352.000000 1264.000000 -128.000000) (352.000000 1264.000000 -192.000000) (352.000000 1152.000000 -192.000000) (352.000000 1152.000000 -128.000000) 
3 83 85 (352.000000 944.000000 -192.000000) (352.000000 896.000000 -192.000000) (352.000000 896.000000 -144.000000) 
5 83 84 (352.000000 1088.000000 -192.000000) (352.000000 944.000000 -192.000000) (352.000000 896.000000 -144.000000) (352.000000 896.000000 -128.000000) (352.000000 1088.000000 -128.000000) 
5 84 104 (-32.000000 1152.000000 -192.000000) (-32.000000 944.000000 -192.000000) (-32.000000 912.000000 -160.000000) (-32.000000 912.000000 -128.000000) (-32.000000 1152.000000 -128.000000) 
4 84 103 (-32.000000 1264.000000 -128.000000) (-32.000000 1264.000000 -192.000000) (-32.000000 1152.000000 -192.000000) (-32.000000 1152.000000 -128.000000) 
4 84 85 (-32.000000 896.000000 -144.000000) (-32.000000 944.000000 -192.000000) (352.000000 944.000000 -192.000000) (352.000000 896.000000 -144.000000) 
3 85 104 (-32.000000 944.000000 -192.000000) (-32.000000 912.000000 -192.000000) (-32.000000 912.000000 -160.000000) 
4 86 87 (736.000000 224.000000 -256.000000) (592.000000 224.000000 -256.000000) (592.000000 224.000000 -352.000000) (736.000000 224.000000 -352.000000) 
4 87 88 (596.000000 220.000000 -260.000000) (596.000000 220.000000 -348.000000) (732.000000 220.000000 -348.000000) (732.000000 220.000000 -260.000000) 
4 88 89 (596.000000 212.000000 -260.000000) (596.000000 212.000000 -348.000000) (732.000000 212.000000 -348.000000) (732.000000 212.000000 -260.000000) 
4 89 90 (736.000000 208.000000 -256.000000) (592.000000 208.000000 -256.000000) (592.000000 208.000000 -352.000000) (736.000000 208.000000 -352.000000) 
4 90 91 (560.000000 -32.000000 -384.000000) (768.000000 -32.000000 -384.000000) (768.000000 -32.000000 -240.000000) (560.000000 -32.000000 -240.000000) 
4 91 110 (768.000000 -128.000000 -240.000000) (560.000000 -128.000000 -240.000000) (560.000000 -128.000000 -256.000000) (768.000000 -128.000000 -256.000000) 
4 91 113 (560.000000 -128.000000 -256.000000) (560.000000 -128.000000 -384.000000) (768.000000 -128.000000 -384.000000) (768.000000 -128.000000 -256.000000) 
4 92 98 (-372.000000 960.000000 128.000000) (-436.000000 960.000000 128.000000) (-436.000000 1024.000000 128.000000) (-372.000000 1024.000000 128.000000) 
4 93 94 (-128.000000 1264.000000 104.000000) (-48.000000 1264.000000 104.000000) (-48.000000 912.000000 104.000000) (-128.000000 912.000000 104.000000) 
4 94 104 (-32.000000 1152.000000 -128.000000) (-32.000000 912.000000 -128.000000) (-144.000000 912.000000 -128.000000) (-144.000000 1152.000000 -128.000000) 
4 94 103 (-32.000000 1264.000000 -128.000000) (-32.000000 1152.000000 -128.000000) (-144.000000 1152.000000 -128.000000) (-144.000000 1264.000000 -128.000000) 
4 94 96 (-144.000000 1152.000000 -128.000000) (-144.000000 1088.000000 -128.000000) (-144.000000 1088.000000 104.000000) (-144.000000 1152.000000 104.000000) 
4 94 98 (-144.000000 1088.000000 -128.000000) (-144.000000 912.000000 -128.000000) (-144.000000 912.000000 104.000000) (-144.000000 1088.000000 104.000000) 
4 94 95 (-144.000000 1264.000000 104.000000) (-144.000000 1264.000000 -128.000000) (-144.000000 1152.000000 -128.000000) (-144.000000 1152.000000 104.000000) 
4 95 103 (-560.000000 1152.000000 -128.000000) (-560.000000 1264.000000 -128.000000) (-144.000000 1264.000000 -128.000000) (-144.000000 1152.000000 -128.000000) 
3 95 97 (-483.200000 1152.000000 128.000000) (-496.000000 1152.000000 128.000000) (-496.000000 1152.000000 96.000000) 
5 95 96 (-528.000000 1152.000000 -128.000000) (-144.000000 1152.000000 -128.000000) (-144.000000 1152.000000 128.000000) (-483.200000 1152.000000 128.000000) (-528.000000 1152.000000 16.000000) 
4 96 104 (-528.000000 1152.000000 -128.000000) (-144.000000 1152.000000 -128.000000) (-144.000000 1088.000000 -128.000000) (-528.000000 1088.000000 -128.000000) 
4 96 97 (-496.000000 1088.000000 96.000000) (-483.200000 1088.000000 128.000000) (-483.200000 1152.000000 128.000000) (-496.000000 1152.000000 96.000000) 
5 96 98 (-528.000000 1088.000000 -128.000000) (-144.000000 1088.000000 -128.000000) (-144.000000 1088.000000 128.000000) (-483.200000 1088.000000 128.000000) (-528.000000 1088.000000 16.000000) 
3 97 98 (-483.200000 1088.000000 128.000000) (-496.000000 1088.000000 128.000000) (-496.000000 1088.000000 96.000000) 
4 98 106 (-144.000000 896.000000 -128.000000) (-560.000000 896.000000 -128.000000) (-560.000000 912.000000 -128.000000) (-144.000000 912.000000 -128.000000) 
4 98 105 (-560.000000 912.000000 -128.000000) (-560.000000 1088.000000 -128.000000) (-528.000000 1088.000000 -128.000000) (-528.000000 912.000000 -128.000000) 
4 98 104 (-528.000000 1088.000000 -128.000000) (-144.000000 1088.000000 -128.000000) (-144.000000 912.000000 -128.000000) (-528.000000 912.000000 -128.000000) 
4 98 100 (-528.000000 896.000000 -128.000000) (-144.000000 896.000000 -128.000000) (-144.000000 896.000000 -72.000000) (-528.000000 896.000000 -72.000000) 
4 98 99 (-144.000000 896.000000 -72.000000) (-144.000000 896.000000 -56.000000) (-528.000000 896.000000 -56.000000) (-528.000000 896.000000 -72.000000) 
4 99 100 (-528.000000 896.000000 -72.000000) (-144.000000 896.000000 -72.000000) (-144.000000 880.000000 -72.000000) (-528.000000 880.000000 -72.000000) 
4 100 107 (-528.000000 880.000000 -128.000000) (-528.000000 896.000000 -128.000000) (-144.000000 896.000000 -128.000000) (-144.000000 880.000000 -128.000000) 
4 101 108 (-720.000000 160.000000 -128.000000) (-720.000000 280.000000 -128.000000) (-312.000000 280.000000 -128.000000) (-312.000000 160.000000 -128.000000) 
4 101 102 (-720.000000 160.000000 -128.000000) (-608.000000 160.000000 -128.000000) (-624.000000 160.000000 -112.000000) (-704.000000 160.000000 -112.000000) 
4 102 192 (-700.000000 -128.000000 -128.000000) (-608.000000 -128.000000 -128.000000) (-624.000000 -128.000000 -112.000000) (-700.000000 -128.000000 -112.000000) 
4 102 200 (-720.000000 -128.000000 -128.000000) (-700.000000 -128.000000 -128.000000) (-700.000000 -128.000000 -112.000000) (-704.000000 -128.000000 -112.000000) 
4 102 109 (-608.000000 -128.000000 -128.000000) (-720.000000 -128.000000 -128.000000) (-720.000000 160.000000 -128.000000) (-608.000000 160.000000 -128.000000) 
4 103 104 (-528.000000 1152.000000 -192.000000) (-32.000000 1152.000000 -192.000000) (-32.000000 1152.000000 -128.000000) (-528.000000 1152.000000 -128.000000) 
4 104 106 (-528.000000 912.000000 -192.000000) (-144.000000 912.000000 -192.000000) (-144.000000 912.000000 -128.000000) (-528.000000 912.000000 -128.000000) 
4 104 105 (-528.000000 1088.000000 -192.000000) (-528.000000 912.000000 -192.000000) (-528.000000 912.000000 -128.000000) (-528.000000 1088.000000 -128.000000) 
4 105 106 (-560.000000 912.000000 -128.000000) (-560.000000 912.000000 -192.000000) (-528.000000 912.000000 -192.000000) (-528.000000 912.000000 -128.000000) 
4 106 107 (-144.000000 896.000000 -128.000000) (-528.000000 896.000000 -128.000000) (-528.000000 896.000000 -144.000000) (-144.000000 896.000000 -144.000000) 
6 108 109 (-720.000000 160.000000 -128.000000) (-724.000000 160.000000 -132.000000) (-724.000000 160.000000 -240.000000) (-604.000000 160.000000 -240.000000) (-604.000000 160.000000 -132.000000) (-608.000000 160.000000 -128.000000) 
5 109 192 (-608.000000 -128.000000 -128.000000) (-700.000000 -128.000000 -128.000000) (-700.000000 -128.000000 -240.000000) (-604.000000 -128.000000 -240.000000) (-604.000000 -128.000000 -132.000000) 
5 109 200 (-700.000000 -128.000000 -128.000000) (-720.000000 -128.000000 -128.000000) (-724.000000 -128.000000 -132.000000) (-724.000000 -128.000000 -240.000000) (-700.000000 -128.000000 -240.000000) 
4 110 113 (560.000000 -128.000000 -256.000000) (768.000000 -128.000000 -256.000000) (768.000000 -160.000000 -256.000000) (560.000000 -160.000000 -256.000000) 
4 111 113 (768.000000 -192.000000 -256.000000) (768.000000 -400.000000 -256.000000) (560.000000 -400.000000 -256.000000) (560.000000 -192.000000 -256.000000) 
4 112 142 (560.000000 -780.000000 -240.000000) (560.000000 -780.000000 -256.000000) (768.000000 -780.000000 -256.000000) (768.000000 -780.000000 -240.000000) 
4 112 113 (768.000000 -432.000000 -256.000000) (768.000000 -780.000000 -256.000000) (560.000000 -780.000000 -256.000000) (560.000000 -432.000000 -256.000000) 
4 113 142 (560.000000 -780.000000 -256.000000) (560.000000 -780.000000 -384.000000) (768.000000 -780.000000 -384.000000) (768.000000 -780.000000 -256.000000) 
4 113 116 (560.000000 -192.000000 -384.000000) (560.000000 -400.000000 -384.000000) (560.000000 -400.000000 -256.000000) (560.000000 -192.000000 -256.000000) 
4 114 116 (288.000000 -192.000000 -256.000000) (528.000000 -192.000000 -256.000000) (528.000000 -400.000000 -256.000000) (288.000000 -400.000000 -256.000000) 
4 115 188 (48.000000 -400.000000 -256.000000) (48.000000 -400.000000 -240.000000) (48.000000 -192.000000 -240.000000) (48.000000 -192.000000 -256.000000) 
4 115 116 (48.000000 -400.000000 -256.000000) (48.000000 -192.000000 -256.000000) (256.000000 -192.000000 -256.000000) (256.000000 -400.000000 -256.000000) 
4 116 190 (48.000000 -192.000000 -384.000000) (48.000000 -400.000000 -384.000000) (48.000000 -400.000000 -256.000000) (48.000000 -192.000000 -256.000000) 
4 117 125 (416.000000 -640.000000 -272.000000) (416.000000 -708.000000 -272.000000) (416.000000 -708.000000 -264.000000) (416.000000 -640.000000 -264.000000) 
4 117 120 (416.000000 -512.000000 -264.000000) (416.000000 -512.000000 -272.000000) (416.000000 -640.000000 -272.000000) (416.000000 -640.000000 -264.000000) 
4 117 118 (424.000000 -512.000000 -256.000000) (416.000000 -512.000000 -264.000000) (416.000000 -708.000000 -264.000000) (424.000000 -708.000000 -256.000000) 
4 117 119 (416.000000 -512.000000 -272.000000) (432.000000 -512.000000 -272.000000) (432.000000 -708.000000 -272.000000) (416.000000 -708.000000 -272.000000) 
3 118 144 (424.000000 -780.000000 -256.000000) (416.000000 -780.000000 -256.000000) (416.000000 -780.000000 -264.000000) 
4 118 125 (416.000000 -640.000000 -264.000000) (416.000000 -780.000000 -264.000000) (416.000000 -780.000000 -256.000000) (416.000000 -640.000000 -256.000000) 
4 118 120 (416.000000 -512.000000 -256.000000) (416.000000 -512.000000 -264.000000) (416.000000 -640.000000 -264.000000) (416.000000 -640.000000 -256.000000) 
4 119 144 (416.000000 -780.000000 -384.000000) (432.000000 -780.000000 -384.000000) (432.000000 -780.000000 -272.000000) (416.000000 -780.000000 -272.000000) 
4 119 125 (416.000000 -640.000000 -384.000000) (416.000000 -780.000000 -384.000000) (416.000000 -780.000000 -272.000000) (416.000000 -640.000000 -272.000000) 
4 119 120 (416.000000 -512.000000 -272.000000) (416.000000 -512.000000 -384.000000) (416.000000 -640.000000 -384.000000) (416.000000 -640.000000 -272.000000) 
4 120 125 (416.000000 -640.000000 -384.000000) (416.000000 -640.000000 -256.000000) (304.000000 -640.000000 -256.000000) (304.000000 -640.000000 -384.000000) 
3 120 121 (252.000000 -528.000000 -272.000000) (252.000000 -536.000000 -272.000000) (252.000000 -528.000000 -264.000000) 
4 120 122 (252.000000 -536.000000 -272.000000) (252.000000 -640.000000 -272.000000) (252.000000 -640.000000 -256.000000) (252.000000 -520.000000 -256.000000) 
4 120 123 (252.000000 -512.000000 -272.000000) (252.000000 -512.000000 -384.000000) (252.000000 -640.000000 -384.000000) (252.000000 -640.000000 -272.000000) 
4 121 122 (180.000000 -528.000000 -264.000000) (180.000000 -536.000000 -272.000000) (252.000000 -536.000000 -272.000000) (252.000000 -528.000000 -264.000000) 
3 121 124 (180.000000 -528.000000 -272.000000) (180.000000 -536.000000 -272.000000) (180.000000 -528.000000 -264.000000) 
4 121 123 (180.000000 -536.000000 -272.000000) (180.000000 -528.000000 -272.000000) (252.000000 -528.000000 -272.000000) (252.000000 -536.000000 -272.000000) 
4 122 123 (252.000000 -640.000000 -272.000000) (180.000000 -640.000000 -272.000000) (180.000000 -536.000000 -272.000000) (252.000000 -536.000000 -272.000000) 
4 122 124 (180.000000 -536.000000 -272.000000) (180.000000 -640.000000 -272.000000) (180.000000 -640.000000 -256.000000) (180.000000 -520.000000 -256.000000) 
4 123 124 (180.000000 -512.000000 -272.000000) (180.000000 -512.000000 -384.000000) (180.000000 -640.000000 -384.000000) (180.000000 -640.000000 -272.000000) 
4 125 144 (304.000000 -780.000000 -384.000000) (416.000000 -780.000000 -384.000000) (416.000000 -780.000000 -256.000000) (304.000000 -780.000000 -256.000000) 
4 126 139 (560.000000 -1168.000000 -112.000000) (560.000000 -1104.000000 -112.000000) (560.000000 -1088.000000 -144.000000) (560.000000 -1184.000000 -144.000000) 
4 126 136 (808.000000 -1320.000000 -144.000000) (808.000000 -1312.000000 -144.000000) (816.000000 -1312.000000 -144.000000) (816.000000 -1320.000000 -144.000000) 
4 126 137 (832.000000 -1408.000000 -144.000000) (808.000000 -1408.000000 -144.000000) (808.000000 -1320.000000 -144.000000) (832.000000 -1320.000000 -144.000000) 
4 126 134 (808.000000 -1264.000000 -144.000000) (808.000000 -1256.000000 -144.000000) (816.000000 -1256.000000 -144.000000) (816.000000 -1264.000000 -144.000000) 
4 126 131 (808.000000 -1016.000000 -144.000000) (808.000000 -1008.000000 -144.000000) (816.000000 -1008.000000 -144.000000) (816.000000 -1016.000000 -144.000000) 
4 126 132 (808.000000 -1256.000000 -144.000000) (808.000000 -1016.000000 -144.000000) (832.000000 -1016.000000 -144.000000) (832.000000 -1256.000000 -144.000000) 
4 126 129 (808.000000 -960.000000 -144.000000) (808.000000 -864.000000 -144.000000) (816.000000 -864.000000 -144.000000) (816.000000 -960.000000 -144.000000) 
4 126 127 (816.000000 -864.000000 -144.000000) (832.000000 -864.000000 -144.000000) (832.000000 -952.000000 -144.000000) (816.000000 -952.000000 -144.000000) 
4 126 138 (808.000000 -1408.000000 -144.000000) (560.000000 -1408.000000 -144.000000) (560.000000 -864.000000 -144.000000) (808.000000 -864.000000 -144.000000) 
4 127 145 (816.000000 -864.000000 -146.000000) (832.000000 -864.000000 -146.000000) (832.000000 -952.000000 -146.000000) (816.000000 -952.000000 -146.000000) 
4 127 129 (816.000000 -864.000000 -146.000000) (816.000000 -952.000000 -146.000000) (816.000000 -952.000000 -144.000000) (816.000000 -864.000000 -144.000000) 
4 128 146 (832.000000 -952.000000 -146.000000) (832.000000 -1010.000000 -146.000000) (816.000000 -1010.000000 -146.000000) (816.000000 -952.000000 -146.000000) 
4 128 130 (816.000000 -1010.000000 -146.000000) (832.000000 -1010.000000 -146.000000) (832.000000 -1008.000000 -144.000000) (816.000000 -1008.000000 -144.000000) 
4 129 147 (816.000000 -952.000000 -146.000000) (816.000000 -958.000000 -146.000000) (808.000000 -958.000000 -146.000000) (808.000000 -952.000000 -146.000000) 
4 129 145 (808.000000 -864.000000 -146.000000) (816.000000 -864.000000 -146.000000) (816.000000 -952.000000 -146.000000) (808.000000 -952.000000 -146.000000) 
4 129 138 (808.000000 -864.000000 -146.000000) (808.000000 -958.000000 -146.000000) (808.000000 -960.000000 -144.000000) (808.000000 -864.000000 -144.000000) 
4 130 146 (832.000000 -1010.000000 -146.000000) (832.000000 -1016.000000 -146.000000) (816.000000 -1016.000000 -146.000000) (816.000000 -1010.000000 -146.000000) 
4 131 151 (816.000000 -1016.000000 -146.000000) (808.000000 -1016.000000 -146.000000) (808.000000 -1010.000000 -146.000000) (816.000000 -1010.000000 -146.000000) 
4 131 132 (808.000000 -1016.000000 -144.000000) (808.000000 -1016.000000 -146.000000) (816.000000 -1016.000000 -146.000000) (816.000000 -1016.000000 -144.000000) 
4 131 138 (808.000000 -1010.000000 -146.000000) (808.000000 -1016.000000 -146.000000) (808.000000 -1016.000000 -144.000000) (808.000000 -1008.000000 -144.000000) 
4 132 152 (832.000000 -1016.000000 -146.000000) (832.000000 -1256.000000 -146.000000) (808.000000 -1256.000000 -146.000000) (808.000000 -1016.000000 -146.000000) 
4 132 134 (808.000000 -1256.000000 -144.000000) (808.000000 -1256.000000 -146.000000) (816.000000 -1256.000000 -146.000000) (816.000000 -1256.000000 -144.000000) 
4 132 138 (808.000000 -1016.000000 -146.000000) (808.000000 -1256.000000 -146.000000) (808.000000 -1256.000000 -144.000000) (808.000000 -1016.000000 -144.000000) 
4 133 153 (832.000000 -1256.000000 -146.000000) (832.000000 -1314.000000 -146.000000) (816.000000 -1314.000000 -146.000000) (816.000000 -1256.000000 -146.000000) 
4 133 135 (816.000000 -1314.000000 -146.000000) (832.000000 -1314.000000 -146.000000) (832.000000 -1312.000000 -144.000000) (816.000000 -1312.000000 -144.000000) 
4 134 155 (808.000000 -1262.000000 -146.000000) (808.000000 -1256.000000 -146.000000) (816.000000 -1256.000000 -146.000000) (816.000000 -1262.000000 -146.000000) 
4 134 138 (808.000000 -1256.000000 -146.000000) (808.000000 -1262.000000 -146.000000) (808.000000 -1264.000000 -144.000000) (808.000000 -1256.000000 -144.000000) 
4 135 153 (832.000000 -1314.000000 -146.000000) (832.000000 -1320.000000 -146.000000) (816.000000 -1320.000000 -146.000000) (816.000000 -1314.000000 -146.000000) 
4 136 157 (816.000000 -1320.000000 -146.000000) (808.000000 -1320.000000 -146.000000) (808.000000 -1314.000000 -146.000000) (816.000000 -1314.000000 -146.000000) 
4 136 137 (808.000000 -1320.000000 -144.000000) (808.000000 -1320.000000 -146.000000) (816.000000 -1320.000000 -146.000000) (816.000000 -1320.000000 -144.000000) 
4 136 138 (808.000000 -1314.000000 -146.000000) (808.000000 -1320.000000 -146.000000) (808.000000 -1320.000000 -144.000000) (808.000000 -1312.000000 -144.000000) 
4 137 159 (832.000000 -1320.000000 -146.000000) (832.000000 -1408.000000 -146.000000) (808.000000 -1408.000000 -146.000000) (808.000000 -1320.000000 -146.000000) 
4 137 138 (808.000000 -1320.000000 -146.000000) (808.000000 -1408.000000 -146.000000) (808.000000 -1408.000000 -144.000000) (808.000000 -1320.000000 -144.000000) 
4 138 165 (560.000000 -864.000000 -146.000000) (808.000000 -864.000000 -146.000000) (808.000000 -1408.000000 -146.000000) (560.000000 -1408.000000 -146.000000) 
4 138 140 (560.000000 -926.000000 -146.000000) (560.000000 -1346.000000 -146.000000) (560.000000 -1344.000000 -144.000000) (560.000000 -928.000000 -144.000000) 
4 139 140 (560.000000 -1088.000000 -144.000000) (560.000000 -1184.000000 -144.000000) (528.000000 -1184.000000 -144.000000) (528.000000 -1088.000000 -144.000000) 
4 139 141 (528.000000 -1168.000000 -112.000000) (528.000000 -1104.000000 -112.000000) (528.000000 -1088.000000 -144.000000) (528.000000 -1184.000000 -144.000000) 
4 140 174 (560.000000 -926.000000 -146.000000) (560.000000 -1346.000000 -146.000000) (528.000000 -1346.000000 -146.000000) (528.000000 -926.000000 -146.000000) 
4 140 141 (528.000000 -926.000000 -146.000000) (528.000000 -1346.000000 -146.000000) (528.000000 -1344.000000 -144.000000) (528.000000 -928.000000 -144.000000) 
4 141 208 (48.000000 -864.000000 -112.000000) (48.000000 -864.000000 -146.000000) (48.000000 -1408.000000 -146.000000) (48.000000 -1408.000000 -112.000000) 
4 141 176 (528.000000 -1376.000000 -146.000000) (528.000000 -1408.000000 -146.000000) (256.000000 -1408.000000 -146.000000) (256.000000 -1376.000000 -146.000000) 
4 141 175 (528.000000 -1346.000000 -146.000000) (528.000000 -1376.000000 -146.000000) (256.000000 -1376.000000 -146.000000) (256.000000 -1346.000000 -146.000000) 
4 141 174 (528.000000 -926.000000 -146.000000) (528.000000 -1346.000000 -146.000000) (256.000000 -1346.000000 -146.000000) (256.000000 -926.000000 -146.000000) 
4 141 172 (256.000000 -864.000000 -146.000000) (528.000000 -864.000000 -146.000000) (528.000000 -926.000000 -146.000000) (256.000000 -926.000000 -146.000000) 
4 141 177 (48.000000 -1408.000000 -146.000000) (48.000000 -864.000000 -146.000000) (256.000000 -864.000000 -146.000000) (256.000000 -1408.000000 -146.000000) 
4 142 143 (668.000000 -848.000000 -384.000000) (748.000000 -848.000000 -384.000000) (748.000000 -848.000000 -256.000000) (668.000000 -848.000000 -256.000000) 
4 143 171 (668.000000 -864.000000 -328.000000) (668.000000 -864.000000 -384.000000) (748.000000 -864.000000 -384.000000) (748.000000 -864.000000 -328.000000) 
4 143 164 (748.000000 -864.000000 -256.000000) (668.000000 -864.000000 -256.000000) (668.000000 -864.000000 -328.000000) (748.000000 -864.000000 -328.000000) 
4 144 173 (304.000000 -864.000000 -384.000000) (432.000000 -864.000000 -384.000000) (432.000000 -864.000000 -256.000000) (304.000000 -864.000000 -256.000000) 
4 145 171 (808.000000 -952.000000 -328.000000) (808.000000 -864.000000 -328.000000) (832.000000 -864.000000 -328.000000) (832.000000 -952.000000 -328.000000) 
5 145 165 (808.000000 -952.000000 -146.000000) (808.000000 -864.000000 -146.000000) (808.000000 -864.000000 -222.000000) (808.000000 -866.000000 -224.000000) (808.000000 -952.000000 -224.000000) 
3 145 170 (808.000000 -866.000000 -224.000000) (808.000000 -952.000000 -310.000000) (808.000000 -952.000000 -224.000000) 
4 145 161 (808.000000 -864.000000 -230.000000) (808.000000 -864.000000 -242.000000) (808.000000 -884.000000 -242.000000) (808.000000 -872.000000 -230.000000) 
3 145 160 (808.000000 -864.000000 -222.000000) (808.000000 -864.000000 -230.000000) (808.000000 -872.000000 -230.000000) 
5 145 164 (808.000000 -864.000000 -242.000000) (808.000000 -864.000000 -328.000000) (808.000000 -952.000000 -328.000000) (808.000000 -952.000000 -310.000000) (808.000000 -884.000000 -242.000000) 
4 145 148 (808.000000 -952.000000 -328.000000) (816.000000 -952.000000 -328.000000) (816.000000 -952.000000 -320.000000) (808.000000 -952.000000 -320.000000) 
4 145 147 (816.000000 -952.000000 -152.000000) (816.000000 -952.000000 -146.000000) (808.000000 -952.000000 -146.000000) (808.000000 -952.000000 -152.000000) 
3 147 165 (808.000000 -958.000000 -146.000000) (808.000000 -952.000000 -146.000000) (808.000000 -952.000000 -152.000000) 
4 148 171 (808.000000 -960.000000 -328.000000) (808.000000 -952.000000 -328.000000) (816.000000 -952.000000 -328.000000) (816.000000 -960.000000 -328.000000) 
3 148 164 (808.000000 -952.000000 -320.000000) (808.000000 -952.000000 -328.000000) (808.000000 -960.000000 -328.000000) 
6 149 165 (808.000000 -1008.000000 -146.000000) (808.000000 -960.000000 -146.000000) (808.000000 -954.000000 -152.000000) (808.000000 -954.000000 -224.000000) (808.000000 -1014.000000 -224.000000) (808.000000 -1014.000000 -152.000000) 
6 149 170 (808.000000 -954.000000 -224.000000) (808.000000 -954.000000 -312.000000) (808.000000 -968.000000 -326.000000) (808.000000 -1008.000000 -326.000000) (808.000000 -1014.000000 -320.000000) (808.000000 -1014.000000 -224.000000) 
4 149 164 (808.000000 -954.000000 -312.000000) (808.000000 -954.000000 -320.000000) (808.000000 -960.000000 -326.000000) (808.000000 -968.000000 -326.000000) 
4 150 171 (808.000000 -1016.000000 -328.000000) (808.000000 -1008.000000 -328.000000) (816.000000 -1008.000000 -328.000000) (816.000000 -1016.000000 -328.000000) 
3 150 170 (808.000000 -1008.000000 -328.000000) (808.000000 -1016.000000 -328.000000) (808.000000 -1016.000000 -320.000000) 
4 150 152 (808.000000 -1016.000000 -320.000000) (808.000000 -1016.000000 -328.000000) (816.000000 -1016.000000 -328.000000) (816.000000 -1016.000000 -320.000000) 
3 151 165 (808.000000 -1016.000000 -146.000000) (808.000000 -1010.000000 -146.000000) (808.000000 -1016.000000 -152.000000) 
4 151 152 (808.000000 -1016.000000 -146.000000) (808.000000 -1016.000000 -152.000000) (816.000000 -1016.000000 -152.000000) (816.000000 -1016.000000 -146.000000) 
4 152 171 (808.000000 -1256.000000 -328.000000) (808.000000 -1016.000000 -328.000000) (832.000000 -1016.000000 -328.000000) (832.000000 -1256.000000 -328.000000) 
4 152 165 (808.000000 -1256.000000 -146.000000) (808.000000 -1016.000000 -146.000000) (808.000000 -1016.000000 -224.000000) (808.000000 -1256.000000 -224.000000) 
4 152 170 (808.000000 -1016.000000 -224.000000) (808.000000 -1016.000000 -328.000000) (808.000000 -1256.000000 -328.000000) (808.000000 -1256.000000 -224.000000) 
4 152 155 (808.000000 -1256.000000 -146.000000) (808.000000 -1256.000000 -152.000000) (816.000000 -1256.000000 -152.000000) (816.000000 -1256.000000 -146.000000) 
4 152 154 (808.000000 -1256.000000 -320.000000) (808.000000 -1256.000000 -328.000000) (816.000000 -1256.000000 -328.000000) (816.000000 -1256.000000 -320.000000) 
4 154 171 (808.000000 -1264.000000 -328.000000) (808.000000 -1256.000000 -328.000000) (816.000000 -1256.000000 -328.000000) (816.000000 -1264.000000 -328.000000) 
3 154 170 (808.000000 -1256.000000 -320.000000) (808.000000 -1256.000000 -328.000000) (808.000000 -1264.000000 -328.000000) 
3 155 165 (808.000000 -1262.000000 -146.000000) (808.000000 -1256.000000 -146.000000) (808.000000 -1256.000000 -152.000000) 
6 156 165 (808.000000 -1312.000000 -146.000000) (808.000000 -1264.000000 -146.000000) (808.000000 -1258.000000 -152.000000) (808.000000 -1258.000000 -224.000000) (808.000000 -1318.000000 -224.000000) (808.000000 -1318.000000 -152.000000) 
6 156 170 (808.000000 -1258.000000 -224.000000) (808.000000 -1258.000000 -320.000000) (808.000000 -1264.000000 -326.000000) (808.000000 -1312.000000 -326.000000) (808.000000 -1318.000000 -320.000000) (808.000000 -1318.000000 -224.000000) 
3 157 165 (808.000000 -1320.000000 -146.000000) (808.000000 -1314.000000 -146.000000) (808.000000 -1320.000000 -152.000000) 
4 157 159 (816.000000 -1320.000000 -152.000000) (816.000000 -1320.000000 -146.000000) (808.000000 -1320.000000 -146.000000) (808.000000 -1320.000000 -152.000000) 
4 158 171 (808.000000 -1320.000000 -328.000000) (808.000000 -1312.000000 -328.000000) (816.000000 -1312.000000 -328.000000) (816.000000 -1320.000000 -328.000000) 
3 158 170 (808.000000 -1312.000000 -328.000000) (808.000000 -1320.000000 -328.000000) (808.000000 -1320.000000 -320.000000) 
4 158 159 (808.000000 -1320.000000 -328.000000) (816.000000 -1320.000000 -328.000000) (816.000000 -1320.000000 -320.000000) (808.000000 -1320.000000 -320.000000) 
4 159 171 (832.000000 -1408.000000 -328.000000) (808.000000 -1408.000000 -328.000000) (808.000000 -1320.000000 -328.000000) (832.000000 -1320.000000 -328.000000) 
4 159 167 (808.000000 -1408.000000 -224.000000) (808.000000 -1408.000000 -208.000000) (808.000000 -1400.000000 -208.000000) (808.000000 -1384.000000 -224.000000) 
3 159 166 (808.000000 -1408.000000 -208.000000) (808.000000 -1408.000000 -200.000000) (808.000000 -1400.000000 -208.000000) 
5 159 165 (808.000000 -1408.000000 -200.000000) (808.000000 -1408.000000 -146.000000) (808.000000 -1320.000000 -146.000000) (808.000000 -1320.000000 -224.000000) (808.000000 -1384.000000 -224.000000) 
4 159 170 (808.000000 -1408.000000 -328.000000) (808.000000 -1408.000000 -224.000000) (808.000000 -1320.000000 -224.000000) (808.000000 -1320.000000 -328.000000) 
4 160 165 (808.000000 -866.000000 -224.000000) (808.000000 -864.000000 -222.000000) (560.000000 -864.000000 -222.000000) (560.000000 -866.000000 -224.000000) 
4 160 170 (808.000000 -872.000000 -230.000000) (808.000000 -866.000000 -224.000000) (560.000000 -866.000000 -224.000000) (560.000000 -872.000000 -230.000000) 
4 160 162 (702.000000 -872.000000 -230.000000) (560.000000 -872.000000 -230.000000) (560.000000 -864.000000 -230.000000) (702.000000 -864.000000 -230.000000) 
4 160 161 (808.000000 -872.000000 -230.000000) (714.000000 -872.000000 -230.000000) (714.000000 -864.000000 -230.000000) (808.000000 -864.000000 -230.000000) 
4 161 170 (808.000000 -884.000000 -242.000000) (808.000000 -872.000000 -230.000000) (714.000000 -872.000000 -230.000000) (714.000000 -884.000000 -242.000000) 
3 161 163 (714.000000 -876.000000 -242.000000) (714.000000 -884.000000 -242.000000) (714.000000 -876.000000 -234.000000) 
4 161 164 (714.000000 -864.000000 -242.000000) (808.000000 -864.000000 -242.000000) (808.000000 -884.000000 -242.000000) (714.000000 -884.000000 -242.000000) 
4 162 170 (702.000000 -872.000000 -230.000000) (560.000000 -872.000000 -230.000000) (560.000000 -876.000000 -234.000000) (702.000000 -876.000000 -234.000000) 
4 162 163 (702.000000 -876.000000 -234.000000) (560.000000 -876.000000 -234.000000) (560.000000 -876.000000 -242.000000) (702.000000 -876.000000 -242.000000) 
4 162 164 (560.000000 -876.000000 -242.000000) (560.000000 -864.000000 -242.000000) (702.000000 -864.000000 -242.000000) (702.000000 -876.000000 -242.000000) 
4 163 170 (560.000000 -876.000000 -234.000000) (560.000000 -884.000000 -242.000000) (714.000000 -884.000000 -242.000000) (714.000000 -876.000000 -234.000000) 
4 163 164 (560.000000 -884.000000 -242.000000) (560.000000 -876.000000 -242.000000) (714.000000 -876.000000 -242.000000) (714.000000 -884.000000 -242.000000) 
3 164 174 (560.000000 -896.000000 -328.000000) (560.000000 -970.000000 -328.000000) (560.000000 -896.000000 -254.000000) 
4 164 171 (560.000000 -970.000000 -328.000000) (560.000000 -864.000000 -328.000000) (808.000000 -864.000000 -328.000000) (808.000000 -970.000000 -328.000000) 
4 164 170 (560.000000 -970.000000 -328.000000) (808.000000 -970.000000 -328.000000) (808.000000 -884.000000 -242.000000) (560.000000 -884.000000 -242.000000) 
6 165 174 (560.000000 -1346.000000 -146.000000) (560.000000 -926.000000 -146.000000) (560.000000 -896.000000 -176.000000) (560.000000 -896.000000 -224.000000) (560.000000 -1376.000000 -224.000000) (560.000000 -1376.000000 -176.000000) 
4 165 168 (676.000000 -1392.000000 -216.000000) (676.000000 -1384.000000 -224.000000) (748.000000 -1384.000000 -224.000000) (748.000000 -1392.000000 -216.000000) 
4 165 167 (808.000000 -1384.000000 -224.000000) (808.000000 -1400.000000 -208.000000) (748.000000 -1400.000000 -208.000000) (748.000000 -1384.000000 -224.000000) 
4 165 169 (676.000000 -1400.000000 -208.000000) (560.000000 -1400.000000 -208.000000) (560.000000 -1384.000000 -224.000000) (676.000000 -1384.000000 -224.000000) 
4 165 166 (808.000000 -1400.000000 -208.000000) (808.000000 -1408.000000 -200.000000) (560.000000 -1408.000000 -200.000000) (560.000000 -1400.000000 -208.000000) 
4 165 170 (560.000000 -1384.000000 -224.000000) (560.000000 -866.000000 -224.000000) (808.000000 -866.000000 -224.000000) (808.000000 -1384.000000 -224.000000) 
4 166 167 (808.000000 -1408.000000 -208.000000) (748.000000 -1408.000000 -208.000000) (748.000000 -1400.000000 -208.000000) (808.000000 -1400.000000 -208.000000) 
4 166 169 (676.000000 -1408.000000 -208.000000) (560.000000 -1408.000000 -208.000000) (560.000000 -1400.000000 -208.000000) (676.000000 -1400.000000 -208.000000) 
3 167 168 (748.000000 -1384.000000 -224.000000) (748.000000 -1392.000000 -224.000000) (748.000000 -1392.000000 -216.000000) 
4 167 170 (808.000000 -1408.000000 -224.000000) (748.000000 -1408.000000 -224.000000) (748.000000 -1384.000000 -224.000000) (808.000000 -1384.000000 -224.000000) 
4 168 170 (676.000000 -1392.000000 -224.000000) (676.000000 -1384.000000 -224.000000) (748.000000 -1384.000000 -224.000000) (748.000000 -1392.000000 -224.000000) 
3 168 169 (676.000000 -1392.000000 -216.000000) (676.000000 -1384.000000 -224.000000) (676.000000 -1392.000000 -224.000000) 
4 169 170 (676.000000 -1408.000000 -224.000000) (560.000000 -1408.000000 -224.000000) (560.000000 -1384.000000 -224.000000) (676.000000 -1384.000000 -224.000000) 
5 170 174 (560.000000 -1376.000000 -224.000000) (560.000000 -896.000000 -224.000000) (560.000000 -896.000000 -254.000000) (560.000000 -970.000000 -328.000000) (560.000000 -1376.000000 -328.000000) 
4 170 171 (808.000000 -1408.000000 -328.000000) (560.000000 -1408.000000 -328.000000) (560.000000 -970.000000 -328.000000) (808.000000 -970.000000 -328.000000) 
4 171 174 (560.000000 -1376.000000 -328.000000) (560.000000 -896.000000 -328.000000) (560.000000 -896.000000 -384.000000) (560.000000 -1376.000000 -384.000000) 
4 172 173 (256.000000 -896.000000 -176.000000) (256.000000 -864.000000 -208.000000) (528.000000 -864.000000 -208.000000) (528.000000 -896.000000 -176.000000) 
4 172 174 (256.000000 -926.000000 -146.000000) (256.000000 -896.000000 -176.000000) (528.000000 -896.000000 -176.000000) (528.000000 -926.000000 -146.000000) 
3 172 177 (256.000000 -864.000000 -146.000000) (256.000000 -864.000000 -208.000000) (256.000000 -926.000000 -146.000000) 
4 173 174 (256.000000 -896.000000 -384.000000) (528.000000 -896.000000 -384.000000) (528.000000 -896.000000 -176.000000) (256.000000 -896.000000 -176.000000) 
4 173 177 (256.000000 -864.000000 -208.000000) (256.000000 -864.000000 -384.000000) (256.000000 -896.000000 -384.000000) (256.000000 -896.000000 -176.000000) 
4 174 176 (256.000000 -1376.000000 -384.000000) (528.000000 -1376.000000 -384.000000) (528.000000 -1376.000000 -176.000000) (256.000000 -1376.000000 -176.000000) 
4 174 175 (256.000000 -1346.000000 -146.000000) (256.000000 -1376.000000 -176.000000) (528.000000 -1376.000000 -176.000000) (528.000000 -1346.000000 -146.000000) 
6 174 177 (256.000000 -896.000000 -384.000000) (256.000000 -1376.000000 -384.000000) (256.000000 -1376.000000 -176.000000) (256.000000 -1346.000000 -146.000000) (256.000000 -926.000000 -146.000000) (256.000000 -896.000000 -176.000000) 
4 175 176 (528.000000 -1376.000000 -146.000000) (256.000000 -1376.000000 -146.000000) (256.000000 -1376.000000 -176.000000) (528.000000 -1376.000000 -176.000000) 
3 175 177 (256.000000 -1376.000000 -176.000000) (256.000000 -1376.000000 -146.000000) (256.000000 -1346.000000 -146.000000) 
4 176 187 (288.000000 -1408.000000 -294.000000) (288.000000 -1408.000000 -384.000000) (528.000000 -1408.000000 -384.000000) (528.000000 -1408.000000 -294.000000) 
4 176 182 (288.000000 -1408.000000 -270.000000) (288.000000 -1408.000000 -294.000000) (528.000000 -1408.000000 -294.000000) (528.000000 -1408.000000 -270.000000) 
4 176 181 (288.000000 -1408.000000 -256.000000) (288.000000 -1408.000000 -270.000000) (528.000000 -1408.000000 -270.000000) (528.000000 -1408.000000 -256.000000) 
4 176 177 (256.000000 -1376.000000 -384.000000) (256.000000 -1408.000000 -384.000000) (256.000000 -1408.000000 -146.000000) (256.000000 -1376.000000 -146.000000) 
4 177 208 (48.000000 -1408.000000 -496.000000) (48.000000 -1408.000000 -146.000000) (48.000000 -864.000000 -146.000000) (48.000000 -864.000000 -496.000000) 
4 177 180 (64.000000 -1256.000000 -496.000000) (64.000000 -1208.000000 -496.000000) (112.000000 -1208.000000 -496.000000) (112.000000 -1256.000000 -496.000000) 
4 177 179 (64.000000 -1160.000000 -496.000000) (64.000000 -1112.000000 -496.000000) (112.000000 -1112.000000 -496.000000) (112.000000 -1160.000000 -496.000000) 
4 177 178 (64.000000 -1064.000000 -496.000000) (64.000000 -1016.000000 -496.000000) (112.000000 -1016.000000 -496.000000) (112.000000 -1064.000000 -496.000000) 
4 181 186 (370.000000 -1440.000000 -270.000000) (288.000000 -1440.000000 -270.000000) (288.000000 -1432.000000 -270.000000) (370.000000 -1432.000000 -270.000000) 
4 181 185 (442.000000 -1440.000000 -270.000000) (382.000000 -1440.000000 -270.000000) (382.000000 -1432.000000 -270.000000) (442.000000 -1432.000000 -270.000000) 
4 181 184 (528.000000 -1432.000000 -270.000000) (528.000000 -1440.000000 -270.000000) (454.000000 -1440.000000 -270.000000) (454.000000 -1432.000000 -270.000000) 
4 181 182 (288.000000 -1408.000000 -270.000000) (528.000000 -1408.000000 -270.000000) (528.000000 -1432.000000 -270.000000) (288.000000 -1432.000000 -270.000000) 
4 182 186 (370.000000 -1432.000000 -270.000000) (288.000000 -1432.000000 -270.000000) (288.000000 -1428.000000 -274.000000) (370.000000 -1428.000000 -274.000000) 
4 182 185 (442.000000 -1432.000000 -270.000000) (382.000000 -1432.000000 -270.000000) (382.000000 -1428.000000 -274.000000) (442.000000 -1428.000000 -274.000000) 
4 182 184 (528.000000 -1432.000000 -270.000000) (454.000000 -1432.000000 -270.000000) (454.000000 -1428.000000 -274.000000) (528.000000 -1428.000000 -274.000000) 
4 182 183 (288.000000 -1428.000000 -274.000000) (288.000000 -1420.000000 -282.000000) (528.000000 -1420.000000 -282.000000) (528.000000 -1428.000000 -274.000000) 
4 182 187 (288.000000 -1420.000000 -282.000000) (288.000000 -1408.000000 -294.000000) (528.000000 -1408.000000 -294.000000) (528.000000 -1420.000000 -282.000000) 
4 183 186 (370.000000 -1428.000000 -274.000000) (288.000000 -1428.000000 -274.000000) (288.000000 -1428.000000 -282.000000) (370.000000 -1428.000000 -282.000000) 
4 183 185 (442.000000 -1428.000000 -274.000000) (382.000000 -1428.000000 -274.000000) (382.000000 -1428.000000 -282.000000) (442.000000 -1428.000000 -282.000000) 
4 183 184 (528.000000 -1428.000000 -282.000000) (528.000000 -1428.000000 -274.000000) (454.000000 -1428.000000 -274.000000) (454.000000 -1428.000000 -282.000000) 
4 183 187 (528.000000 -1420.000000 -282.000000) (528.000000 -1428.000000 -282.000000) (288.000000 -1428.000000 -282.000000) (288.000000 -1420.000000 -282.000000) 
4 184 187 (528.000000 -1428.000000 -282.000000) (528.000000 -1440.000000 -282.000000) (454.000000 -1440.000000 -282.000000) (454.000000 -1428.000000 -282.000000) 
4 185 187 (442.000000 -1440.000000 -282.000000) (382.000000 -1440.000000 -282.000000) (382.000000 -1428.000000 -282.000000) (442.000000 -1428.000000 -282.000000) 
4 186 187 (370.000000 -1440.000000 -282.000000) (288.000000 -1440.000000 -282.000000) (288.000000 -1428.000000 -282.000000) (370.000000 -1428.000000 -282.000000) 
4 188 190 (48.000000 -400.000000 -256.000000) (0.000000 -400.000000 -256.000000) (0.000000 -192.000000 -256.000000) (48.000000 -192.000000 -256.000000) 
4 189 190 (-32.000000 -400.000000 -256.000000) (-272.000000 -400.000000 -256.000000) (-272.000000 -192.000000 -256.000000) (-32.000000 -192.000000 -256.000000) 
4 190 202 (-304.000000 -192.000000 -384.000000) (-304.000000 -400.000000 -384.000000) (-304.000000 -400.000000 -256.000000) (-304.000000 -192.000000 -256.000000) 
4 191 201 (-432.000000 -128.000000 -240.000000) (-304.000000 -128.000000 -240.000000) (-304.000000 -144.000000 -240.000000) (-432.000000 -144.000000 -240.000000) 
4 191 195 (-432.000000 -144.000000 -240.000000) (-304.000000 -144.000000 -240.000000) (-304.000000 -144.000000 -96.000000) (-432.000000 -144.000000 -96.000000) 
4 191 193 (-304.000000 -144.000000 -96.000000) (-304.000000 -144.000000 -32.000000) (-432.000000 -144.000000 -32.000000) (-432.000000 -144.000000 -96.000000) 
4 192 203 (-600.000000 -128.000000 -240.000000) (-496.000000 -128.000000 -240.000000) (-496.000000 -144.000000 -240.000000) (-600.000000 -144.000000 -240.000000) 
4 192 196 (-700.000000 -144.000000 -240.000000) (-628.000000 -144.000000 -240.000000) (-628.000000 -144.000000 -96.000000) (-700.000000 -144.000000 -96.000000) 
4 192 195 (-628.000000 -144.000000 -240.000000) (-496.000000 -144.000000 -240.000000) (-496.000000 -144.000000 -96.000000) (-628.000000 -144.000000 -96.000000) 
4 192 194 (-496.000000 -144.000000 -96.000000) (-496.000000 -144.000000 -32.000000) (-700.000000 -144.000000 -32.000000) (-700.000000 -144.000000 -96.000000) 
4 192 200 (-700.000000 -144.000000 -32.000000) (-700.000000 -128.000000 -32.000000) (-700.000000 -128.000000 -240.000000) (-700.000000 -144.000000 -240.000000) 
4 193 195 (-432.000000 -144.000000 -96.000000) (-304.000000 -144.000000 -96.000000) (-304.000000 -192.000000 -32.000000) (-432.000000 -192.000000 -32.000000) 
4 194 196 (-700.000000 -192.000000 -32.000000) (-700.000000 -144.000000 -96.000000) (-628.000000 -144.000000 -96.000000) (-628.000000 -192.000000 -32.000000) 
4 194 195 (-628.000000 -144.000000 -96.000000) (-496.000000 -144.000000 -96.000000) (-496.000000 -192.000000 -32.000000) (-628.000000 -192.000000 -32.000000) 
3 194 200 (-700.000000 -192.000000 -32.000000) (-700.000000 -144.000000 -32.000000) (-700.000000 -144.000000 -96.000000) 
4 195 206 (-392.000000 -544.000000 -32.000000) (-568.000000 -544.000000 -32.000000) (-568.000000 -544.000000 -240.000000) (-392.000000 -544.000000 -240.000000) 
4 195 203 (-496.000000 -544.000000 -240.000000) (-600.000000 -544.000000 -240.000000) (-600.000000 -144.000000 -240.000000) (-496.000000 -144.000000 -240.000000) 
5 195 202 (-336.000000 -544.000000 -240.000000) (-496.000000 -544.000000 -240.000000) (-496.000000 -144.000000 -240.000000) (-304.000000 -144.000000 -240.000000) (-304.000000 -512.000000 -240.000000) 
3 195 198 (-628.000000 -544.000000 -96.000000) (-628.000000 -544.000000 -88.000000) (-628.000000 -536.000000 -96.000000) 
3 195 197 (-628.000000 -528.000000 -104.000000) (-628.000000 -520.000000 -112.000000) (-628.000000 -528.000000 -112.000000) 
4 195 199 (-628.000000 -392.000000 -240.000000) (-628.000000 -544.000000 -240.000000) (-628.000000 -544.000000 -112.000000) (-628.000000 -520.000000 -112.000000) 
6 195 196 (-628.000000 -192.000000 -32.000000) (-628.000000 -144.000000 -96.000000) (-628.000000 -144.000000 -240.000000) (-628.000000 -392.000000 -240.000000) (-628.000000 -544.000000 -88.000000) (-628.000000 -544.000000 -32.000000) 
4 196 198 (-700.000000 -544.000000 -88.000000) (-700.000000 -536.000000 -96.000000) (-628.000000 -536.000000 -96.000000) (-628.000000 -544.000000 -88.000000) 
4 196 197 (-700.000000 -528.000000 -104.000000) (-700.000000 -520.000000 -112.000000) (-628.000000 -520.000000 -112.000000) (-628.000000 -528.000000 -104.000000) 
4 196 199 (-700.000000 -520.000000 -112.000000) (-700.000000 -392.000000 -240.000000) (-628.000000 -392.000000 -240.000000) (-628.000000 -520.000000 -112.000000) 
6 196 200 (-700.000000 -544.000000 -88.000000) (-700.000000 -544.000000 -32.000000) (-700.000000 -192.000000 -32.000000) (-700.000000 -144.000000 -96.000000) (-700.000000 -144.000000 -240.000000) (-700.000000 -392.000000 -240.000000) 
4 197 199 (-628.000000 -520.000000 -112.000000) (-628.000000 -528.000000 -112.000000) (-700.000000 -528.000000 -112.000000) (-700.000000 -520.000000 -112.000000) 
3 197 200 (-700.000000 -528.000000 -104.000000) (-700.000000 -520.000000 -112.000000) (-700.000000 -528.000000 -112.000000) 
3 198 200 (-700.000000 -544.000000 -96.000000) (-700.000000 -544.000000 -88.000000) (-700.000000 -536.000000 -96.000000) 
4 199 200 (-700.000000 -544.000000 -240.000000) (-700.000000 -544.000000 -112.000000) (-700.000000 -520.000000 -112.000000) (-700.000000 -392.000000 -240.000000) 
3 200 568 (-768.000000 -192.000000 -32.000000) (-768.000000 -144.000000 -32.000000) (-768.000000 -144.000000 -96.000000) 
5 200 569 (-768.000000 -544.000000 -32.000000) (-768.000000 -192.000000 -32.000000) (-768.000000 -144.000000 -96.000000) (-768.000000 -144.000000 -240.000000) (-768.000000 -544.000000 -240.000000) 
4 200 567 (-768.000000 -144.000000 -32.000000) (-768.000000 -128.000000 -32.000000) (-768.000000 -128.000000 -240.000000) (-768.000000 -144.000000 -240.000000) 
4 200 207 (-760.000000 -544.000000 -32.000000) (-768.000000 -544.000000 -32.000000) (-768.000000 -544.000000 -240.000000) (-760.000000 -544.000000 -240.000000) 
4 200 204 (-728.000000 -544.000000 -240.000000) (-768.000000 -544.000000 -240.000000) (-768.000000 -128.000000 -240.000000) (-728.000000 -128.000000 -240.000000) 
4 201 202 (-432.000000 -144.000000 -384.000000) (-304.000000 -144.000000 -384.000000) (-304.000000 -144.000000 -240.000000) (-432.000000 -144.000000 -240.000000) 
4 202 206 (-496.000000 -544.000000 -384.000000) (-392.000000 -544.000000 -384.000000) (-392.000000 -544.000000 -240.000000) (-496.000000 -544.000000 -240.000000) 
4 202 203 (-496.000000 -144.000000 -384.000000) (-496.000000 -544.000000 -384.000000) (-496.000000 -544.000000 -240.000000) (-496.000000 -144.000000 -240.000000) 
4 203 206 (-568.000000 -544.000000 -384.000000) (-496.000000 -544.000000 -384.000000) (-496.000000 -544.000000 -240.000000) (-568.000000 -544.000000 -240.000000) 
4 203 205 (-600.000000 -128.000000 -248.000000) (-600.000000 -128.000000 -384.000000) (-600.000000 -544.000000 -384.000000) (-600.000000 -544.000000 -248.000000) 
4 204 569 (-768.000000 -144.000000 -248.000000) (-768.000000 -544.000000 -248.000000) (-768.000000 -544.000000 -240.000000) (-768.000000 -144.000000 -240.000000) 
4 204 567 (-768.000000 -128.000000 -240.000000) (-768.000000 -128.000000 -248.000000) (-768.000000 -144.000000 -248.000000) (-768.000000 -144.000000 -240.000000) 
4 204 207 (-760.000000 -544.000000 -240.000000) (-768.000000 -544.000000 -240.000000) (-768.000000 -544.000000 -248.000000) (-760.000000 -544.000000 -248.000000) 
4 204 205 (-728.000000 -544.000000 -248.000000) (-768.000000 -544.000000 -248.000000) (-768.000000 -128.000000 -248.000000) (-728.000000 -128.000000 -248.000000) 
4 205 569 (-768.000000 -144.000000 -384.000000) (-768.000000 -544.000000 -384.000000) (-768.000000 -544.000000 -248.000000) (-768.000000 -144.000000 -248.000000) 
4 205 567 (-768.000000 -128.000000 -248.000000) (-768.000000 -128.000000 -384.000000) (-768.000000 -144.000000 -384.000000) (-768.000000 -144.000000 -248.000000) 
4 205 207 (-768.000000 -544.000000 -384.000000) (-760.000000 -544.000000 -384.000000) (-760.000000 -544.000000 -248.000000) (-768.000000 -544.000000 -248.000000) 
4 207 571 (-768.000000 -573.333333 -32.000000) (-768.000000 -544.000000 -32.000000) (-768.000000 -544.000000 -384.000000) (-768.000000 -573.333333 -384.000000) 
4 209 210 (-1136.000000 3856.000000 -272.000000) (-1136.000000 3856.000000 -384.000000) (-1136.000000 3776.000000 -384.000000) (-1136.000000 3776.000000 -272.000000) 
4 210 214 (-1296.000000 3888.000000 -256.000000) (-1296.000000 3888.000000 -384.000000) (-1296.000000 3664.000000 -384.000000) (-1296.000000 3664.000000 -256.000000) 
4 210 212 (-1292.000000 3600.000000 -300.000000) (-1236.000000 3600.000000 -300.000000) (-1236.000000 3600.000000 -256.000000) (-1292.000000 3600.000000 -256.000000) 
4 210 211 (-1228.000000 3600.000000 -300.000000) (-1172.000000 3600.000000 -300.000000) (-1172.000000 3600.000000 -256.000000) (-1228.000000 3600.000000 -256.000000) 
4 213 214 (-1568.000000 3664.000000 -256.000000) (-1568.000000 3888.000000 -256.000000) (-1328.000000 3888.000000 -256.000000) (-1328.000000 3664.000000 -256.000000) 
4 214 244 (-1568.000000 3664.000000 -384.000000) (-1568.000000 3664.000000 -256.000000) (-1568.000000 3888.000000 -256.000000) (-1568.000000 3888.000000 -384.000000) 
5 215 296 (-768.000000 2656.000000 -128.000000) (-768.000000 2656.000000 -48.000000) (-1040.000000 2656.000000 -48.000000) (-1088.000000 2656.000000 -112.000000) (-1088.000000 2656.000000 -128.000000) 
4 215 225 (-768.000000 3248.000000 -128.000000) (-768.000000 2656.000000 -128.000000) (-1088.000000 2656.000000 -128.000000) (-1088.000000 3248.000000 -128.000000) 
4 216 225 (-780.000000 3248.000000 -172.000000) (-768.000000 3248.000000 -172.000000) (-768.000000 3248.000000 -128.000000) (-780.000000 3248.000000 -128.000000) 
4 217 225 (-908.000000 3248.000000 -172.000000) (-796.000000 3248.000000 -172.000000) (-796.000000 3248.000000 -128.000000) (-908.000000 3248.000000 -128.000000) 
4 218 225 (-1036.000000 3248.000000 -172.000000) (-924.000000 3248.000000 -172.000000) (-924.000000 3248.000000 -128.000000) (-1036.000000 3248.000000 -128.000000) 
4 219 225 (-768.000000 3248.000000 -232.000000) (-768.000000 3248.000000 -208.000000) (-944.000000 3248.000000 -208.000000) (-944.000000 3248.000000 -232.000000) 
4 219 224 (-944.000000 3248.000000 -232.000000) (-944.000000 3248.000000 -208.000000) (-944.000000 3264.000000 -208.000000) (-944.000000 3264.000000 -232.000000) 
4 219 223 (-912.000000 3248.000000 -232.000000) (-944.000000 3248.000000 -232.000000) (-944.000000 3288.000000 -232.000000) (-912.000000 3288.000000 -232.000000) 
4 219 220 (-768.000000 3288.000000 -232.000000) (-768.000000 3248.000000 -232.000000) (-912.000000 3248.000000 -232.000000) (-912.000000 3288.000000 -232.000000) 
4 220 231 (-768.000000 3248.000000 -248.000000) (-768.000000 3248.000000 -240.000000) (-912.842105 3248.000000 -240.000000) (-913.684211 3248.000000 -248.000000) 
4 220 225 (-768.000000 3248.000000 -240.000000) (-768.000000 3248.000000 -232.000000) (-912.000000 3248.000000 -232.000000) (-912.842105 3248.000000 -240.000000) 
4 220 223 (-913.684211 3248.000000 -248.000000) (-912.000000 3248.000000 -232.000000) (-912.000000 3288.000000 -232.000000) (-913.684211 3288.000000 -248.000000) 
4 220 222 (-904.000000 3248.000000 -248.000000) (-913.684211 3248.000000 -248.000000) (-913.684211 3328.000000 -248.000000) (-904.000000 3328.000000 -248.000000) 
4 220 221 (-768.000000 3328.000000 -248.000000) (-768.000000 3248.000000 -248.000000) (-904.000000 3248.000000 -248.000000) (-904.000000 3328.000000 -248.000000) 
4 221 231 (-768.000000 3248.000000 -256.000000) (-768.000000 3248.000000 -248.000000) (-904.000000 3248.000000 -248.000000) (-904.000000 3248.000000 -256.000000) 
4 221 232 (-904.000000 3248.000000 -384.000000) (-768.000000 3248.000000 -384.000000) (-768.000000 3248.000000 -256.000000) (-904.000000 3248.000000 -256.000000) 
4 221 222 (-904.000000 3248.000000 -384.000000) (-904.000000 3248.000000 -248.000000) (-904.000000 3328.000000 -248.000000) (-904.000000 3328.000000 -384.000000) 
4 222 231 (-904.000000 3248.000000 -256.000000) (-904.000000 3248.000000 -248.000000) (-913.684211 3248.000000 -248.000000) (-914.526316 3248.000000 -256.000000) 
4 222 232 (-928.000000 3248.000000 -384.000000) (-904.000000 3248.000000 -384.000000) (-904.000000 3248.000000 -256.000000) (-914.526316 3248.000000 -256.000000) 
4 222 223 (-928.000000 3248.000000 -384.000000) (-913.684211 3248.000000 -248.000000) (-913.684211 3288.000000 -248.000000) (-928.000000 3288.000000 -384.000000) 
4 223 231 (-914.526316 3248.000000 -256.000000) (-912.842105 3248.000000 -240.000000) (-944.000000 3248.000000 -240.000000) (-944.000000 3248.000000 -256.000000) 
4 223 232 (-944.000000 3248.000000 -384.000000) (-928.000000 3248.000000 -384.000000) (-914.526316 3248.000000 -256.000000) (-944.000000 3248.000000 -256.000000) 
4 223 225 (-912.842105 3248.000000 -240.000000) (-912.000000 3248.000000 -232.000000) (-944.000000 3248.000000 -232.000000) (-944.000000 3248.000000 -240.000000) 
4 223 224 (-944.000000 3248.000000 -384.000000) (-944.000000 3248.000000 -232.000000) (-944.000000 3264.000000 -232.000000) (-944.000000 3264.000000 -384.000000) 
4 224 231 (-944.000000 3248.000000 -256.000000) (-944.000000 3248.000000 -240.000000) (-960.000000 3248.000000 -240.000000) (-960.000000 3248.000000 -256.000000) 
4 224 232 (-960.000000 3248.000000 -384.000000) (-944.000000 3248.000000 -384.000000) (-944.000000 3248.000000 -256.000000) (-960.000000 3248.000000 -256.000000) 
4 224 225 (-944.000000 3248.000000 -240.000000) (-944.000000 3248.000000 -208.000000) (-960.000000 3248.000000 -208.000000) (-960.000000 3248.000000 -240.000000) 
4 225 297 (-768.000000 2656.000000 -240.000000) (-768.000000 2656.000000 -128.000000) (-944.000000 2656.000000 -128.000000) (-944.000000 2656.000000 -240.000000) 
5 225 299 (-944.000000 2656.000000 -128.000000) (-1088.000000 2656.000000 -128.000000) (-1088.000000 2656.000000 -184.000000) (-1032.000000 2656.000000 -240.000000) (-944.000000 2656.000000 -240.000000) 
4 225 235 (-944.000000 2656.000000 -240.000000) (-1032.000000 2656.000000 -240.000000) (-1032.000000 3072.000000 -240.000000) (-944.000000 3072.000000 -240.000000) 
4 225 233 (-768.000000 3072.000000 -240.000000) (-768.000000 2656.000000 -240.000000) (-944.000000 2656.000000 -240.000000) (-944.000000 3072.000000 -240.000000) 
4 225 231 (-1032.000000 3248.000000 -240.000000) (-768.000000 3248.000000 -240.000000) (-768.000000 3072.000000 -240.000000) (-1032.000000 3072.000000 -240.000000) 
4 225 230 (-1072.000000 2656.000000 -200.000000) (-1080.000000 2656.000000 -192.000000) (-1080.000000 2760.000000 -192.000000) (-1072.000000 2760.000000 -200.000000) 
4 225 228 (-1032.000000 2824.000000 -240.000000) (-1032.000000 2656.000000 -240.000000) (-1072.000000 2656.000000 -200.000000) (-1072.000000 2824.000000 -200.000000) 
4 225 227 (-1032.000000 3248.000000 -240.000000) (-1032.000000 2824.000000 -240.000000) (-1080.000000 2824.000000 -192.000000) (-1080.000000 3248.000000 -192.000000) 
4 225 226 (-1080.000000 2656.000000 -192.000000) (-1088.000000 2656.000000 -184.000000) (-1088.000000 3248.000000 -184.000000) (-1080.000000 3248.000000 -192.000000) 
3 226 299 (-1088.000000 2656.000000 -184.000000) (-1088.000000 2656.000000 -192.000000) (-1080.000000 2656.000000 -192.000000) 
4 226 230 (-1080.000000 2656.000000 -192.000000) (-1088.000000 2656.000000 -192.000000) (-1088.000000 2760.000000 -192.000000) (-1080.000000 2760.000000 -192.000000) 
4 226 227 (-1088.000000 2824.000000 -192.000000) (-1088.000000 3248.000000 -192.000000) (-1080.000000 3248.000000 -192.000000) (-1080.000000 2824.000000 -192.000000) 
3 227 236 (-1072.000000 3072.000000 -240.000000) (-1056.000000 3072.000000 -240.000000) (-1072.000000 3056.000000 -240.000000) 
5 227 235 (-1032.000000 3072.000000 -240.000000) (-1032.000000 2824.000000 -240.000000) (-1088.000000 2824.000000 -240.000000) (-1088.000000 3040.000000 -240.000000) (-1056.000000 3072.000000 -240.000000) 
4 227 231 (-1072.000000 3248.000000 -240.000000) (-1032.000000 3248.000000 -240.000000) (-1032.000000 3072.000000 -240.000000) (-1072.000000 3072.000000 -240.000000) 
4 227 229 (-1088.000000 2824.000000 -240.000000) (-1072.000000 2824.000000 -240.000000) (-1072.000000 2824.000000 -208.000000) (-1088.000000 2824.000000 -208.000000) 
3 227 228 (-1072.000000 2824.000000 -240.000000) (-1032.000000 2824.000000 -240.000000) (-1072.000000 2824.000000 -200.000000) 
3 228 299 (-1072.000000 2656.000000 -240.000000) (-1032.000000 2656.000000 -240.000000) (-1072.000000 2656.000000 -200.000000) 
4 228 235 (-1032.000000 2824.000000 -240.000000) (-1032.000000 2656.000000 -240.000000) (-1072.000000 2656.000000 -240.000000) (-1072.000000 2824.000000 -240.000000) 
4 228 229 (-1072.000000 2824.000000 -240.000000) (-1072.000000 2760.000000 -240.000000) (-1072.000000 2760.000000 -208.000000) (-1072.000000 2824.000000 -208.000000) 
4 228 230 (-1072.000000 2760.000000 -240.000000) (-1072.000000 2656.000000 -240.000000) (-1072.000000 2656.000000 -200.000000) (-1072.000000 2760.000000 -200.000000) 
4 229 235 (-1088.000000 2760.000000 -240.000000) (-1088.000000 2824.000000 -240.000000) (-1072.000000 2824.000000 -240.000000) (-1072.000000 2760.000000 -240.000000) 
4 229 230 (-1088.000000 2760.000000 -240.000000) (-1072.000000 2760.000000 -240.000000) (-1072.000000 2760.000000 -208.000000) (-1088.000000 2760.000000 -208.000000) 
5 230 299 (-1088.000000 2656.000000 -192.000000) (-1088.000000 2656.000000 -240.000000) (-1072.000000 2656.000000 -240.000000) (-1072.000000 2656.000000 -200.000000) (-1080.000000 2656.000000 -192.000000) 
4 230 235 (-1072.000000 2656.000000 -240.000000) (-1088.000000 2656.000000 -240.000000) (-1088.000000 2760.000000 -240.000000) (-1072.000000 2760.000000 -240.000000) 
4 231 236 (-1056.000000 3072.000000 -240.000000) (-1072.000000 3072.000000 -240.000000) (-1072.000000 3072.000000 -256.000000) (-1056.000000 3072.000000 -256.000000) 
4 231 235 (-944.000000 3072.000000 -240.000000) (-1056.000000 3072.000000 -240.000000) (-1056.000000 3072.000000 -256.000000) (-944.000000 3072.000000 -256.000000) 
4 231 233 (-768.000000 3072.000000 -240.000000) (-944.000000 3072.000000 -240.000000) (-944.000000 3072.000000 -256.000000) (-768.000000 3072.000000 -256.000000) 
4 231 232 (-1072.000000 3248.000000 -256.000000) (-768.000000 3248.000000 -256.000000) (-768.000000 3072.000000 -256.000000) (-1072.000000 3072.000000 -256.000000) 
4 232 237 (-1104.000000 3248.000000 -256.000000) (-1104.000000 3248.000000 -384.000000) (-1104.000000 3072.000000 -384.000000) (-1104.000000 3072.000000 -256.000000) 
4 232 236 (-1072.000000 3072.000000 -384.000000) (-1056.000000 3072.000000 -384.000000) (-1056.000000 3072.000000 -256.000000) (-1072.000000 3072.000000 -256.000000) 
4 232 235 (-1056.000000 3072.000000 -384.000000) (-944.000000 3072.000000 -384.000000) (-944.000000 3072.000000 -256.000000) (-1056.000000 3072.000000 -256.000000) 
4 232 233 (-944.000000 3072.000000 -384.000000) (-768.000000 3072.000000 -384.000000) (-768.000000 3072.000000 -256.000000) (-944.000000 3072.000000 -256.000000) 
4 233 297 (-768.000000 2656.000000 -267.636364) (-768.000000 2656.000000 -240.000000) (-944.000000 2656.000000 -240.000000) (-944.000000 2656.000000 -267.636364) 
5 233 235 (-944.000000 3072.000000 -384.000000) (-944.000000 2976.000000 -384.000000) (-944.000000 2656.000000 -267.636364) (-944.000000 2656.000000 -240.000000) (-944.000000 3072.000000 -240.000000) 
4 234 298 (-768.000000 2656.000000 -384.000000) (-768.000000 2656.000000 -275.294118) (-944.000000 2656.000000 -275.294118) (-944.000000 2656.000000 -384.000000) 
3 234 235 (-944.000000 2964.000000 -384.000000) (-944.000000 2656.000000 -384.000000) (-944.000000 2656.000000 -275.294118) 
4 235 299 (-944.000000 2656.000000 -240.000000) (-1088.000000 2656.000000 -240.000000) (-1088.000000 2656.000000 -384.000000) (-944.000000 2656.000000 -384.000000) 
4 235 236 (-1056.000000 3072.000000 -240.000000) (-1056.000000 3072.000000 -384.000000) (-1072.000000 3056.000000 -384.000000) (-1072.000000 3056.000000 -240.000000) 
4 237 238 (-1296.000000 3072.000000 -384.000000) (-1104.000000 3072.000000 -384.000000) (-1104.000000 3072.000000 -256.000000) (-1296.000000 3072.000000 -256.000000) 
4 238 239 (-1296.000000 3056.000000 -384.000000) (-1104.000000 3056.000000 -384.000000) (-1104.000000 3056.000000 -256.000000) (-1296.000000 3056.000000 -256.000000) 
4 239 269 (-1568.000000 2864.000000 -240.000000) (-1568.000000 3056.000000 -240.000000) (-1568.000000 3056.000000 -384.000000) (-1568.000000 2864.000000 -384.000000) 
4 239 240 (-1552.000000 3056.000000 -384.000000) (-1480.000000 3056.000000 -384.000000) (-1480.000000 2864.000000 -384.000000) (-1552.000000 2864.000000 -384.000000) 
4 239 241 (-1568.000000 2864.000000 -384.000000) (-1568.000000 3056.000000 -384.000000) (-1552.000000 3056.000000 -384.000000) (-1552.000000 2864.000000 -384.000000) 
4 240 241 (-1552.000000 2864.000000 -396.000000) (-1552.000000 2864.000000 -384.000000) (-1552.000000 3056.000000 -384.000000) (-1552.000000 3056.000000 -396.000000) 
4 241 269 (-1568.000000 2864.000000 -384.000000) (-1568.000000 3056.000000 -384.000000) (-1568.000000 3056.000000 -408.000000) (-1568.000000 2864.000000 -408.000000) 
4 242 244 (-1600.000000 3664.000000 -256.000000) (-1840.000000 3664.000000 -256.000000) (-1840.000000 3888.000000 -256.000000) (-1600.000000 3888.000000 -256.000000) 
4 243 244 (-1872.000000 3664.000000 -256.000000) (-2192.000000 3664.000000 -256.000000) (-2192.000000 3888.000000 -256.000000) (-1872.000000 3888.000000 -256.000000) 
4 244 246 (-1872.000000 3664.000000 -256.000000) (-2064.000000 3664.000000 -256.000000) (-2064.000000 3664.000000 -384.000000) (-1872.000000 3664.000000 -384.000000) 
4 245 278 (-1872.000000 3360.000000 -256.000000) (-1872.000000 3360.000000 -240.000000) (-2064.000000 3360.000000 -240.000000) (-2064.000000 3360.000000 -256.000000) 
4 245 246 (-2064.000000 3360.000000 -256.000000) (-2064.000000 3632.000000 -256.000000) (-1872.000000 3632.000000 -256.000000) (-1872.000000 3360.000000 -256.000000) 
4 246 278 (-1872.000000 3360.000000 -384.000000) (-1872.000000 3360.000000 -256.000000) (-2064.000000 3360.000000 -256.000000) (-2064.000000 3360.000000 -384.000000) 
4 246 247 (-2064.000000 3360.000000 -384.000000) (-2064.000000 3448.000000 -384.000000) (-1872.000000 3448.000000 -384.000000) (-1872.000000 3360.000000 -384.000000) 
4 247 278 (-1872.000000 3360.000000 -396.000000) (-1872.000000 3360.000000 -384.000000) (-2064.000000 3360.000000 -384.000000) (-2064.000000 3360.000000 -396.000000) 
4 247 248 (-1872.000000 3360.000000 -396.000000) (-2064.000000 3360.000000 -396.000000) (-2064.000000 3376.000000 -396.000000) (-1872.000000 3376.000000 -396.000000) 
4 248 278 (-1872.000000 3360.000000 -408.000000) (-1872.000000 3360.000000 -396.000000) (-2064.000000 3360.000000 -396.000000) (-2064.000000 3360.000000 -408.000000) 
4 249 254 (-1720.727273 3169.878788 224.000000) (-1744.000000 3150.000000 352.000000) (-2192.000000 3150.000000 352.000000) (-2215.272727 3169.878788 224.000000) 
4 249 251 (-2177.878788 3207.272727 224.000000) (-1997.818182 3207.272727 224.000000) (-1992.000000 3184.000000 224.000000) (-2201.151515 3184.000000 224.000000) 
4 249 252 (-1944.000000 3184.000000 224.000000) (-1947.530303 3169.878788 224.000000) (-2215.272727 3169.878788 224.000000) (-2201.151515 3184.000000 224.000000) 
4 249 250 (-1938.181818 3207.272727 224.000000) (-1758.121212 3207.272727 224.000000) (-1720.727273 3169.878788 224.000000) (-1947.530303 3169.878788 224.000000) 
4 250 254 (-1706.181818 3182.303030 144.000000) (-1720.727273 3169.878788 224.000000) (-1947.530303 3169.878788 224.000000) (-1944.424242 3182.303030 144.000000) 
4 250 252 (-1944.424242 3182.303030 144.000000) (-1947.530303 3169.878788 224.000000) (-1944.000000 3184.000000 224.000000) (-1944.000000 3184.000000 144.000000) 
4 250 253 (-1706.181818 3182.303030 144.000000) (-1944.424242 3182.303030 144.000000) (-1934.545455 3221.818182 144.000000) (-1745.696970 3221.818182 144.000000) 
4 251 252 (-2201.151515 3184.000000 224.000000) (-2228.121212 3184.000000 144.000000) (-1992.000000 3184.000000 144.000000) (-1992.000000 3184.000000 224.000000) 
4 251 253 (-2228.121212 3184.000000 144.000000) (-2190.303030 3221.818182 144.000000) (-2001.454545 3221.818182 144.000000) (-1992.000000 3184.000000 144.000000) 
4 252 254 (-1947.530303 3169.878788 224.000000) (-2215.272727 3169.878788 224.000000) (-2229.818182 3182.303030 144.000000) (-1944.424242 3182.303030 144.000000) 
4 252 253 (-1944.424242 3182.303030 144.000000) (-2229.818182 3182.303030 144.000000) (-2228.121212 3184.000000 144.000000) (-1944.000000 3184.000000 144.000000) 
4 253 288 (-2064.000000 3232.000000 -176.000000) (-2288.000000 3232.000000 -176.000000) (-2240.000000 3280.000000 -176.000000) (-2064.000000 3280.000000 -176.000000) 
4 253 284 (-2064.000000 3264.000000 -176.000000) (-2064.000000 3280.000000 -176.000000) (-1872.000000 3280.000000 -176.000000) (-1872.000000 3264.000000 -176.000000) 
4 253 285 (-1872.000000 3232.000000 -176.000000) (-2064.000000 3232.000000 -176.000000) (-2064.000000 3264.000000 -176.000000) (-1872.000000 3264.000000 -176.000000) 
4 253 268 (-1696.000000 3280.000000 -176.000000) (-1696.000000 3232.000000 -176.000000) (-1872.000000 3232.000000 -176.000000) (-1872.000000 3280.000000 -176.000000) 
3 253 267 (-1696.000000 3280.000000 -176.000000) (-1648.000000 3232.000000 -176.000000) (-1696.000000 3232.000000 -176.000000) 
4 253 258 (-2192.000000 3197.212121 48.000000) (-2247.272727 3197.212121 48.000000) (-2261.818182 3209.636364 -32.000000) (-2192.000000 3209.636364 -32.000000) 
4 253 255 (-1674.181818 3209.636364 -32.000000) (-1688.727273 3197.212121 48.000000) (-2192.000000 3197.212121 48.000000) (-2192.000000 3209.636364 -32.000000) 
4 253 254 (-1688.727273 3197.212121 48.000000) (-1706.181818 3182.303030 144.000000) (-2229.818182 3182.303030 144.000000) (-2247.272727 3197.212121 48.000000) 
4 253 260 (-2288.000000 3232.000000 -176.000000) (-1648.000000 3232.000000 -176.000000) (-1674.181818 3209.636364 -32.000000) (-2261.818182 3209.636364 -32.000000) 
4 254 263 (-1952.500000 2770.000000 352.000000) (-1983.500000 2770.000000 352.000000) (-1991.575758 2737.696970 144.000000) (-1944.424242 2737.696970 144.000000) 
4 254 265 (-1991.575758 2737.696970 144.000000) (-1995.303030 2722.787879 48.000000) (-1940.696970 2722.787879 48.000000) (-1944.424242 2737.696970 144.000000) 
4 254 266 (-1983.500000 2770.000000 352.000000) (-2192.000000 2770.000000 352.000000) (-2247.272727 2722.787879 48.000000) (-1995.303030 2722.787879 48.000000) 
4 254 262 (-1778.000000 2770.000000 352.000000) (-1952.500000 2770.000000 352.000000) (-1940.696970 2722.787879 48.000000) (-1730.787879 2722.787879 48.000000) 
4 254 261 (-1744.000000 2770.000000 352.000000) (-1778.000000 2770.000000 352.000000) (-1730.787879 2722.787879 48.000000) (-1688.727273 2722.787879 48.000000) 
4 254 259 (-2192.000000 2936.000000 48.000000) (-2192.000000 2722.787879 48.000000) (-2247.272727 2722.787879 48.000000) (-2247.272727 2922.181818 48.000000) 
4 254 258 (-2247.272727 3197.212121 48.000000) (-2192.000000 3197.212121 48.000000) (-2192.000000 2984.000000 48.000000) (-2247.272727 2997.818182 48.000000) 
4 254 256 (-1688.727273 2922.181818 48.000000) (-1688.727273 2722.787879 48.000000) (-1744.000000 2722.787879 48.000000) (-1744.000000 2936.000000 48.000000) 
4 254 257 (-1744.000000 2722.787879 48.000000) (-2192.000000 2722.787879 48.000000) (-2192.000000 2872.000000 48.000000) (-1744.000000 2984.000000 48.000000) 
4 254 255 (-2192.000000 3197.212121 48.000000) (-1688.727273 3197.212121 48.000000) (-1688.727273 2997.818182 48.000000) (-2192.000000 2872.000000 48.000000) 
4 255 259 (-2192.000000 2936.000000 -32.000000) (-2192.000000 2872.000000 -32.000000) (-2192.000000 2872.000000 48.000000) (-2192.000000 2936.000000 48.000000) 
4 255 258 (-2192.000000 3209.636364 -32.000000) (-2192.000000 2984.000000 -32.000000) (-2192.000000 2984.000000 48.000000) (-2192.000000 3197.212121 48.000000) 
4 255 257 (-1744.000000 2984.000000 48.000000) (-2192.000000 2872.000000 48.000000) (-2192.000000 2872.000000 -32.000000) (-1744.000000 2984.000000 -32.000000) 
4 255 260 (-2192.000000 2872.000000 -32.000000) (-2192.000000 3209.636364 -32.000000) (-1674.181818 3209.636364 -32.000000) (-1674.181818 3001.454545 -32.000000) 
4 256 262 (-1744.000000 2710.363636 -32.000000) (-1718.363636 2710.363636 -32.000000) (-1730.787879 2722.787879 48.000000) (-1744.000000 2722.787879 48.000000) 
4 256 261 (-1718.363636 2710.363636 -32.000000) (-1674.181818 2710.363636 -32.000000) (-1688.727273 2722.787879 48.000000) (-1730.787879 2722.787879 48.000000) 
4 256 257 (-1744.000000 2936.000000 -32.000000) (-1744.000000 2710.363636 -32.000000) (-1744.000000 2722.787879 48.000000) (-1744.000000 2936.000000 48.000000) 
4 256 260 (-1674.181818 2710.363636 -32.000000) (-1744.000000 2710.363636 -32.000000) (-1744.000000 2936.000000 -32.000000) (-1674.181818 2918.545455 -32.000000) 
4 257 265 (-1998.409091 2710.363636 -32.000000) (-1937.590909 2710.363636 -32.000000) (-1940.696970 2722.787879 48.000000) (-1995.303030 2722.787879 48.000000) 
4 257 266 (-2192.000000 2710.363636 -32.000000) (-1998.409091 2710.363636 -32.000000) (-1995.303030 2722.787879 48.000000) (-2192.000000 2722.787879 48.000000) 
4 257 262 (-1937.590909 2710.363636 -32.000000) (-1744.000000 2710.363636 -32.000000) (-1744.000000 2722.787879 48.000000) (-1940.696970 2722.787879 48.000000) 
4 257 259 (-2192.000000 2872.000000 -32.000000) (-2192.000000 2710.363636 -32.000000) (-2192.000000 2722.787879 48.000000) (-2192.000000 2872.000000 48.000000) 
4 257 260 (-1744.000000 2710.363636 -32.000000) (-2192.000000 2710.363636 -32.000000) (-2192.000000 2872.000000 -32.000000) (-1744.000000 2984.000000 -32.000000) 
4 258 260 (-2261.818182 3001.454545 -32.000000) (-2261.818182 3209.636364 -32.000000) (-2192.000000 3209.636364 -32.000000) (-2192.000000 2984.000000 -32.000000) 
4 259 266 (-2247.272727 2722.787879 48.000000) (-2261.818182 2710.363636 -32.000000) (-2192.000000 2710.363636 -32.000000) (-2192.000000 2722.787879 48.000000) 
4 259 260 (-2192.000000 2710.363636 -32.000000) (-2261.818182 2710.363636 -32.000000) (-2261.818182 2918.545455 -32.000000) (-2192.000000 2936.000000 -32.000000) 
4 260 293 (-2288.000000 2697.000000 -176.000000) (-2288.000000 2786.333333 -176.000000) (-2272.000000 2786.333333 -176.000000) (-2272.000000 2697.000000 -176.000000) 
4 260 294 (-2272.000000 2688.000000 -176.000000) (-2288.000000 2688.000000 -176.000000) (-2288.000000 2697.000000 -176.000000) (-2272.000000 2697.000000 -176.000000) 
4 260 290 (-2064.000000 2786.333333 -176.000000) (-2064.000000 2688.000000 -176.000000) (-2272.000000 2688.000000 -176.000000) (-2272.000000 2786.333333 -176.000000) 
4 260 289 (-2064.000000 3056.000000 -176.000000) (-2064.000000 2786.333333 -176.000000) (-2288.000000 2786.333333 -176.000000) (-2288.000000 3056.000000 -176.000000) 
4 260 288 (-2288.000000 3232.000000 -176.000000) (-2064.000000 3232.000000 -176.000000) (-2064.000000 3056.000000 -176.000000) (-2288.000000 3056.000000 -176.000000) 
4 260 285 (-2064.000000 3232.000000 -176.000000) (-1872.000000 3232.000000 -176.000000) (-1872.000000 2688.000000 -176.000000) (-2064.000000 2688.000000 -176.000000) 
4 260 277 (-1648.000000 2864.000000 -176.000000) (-1648.000000 2688.000000 -176.000000) (-1872.000000 2688.000000 -176.000000) (-1872.000000 2864.000000 -176.000000) 
4 260 276 (-1648.000000 2992.000000 -176.000000) (-1648.000000 2864.000000 -176.000000) (-1872.000000 2864.000000 -176.000000) (-1872.000000 2992.000000 -176.000000) 
4 260 271 (-1648.000000 3056.000000 -176.000000) (-1648.000000 2992.000000 -176.000000) (-1872.000000 2992.000000 -176.000000) (-1872.000000 3056.000000 -176.000000) 
4 260 268 (-1872.000000 3232.000000 -176.000000) (-1696.000000 3232.000000 -176.000000) (-1696.000000 3056.000000 -176.000000) (-1872.000000 3056.000000 -176.000000) 
4 260 267 (-1696.000000 3232.000000 -176.000000) (-1648.000000 3232.000000 -176.000000) (-1648.000000 3056.000000 -176.000000) (-1696.000000 3056.000000 -176.000000) 
4 260 265 (-2004.000000 2688.000000 -176.000000) (-1932.000000 2688.000000 -176.000000) (-1937.590909 2710.363636 -32.000000) (-1998.409091 2710.363636 -32.000000) 
4 260 266 (-2261.818182 2710.363636 -32.000000) (-2288.000000 2688.000000 -176.000000) (-2004.000000 2688.000000 -176.000000) (-1998.409091 2710.363636 -32.000000) 
4 260 262 (-1932.000000 2688.000000 -176.000000) (-1696.000000 2688.000000 -176.000000) (-1718.363636 2710.363636 -32.000000) (-1937.590909 2710.363636 -32.000000) 
4 260 261 (-1696.000000 2688.000000 -176.000000) (-1648.000000 2688.000000 -176.000000) (-1674.181818 2710.363636 -32.000000) (-1718.363636 2710.363636 -32.000000) 
3 261 305 (-1709.666667 2656.000000 -88.000000) (-1696.000000 2656.000000 -176.000000) (-1680.000000 2656.000000 -176.000000) 
4 261 277 (-1680.000000 2656.000000 -176.000000) (-1696.000000 2656.000000 -176.000000) (-1696.000000 2688.000000 -176.000000) (-1648.000000 2688.000000 -176.000000) 
5 261 262 (-1778.000000 2770.000000 352.000000) (-1696.000000 2688.000000 -176.000000) (-1696.000000 2656.000000 -176.000000) (-1709.666667 2656.000000 -88.000000) (-1778.000000 2736.000000 352.000000) 
4 262 305 (-1924.000000 2656.000000 -176.000000) (-1696.000000 2656.000000 -176.000000) (-1709.666667 2656.000000 -88.000000) (-1924.000000 2656.000000 -88.000000) 
4 262 285 (-1872.000000 2656.000000 -176.000000) (-1924.000000 2656.000000 -176.000000) (-1932.000000 2688.000000 -176.000000) (-1872.000000 2688.000000 -176.000000) 
4 262 277 (-1696.000000 2656.000000 -176.000000) (-1872.000000 2656.000000 -176.000000) (-1872.000000 2688.000000 -176.000000) (-1696.000000 2688.000000 -176.000000) 
3 262 264 (-1938.181818 2712.727273 224.000000) (-1944.000000 2736.000000 352.000000) (-1944.000000 2736.000000 224.000000) 
4 262 263 (-1944.000000 2736.000000 352.000000) (-1952.500000 2770.000000 352.000000) (-1944.424242 2737.696970 144.000000) (-1944.000000 2736.000000 144.000000) 
5 262 265 (-1932.000000 2688.000000 -176.000000) (-1924.000000 2656.000000 -176.000000) (-1924.000000 2656.000000 -88.000000) (-1934.545455 2698.181818 144.000000) (-1944.424242 2737.696970 144.000000) 
4 263 264 (-1992.000000 2736.000000 352.000000) (-1992.000000 2736.000000 224.000000) (-1944.000000 2736.000000 224.000000) (-1944.000000 2736.000000 352.000000) 
4 263 265 (-1992.000000 2736.000000 144.000000) (-1991.575758 2737.696970 144.000000) (-1944.424242 2737.696970 144.000000) (-1944.000000 2736.000000 144.000000) 
4 263 266 (-1992.000000 2736.000000 352.000000) (-1983.500000 2770.000000 352.000000) (-1991.575758 2737.696970 144.000000) (-1992.000000 2736.000000 144.000000) 
3 264 266 (-1997.818182 2712.727273 224.000000) (-1992.000000 2736.000000 352.000000) (-1992.000000 2736.000000 224.000000) 
4 265 305 (-2012.000000 2656.000000 -176.000000) (-1924.000000 2656.000000 -176.000000) (-1924.000000 2656.000000 -88.000000) (-2012.000000 2656.000000 -88.000000) 
4 265 285 (-1924.000000 2656.000000 -176.000000) (-2012.000000 2656.000000 -176.000000) (-2004.000000 2688.000000 -176.000000) (-1932.000000 2688.000000 -176.000000) 
5 265 266 (-2004.000000 2688.000000 -176.000000) (-2012.000000 2656.000000 -176.000000) (-2012.000000 2656.000000 -88.000000) (-2001.454545 2698.181818 144.000000) (-1991.575758 2737.696970 144.000000) 
3 266 306 (-2256.000000 2656.000000 -176.000000) (-2240.000000 2656.000000 -176.000000) (-2226.333333 2656.000000 -88.000000) 
4 266 305 (-2240.000000 2656.000000 -176.000000) (-2012.000000 2656.000000 -176.000000) (-2012.000000 2656.000000 -88.000000) (-2226.333333 2656.000000 -88.000000) 
3 266 294 (-2272.000000 2672.000000 -176.000000) (-2288.000000 2688.000000 -176.000000) (-2272.000000 2688.000000 -176.000000) 
5 266 290 (-2064.000000 2656.000000 -176.000000) (-2256.000000 2656.000000 -176.000000) (-2272.000000 2672.000000 -176.000000) (-2272.000000 2688.000000 -176.000000) (-2064.000000 2688.000000 -176.000000) 
4 266 285 (-2012.000000 2656.000000 -176.000000) (-2064.000000 2656.000000 -176.000000) (-2064.000000 2688.000000 -176.000000) (-2004.000000 2688.000000 -176.000000) 
4 267 286 (-1648.000000 3056.000000 -408.000000) (-1696.000000 3056.000000 -408.000000) (-1696.000000 3280.000000 -408.000000) (-1648.000000 3232.000000 -408.000000) 
4 267 271 (-1696.000000 3056.000000 -408.000000) (-1648.000000 3056.000000 -408.000000) (-1648.000000 3056.000000 -176.000000) (-1696.000000 3056.000000 -176.000000) 
4 267 268 (-1696.000000 3056.000000 -176.000000) (-1696.000000 3280.000000 -176.000000) (-1696.000000 3280.000000 -408.000000) (-1696.000000 3056.000000 -408.000000) 
4 268 286 (-1872.000000 3056.000000 -408.000000) (-1872.000000 3280.000000 -408.000000) (-1696.000000 3280.000000 -408.000000) (-1696.000000 3056.000000 -408.000000) 
4 268 280 (-1872.000000 3280.000000 -196.000000) (-1872.000000 3280.000000 -220.000000) (-1872.000000 3264.000000 -220.000000) (-1872.000000 3264.000000 -212.000000) 
4 268 283 (-1872.000000 3280.000000 -220.000000) (-1872.000000 3280.000000 -408.000000) (-1872.000000 3264.000000 -408.000000) (-1872.000000 3264.000000 -220.000000) 
4 268 284 (-1872.000000 3264.000000 -176.000000) (-1872.000000 3280.000000 -176.000000) (-1872.000000 3280.000000 -196.000000) (-1872.000000 3264.000000 -212.000000) 
4 268 285 (-1872.000000 3056.000000 -176.000000) (-1872.000000 3264.000000 -176.000000) (-1872.000000 3264.000000 -408.000000) (-1872.000000 3056.000000 -408.000000) 
4 268 271 (-1872.000000 3056.000000 -408.000000) (-1696.000000 3056.000000 -408.000000) (-1696.000000 3056.000000 -176.000000) (-1872.000000 3056.000000 -176.000000) 
4 269 270 (-1616.000000 3056.000000 -256.000000) (-1616.000000 3056.000000 -408.000000) (-1616.000000 2864.000000 -408.000000) (-1616.000000 2864.000000 -256.000000) 
4 270 273 (-1648.000000 2992.000000 -408.000000) (-1648.000000 2928.000000 -408.000000) (-1648.000000 2928.000000 -256.000000) (-1648.000000 2992.000000 -256.000000) 
4 270 275 (-1648.000000 2928.000000 -408.000000) (-1648.000000 2864.000000 -408.000000) (-1648.000000 2864.000000 -256.000000) (-1648.000000 2928.000000 -256.000000) 
4 270 271 (-1648.000000 3056.000000 -408.000000) (-1648.000000 2992.000000 -408.000000) (-1648.000000 2992.000000 -256.000000) (-1648.000000 3056.000000 -256.000000) 
4 271 286 (-1872.000000 2992.000000 -408.000000) (-1872.000000 3056.000000 -408.000000) (-1648.000000 3056.000000 -408.000000) (-1648.000000 2992.000000 -408.000000) 
4 271 285 (-1872.000000 2992.000000 -176.000000) (-1872.000000 3056.000000 -176.000000) (-1872.000000 3056.000000 -408.000000) (-1872.000000 2992.000000 -408.000000) 
3 271 272 (-1648.000000 2992.000000 -204.000000) (-1648.000000 2992.000000 -196.000000) (-1656.000000 2992.000000 -204.000000) 
4 271 273 (-1664.000000 2992.000000 -408.000000) (-1648.000000 2992.000000 -408.000000) (-1648.000000 2992.000000 -220.000000) (-1664.000000 2992.000000 -220.000000) 
3 271 274 (-1860.000000 2992.000000 -408.000000) (-1664.000000 2992.000000 -408.000000) (-1664.000000 2992.000000 -212.000000) 
5 271 276 (-1872.000000 2992.000000 -176.000000) (-1872.000000 2992.000000 -408.000000) (-1860.000000 2992.000000 -408.000000) (-1648.000000 2992.000000 -196.000000) (-1648.000000 2992.000000 -176.000000) 
3 272 275 (-1648.000000 2928.000000 -204.000000) (-1648.000000 2928.000000 -196.000000) (-1656.000000 2928.000000 -204.000000) 
4 272 276 (-1656.000000 2928.000000 -204.000000) (-1648.000000 2928.000000 -196.000000) (-1648.000000 2992.000000 -196.000000) (-1656.000000 2992.000000 -204.000000) 
4 273 286 (-1664.000000 2992.000000 -408.000000) (-1648.000000 2992.000000 -408.000000) (-1648.000000 2928.000000 -408.000000) (-1664.000000 2928.000000 -408.000000) 
4 273 274 (-1664.000000 2992.000000 -408.000000) (-1664.000000 2928.000000 -408.000000) (-1664.000000 2928.000000 -220.000000) (-1664.000000 2992.000000 -220.000000) 
4 273 275 (-1664.000000 2928.000000 -408.000000) (-1648.000000 2928.000000 -408.000000) (-1648.000000 2928.000000 -220.000000) (-1664.000000 2928.000000 -220.000000) 
4 274 286 (-1860.000000 2992.000000 -408.000000) (-1664.000000 2992.000000 -408.000000) (-1664.000000 2928.000000 -408.000000) (-1860.000000 2928.000000 -408.000000) 
3 274 275 (-1860.000000 2928.000000 -408.000000) (-1664.000000 2928.000000 -408.000000) (-1664.000000 2928.000000 -212.000000) 
4 274 276 (-1860.000000 2992.000000 -408.000000) (-1860.000000 2928.000000 -408.000000) (-1664.000000 2928.000000 -212.000000) (-1664.000000 2992.000000 -212.000000) 
4 275 286 (-1648.000000 2928.000000 -408.000000) (-1648.000000 2864.000000 -408.000000) (-1860.000000 2864.000000 -408.000000) (-1860.000000 2928.000000 -408.000000) 
3 275 277 (-1860.000000 2864.000000 -408.000000) (-1648.000000 2864.000000 -408.000000) (-1648.000000 2864.000000 -196.000000) 
4 275 276 (-1860.000000 2928.000000 -408.000000) (-1860.000000 2864.000000 -408.000000) (-1648.000000 2864.000000 -196.000000) (-1648.000000 2928.000000 -196.000000) 
4 276 286 (-1872.000000 2864.000000 -408.000000) (-1872.000000 2992.000000 -408.000000) (-1860.000000 2992.000000 -408.000000) (-1860.000000 2864.000000 -408.000000) 
4 276 285 (-1872.000000 2864.000000 -176.000000) (-1872.000000 2992.000000 -176.000000) (-1872.000000 2992.000000 -408.000000) (-1872.000000 2864.000000 -408.000000) 
5 276 277 (-1872.000000 2864.000000 -176.000000) (-1872.000000 2864.000000 -408.000000) (-1860.000000 2864.000000 -408.000000) (-1648.000000 2864.000000 -196.000000) (-1648.000000 2864.000000 -176.000000) 
4 277 308 (-1872.000000 2656.000000 -212.000000) (-1872.000000 2656.000000 -220.000000) (-1680.000000 2656.000000 -220.000000) (-1680.000000 2656.000000 -212.000000) 
4 277 311 (-1872.000000 2656.000000 -220.000000) (-1872.000000 2656.000000 -408.000000) (-1680.000000 2656.000000 -408.000000) (-1680.000000 2656.000000 -220.000000) 
4 277 307 (-1680.000000 2656.000000 -176.000000) (-1872.000000 2656.000000 -176.000000) (-1872.000000 2656.000000 -212.000000) (-1680.000000 2656.000000 -212.000000) 
5 277 286 (-1680.000000 2656.000000 -408.000000) (-1872.000000 2656.000000 -408.000000) (-1872.000000 2864.000000 -408.000000) (-1648.000000 2864.000000 -408.000000) (-1648.000000 2688.000000 -408.000000) 
4 277 285 (-1872.000000 2656.000000 -408.000000) (-1872.000000 2656.000000 -176.000000) (-1872.000000 2864.000000 -176.000000) (-1872.000000 2864.000000 -408.000000) 
4 278 279 (-2064.000000 3312.000000 -256.000000) (-2064.000000 3312.000000 -408.000000) (-1872.000000 3312.000000 -408.000000) (-1872.000000 3312.000000 -256.000000) 
4 279 283 (-2064.000000 3280.000000 -408.000000) (-1872.000000 3280.000000 -408.000000) (-1872.000000 3280.000000 -256.000000) (-2064.000000 3280.000000 -256.000000) 
3 280 281 (-1936.000000 3272.000000 -204.000000) (-1936.000000 3280.000000 -196.000000) (-1936.000000 3280.000000 -204.000000) 
4 280 283 (-1872.000000 3264.000000 -220.000000) (-1936.000000 3264.000000 -220.000000) (-1936.000000 3280.000000 -220.000000) (-1872.000000 3280.000000 -220.000000) 
4 280 285 (-1936.000000 3264.000000 -220.000000) (-1872.000000 3264.000000 -220.000000) (-1872.000000 3264.000000 -212.000000) (-1936.000000 3264.000000 -212.000000) 
4 280 284 (-1872.000000 3264.000000 -212.000000) (-1872.000000 3280.000000 -196.000000) (-1936.000000 3280.000000 -196.000000) (-1936.000000 3264.000000 -212.000000) 
3 281 288 (-2064.000000 3280.000000 -196.000000) (-2064.000000 3280.000000 -204.000000) (-2064.000000 3272.000000 -204.000000) 
4 281 282 (-2000.000000 3272.000000 -204.000000) (-2064.000000 3272.000000 -204.000000) (-2064.000000 3280.000000 -204.000000) (-2000.000000 3280.000000 -204.000000) 
4 281 284 (-1936.000000 3280.000000 -196.000000) (-2064.000000 3280.000000 -196.000000) (-2064.000000 3272.000000 -204.000000) (-1936.000000 3272.000000 -204.000000) 
5 282 288 (-2064.000000 3280.000000 -204.000000) (-2064.000000 3280.000000 -220.000000) (-2064.000000 3264.000000 -220.000000) (-2064.000000 3264.000000 -212.000000) (-2064.000000 3272.000000 -204.000000) 
4 282 283 (-2000.000000 3264.000000 -220.000000) (-2064.000000 3264.000000 -220.000000) (-2064.000000 3280.000000 -220.000000) (-2000.000000 3280.000000 -220.000000) 
4 282 285 (-2064.000000 3264.000000 -212.000000) (-2064.000000 3264.000000 -220.000000) (-2000.000000 3264.000000 -220.000000) (-2000.000000 3264.000000 -212.000000) 
4 282 284 (-2064.000000 3272.000000 -204.000000) (-2064.000000 3264.000000 -212.000000) (-2000.000000 3264.000000 -212.000000) (-2000.000000 3272.000000 -204.000000) 
4 283 288 (-2064.000000 3280.000000 -220.000000) (-2064.000000 3280.000000 -408.000000) (-2064.000000 3264.000000 -408.000000) (-2064.000000 3264.000000 -220.000000) 
4 283 286 (-2064.000000 3264.000000 -408.000000) (-2064.000000 3280.000000 -408.000000) (-1872.000000 3280.000000 -408.000000) (-1872.000000 3264.000000 -408.000000) 
4 283 285 (-2064.000000 3264.000000 -220.000000) (-2064.000000 3264.000000 -408.000000) (-1872.000000 3264.000000 -408.000000) (-1872.000000 3264.000000 -220.000000) 
4 284 288 (-2064.000000 3264.000000 -176.000000) (-2064.000000 3280.000000 -176.000000) (-2064.000000 3280.000000 -196.000000) (-2064.000000 3264.000000 -212.000000) 
4 284 285 (-2064.000000 3264.000000 -176.000000) (-2064.000000 3264.000000 -212.000000) (-1872.000000 3264.000000 -212.000000) (-1872.000000 3264.000000 -176.000000) 
4 285 310 (-2064.000000 2656.000000 -212.000000) (-2064.000000 2656.000000 -220.000000) (-2000.000000 2656.000000 -220.000000) (-2000.000000 2656.000000 -212.000000) 
4 285 308 (-1936.000000 2656.000000 -220.000000) (-1872.000000 2656.000000 -220.000000) (-1872.000000 2656.000000 -212.000000) (-1936.000000 2656.000000 -212.000000) 
4 285 311 (-2064.000000 2656.000000 -220.000000) (-2064.000000 2656.000000 -408.000000) (-1872.000000 2656.000000 -408.000000) (-1872.000000 2656.000000 -220.000000) 
4 285 307 (-1872.000000 2656.000000 -176.000000) (-2064.000000 2656.000000 -176.000000) (-2064.000000 2656.000000 -212.000000) (-1872.000000 2656.000000 -212.000000) 
5 285 290 (-2064.000000 2656.000000 -408.000000) (-2064.000000 2656.000000 -176.000000) (-2064.000000 2786.333333 -176.000000) (-2064.000000 3056.000000 -228.193548) (-2064.000000 3056.000000 -408.000000) 
3 285 289 (-2064.000000 2786.333333 -176.000000) (-2064.000000 3056.000000 -176.000000) (-2064.000000 3056.000000 -228.193548) 
4 285 288 (-2064.000000 3056.000000 -176.000000) (-2064.000000 3264.000000 -176.000000) (-2064.000000 3264.000000 -408.000000) (-2064.000000 3056.000000 -408.000000) 
4 285 286 (-1872.000000 2656.000000 -408.000000) (-2064.000000 2656.000000 -408.000000) (-2064.000000 3264.000000 -408.000000) (-1872.000000 3264.000000 -408.000000) 
4 286 317 (-1680.000000 2656.000000 -408.000000) (-2064.000000 2656.000000 -408.000000) (-2064.000000 2656.000000 -416.000000) (-1680.000000 2656.000000 -416.000000) 
4 286 290 (-2064.000000 2656.000000 -416.000000) (-2064.000000 2656.000000 -408.000000) (-2064.000000 3056.000000 -408.000000) (-2064.000000 3056.000000 -416.000000) 
4 286 288 (-2064.000000 3056.000000 -408.000000) (-2064.000000 3280.000000 -408.000000) (-2064.000000 3280.000000 -416.000000) (-2064.000000 3056.000000 -416.000000) 
4 286 287 (-1992.000000 2996.000000 -416.000000) (-1944.000000 2996.000000 -416.000000) (-1944.000000 2924.000000 -416.000000) (-1992.000000 2924.000000 -416.000000) 
5 288 292 (-2280.000095 3056.000000 -228.193548) (-2288.000000 3056.000000 -228.193548) (-2288.000000 3056.000000 -244.380952) (-2272.000000 3056.000000 -244.380952) (-2272.000000 3056.000000 -236.387196) 
3 288 291 (-2272.000000 3056.000000 -228.193548) (-2280.000095 3056.000000 -228.193548) (-2272.000000 3056.000000 -236.387196) 
4 288 294 (-2288.000000 3056.000000 -244.380952) (-2288.000000 3056.000000 -416.000000) (-2272.000000 3056.000000 -416.000000) (-2272.000000 3056.000000 -244.380952) 
4 288 290 (-2064.000000 3056.000000 -416.000000) (-2064.000000 3056.000000 -228.193548) (-2272.000000 3056.000000 -228.193548) (-2272.000000 3056.000000 -416.000000) 
4 288 289 (-2064.000000 3056.000000 -228.193548) (-2064.000000 3056.000000 -176.000000) (-2288.000000 3056.000000 -176.000000) (-2288.000000 3056.000000 -228.193548) 
4 289 292 (-2288.000000 3056.000000 -228.193548) (-2280.000095 3056.000000 -228.193548) (-2280.000000 2993.000000 -216.000000) (-2288.000000 2993.000000 -216.000000) 
4 289 291 (-2280.000095 3056.000000 -228.193548) (-2272.000000 3056.000000 -228.193548) (-2272.000000 2931.000000 -204.000000) (-2279.999906 2931.000000 -204.000000) 
4 289 293 (-2272.000000 2931.000000 -204.000000) (-2272.000000 2786.333333 -176.000000) (-2288.000000 2786.333333 -176.000000) (-2288.000000 2931.000000 -204.000000) 
4 289 290 (-2272.000000 3056.000000 -228.193548) (-2064.000000 3056.000000 -228.193548) (-2064.000000 2786.333333 -176.000000) (-2272.000000 2786.333333 -176.000000) 
4 290 317 (-2256.000000 2656.000000 -408.000000) (-2256.000000 2656.000000 -416.000000) (-2064.000000 2656.000000 -416.000000) (-2064.000000 2656.000000 -408.000000) 
4 290 316 (-2064.000000 2656.000000 -176.000000) (-2256.000000 2656.000000 -176.000000) (-2256.000000 2656.000000 -408.000000) (-2064.000000 2656.000000 -408.000000) 
4 290 292 (-2272.000000 3056.000000 -236.387196) (-2272.000000 3056.000000 -244.380952) (-2272.000000 2991.000000 -232.000000) (-2272.000000 2992.000000 -224.000000) 
4 290 291 (-2272.000000 3056.000000 -228.193548) (-2272.000000 3056.000000 -236.387196) (-2272.000000 2929.520000 -211.907000) (-2272.000000 2931.000000 -204.000000) 
4 290 293 (-2272.000000 2928.005007 -220.000954) (-2272.000000 2697.000000 -176.000000) (-2272.000000 2786.333333 -176.000000) (-2272.000000 2931.000000 -204.000000) 
5 290 294 (-2272.000000 3056.000000 -244.380952) (-2272.000000 3056.000000 -416.000000) (-2272.000000 2672.000000 -416.000000) (-2272.000000 2672.000000 -176.000000) (-2272.000000 2697.000000 -176.000000) 
4 291 292 (-2280.000000 2993.000000 -216.000000) (-2280.000095 3056.000000 -228.193548) (-2272.000000 3056.000000 -236.387196) (-2272.000000 2992.000000 -224.000000) 
3 291 293 (-2272.000000 2929.520000 -211.907000) (-2272.000000 2931.000000 -204.000000) (-2279.999906 2931.000000 -204.000000) 
4 292 294 (-2288.000000 2991.000000 -232.000000) (-2288.000000 3056.000000 -244.380952) (-2272.000000 3056.000000 -244.380952) (-2272.000000 2991.000000 -232.000000) 
4 293 294 (-2272.000000 2697.000000 -176.000000) (-2288.000000 2697.000000 -176.000000) (-2288.000000 2928.005007 -220.000954) (-2272.000000 2928.005007 -220.000954) 
4 294 295 (-2288.000000 3056.000000 -256.000000) (-2288.000000 3056.000000 -408.000000) (-2288.000000 2864.000000 -408.000000) (-2288.000000 2864.000000 -256.000000) 
4 295 350 (-2368.000000 3056.000000 -282.000000) (-2368.000000 3056.000000 -408.000000) (-2368.000000 2864.000000 -408.000000) (-2368.000000 2864.000000 -282.000000) 
4 295 349 (-2368.000000 3056.000000 -256.000000) (-2368.000000 3056.000000 -282.000000) (-2368.000000 2864.000000 -282.000000) (-2368.000000 2864.000000 -256.000000) 
4 296 300 (-768.000000 2624.000000 -128.000000) (-768.000000 2416.000000 -128.000000) (-1088.000000 2416.000000 -128.000000) (-1088.000000 2624.000000 -128.000000) 
4 296 297 (-944.000000 2656.000000 -128.000000) (-768.000000 2656.000000 -128.000000) (-768.000000 2624.000000 -128.000000) (-944.000000 2624.000000 -128.000000) 
4 296 299 (-1088.000000 2656.000000 -128.000000) (-944.000000 2656.000000 -128.000000) (-944.000000 2624.000000 -128.000000) (-1088.000000 2624.000000 -128.000000) 
4 297 300 (-768.000000 2624.000000 -256.000000) (-768.000000 2624.000000 -128.000000) (-944.000000 2624.000000 -128.000000) (-944.000000 2624.000000 -256.000000) 
4 297 299 (-944.000000 2624.000000 -256.000000) (-944.000000 2624.000000 -128.000000) (-944.000000 2656.000000 -128.000000) (-944.000000 2656.000000 -267.636364) 
4 298 301 (-768.000000 2624.000000 -384.000000) (-768.000000 2624.000000 -264.000000) (-944.000000 2624.000000 -264.000000) (-944.000000 2624.000000 -384.000000) 
4 298 299 (-944.000000 2656.000000 -384.000000) (-944.000000 2624.000000 -384.000000) (-944.000000 2624.000000 -264.000000) (-944.000000 2656.000000 -275.294118) 
4 299 301 (-1088.000000 2624.000000 -264.000000) (-1088.000000 2624.000000 -384.000000) (-944.000000 2624.000000 -384.000000) (-944.000000 2624.000000 -264.000000) 
4 299 300 (-944.000000 2624.000000 -128.000000) (-1088.000000 2624.000000 -128.000000) (-1088.000000 2624.000000 -256.000000) (-944.000000 2624.000000 -256.000000) 
4 300 302 (-768.000000 2416.000000 -172.000000) (-768.000000 2416.000000 -128.000000) (-832.000000 2416.000000 -128.000000) (-832.000000 2416.000000 -172.000000) 
4 300 303 (-848.000000 2416.000000 -128.000000) (-960.000000 2416.000000 -128.000000) (-960.000000 2416.000000 -172.000000) (-848.000000 2416.000000 -172.000000) 
4 304 318 (-1536.000000 2128.000000 -256.000000) (-1536.000000 2128.000000 -240.000000) (-1536.000000 2320.000000 -240.000000) (-1536.000000 2320.000000 -256.000000) 
4 304 320 (-1536.000000 2128.000000 -384.000000) (-1536.000000 2128.000000 -256.000000) (-1536.000000 2320.000000 -256.000000) (-1536.000000 2320.000000 -384.000000) 
4 305 316 (-2240.000000 2640.000000 -176.000000) (-2240.000000 2656.000000 -176.000000) (-2064.000000 2656.000000 -176.000000) (-2064.000000 2640.000000 -176.000000) 
4 305 307 (-2064.000000 2656.000000 -176.000000) (-1680.000000 2656.000000 -176.000000) (-1696.000000 2640.000000 -176.000000) (-2064.000000 2640.000000 -176.000000) 
3 305 306 (-2240.000000 2656.000000 -176.000000) (-2240.000000 2640.000000 -176.000000) (-2226.333333 2656.000000 -88.000000) 
3 306 316 (-2256.000000 2656.000000 -176.000000) (-2240.000000 2656.000000 -176.000000) (-2240.000000 2640.000000 -176.000000) 
4 307 316 (-2064.000000 2640.000000 -196.000000) (-2064.000000 2640.000000 -176.000000) (-2064.000000 2656.000000 -176.000000) (-2064.000000 2656.000000 -212.000000) 
4 307 310 (-2064.000000 2656.000000 -212.000000) (-2000.000000 2656.000000 -212.000000) (-2000.000000 2648.000000 -204.000000) (-2064.000000 2648.000000 -204.000000) 
4 307 309 (-1936.000000 2648.000000 -204.000000) (-1936.000000 2640.000000 -196.000000) (-2064.000000 2640.000000 -196.000000) (-2064.000000 2648.000000 -204.000000) 
4 307 308 (-1936.000000 2656.000000 -212.000000) (-1680.000000 2656.000000 -212.000000) (-1696.000000 2640.000000 -196.000000) (-1936.000000 2640.000000 -196.000000) 
3 308 309 (-1936.000000 2640.000000 -196.000000) (-1936.000000 2648.000000 -204.000000) (-1936.000000 2640.000000 -204.000000) 
4 308 311 (-1696.000000 2640.000000 -220.000000) (-1936.000000 2640.000000 -220.000000) (-1936.000000 2656.000000 -220.000000) (-1680.000000 2656.000000 -220.000000) 
3 309 316 (-2064.000000 2640.000000 -204.000000) (-2064.000000 2640.000000 -196.000000) (-2064.000000 2648.000000 -204.000000) 
4 309 310 (-2000.000000 2640.000000 -204.000000) (-2064.000000 2640.000000 -204.000000) (-2064.000000 2648.000000 -204.000000) (-2000.000000 2648.000000 -204.000000) 
5 310 316 (-2064.000000 2640.000000 -220.000000) (-2064.000000 2640.000000 -204.000000) (-2064.000000 2648.000000 -204.000000) (-2064.000000 2656.000000 -212.000000) (-2064.000000 2656.000000 -220.000000) 
4 310 311 (-2000.000000 2640.000000 -220.000000) (-2064.000000 2640.000000 -220.000000) (-2064.000000 2656.000000 -220.000000) (-2000.000000 2656.000000 -220.000000) 
4 311 317 (-2064.000000 2656.000000 -408.000000) (-1680.000000 2656.000000 -408.000000) (-1696.000000 2640.000000 -408.000000) (-2064.000000 2640.000000 -408.000000) 
4 311 316 (-2064.000000 2656.000000 -408.000000) (-2064.000000 2640.000000 -408.000000) (-2064.000000 2640.000000 -220.000000) (-2064.000000 2656.000000 -220.000000) 
4 311 314 (-2064.000000 2640.000000 -408.000000) (-1872.000000 2640.000000 -408.000000) (-1872.000000 2640.000000 -384.000000) (-2064.000000 2640.000000 -384.000000) 
4 311 313 (-1872.000000 2640.000000 -384.000000) (-1872.000000 2640.000000 -256.000000) (-2064.000000 2640.000000 -256.000000) (-2064.000000 2640.000000 -384.000000) 
4 312 313 (-2064.000000 2352.000000 -256.000000) (-2064.000000 2608.000000 -256.000000) (-1872.000000 2608.000000 -256.000000) (-1872.000000 2352.000000 -256.000000) 
4 313 320 (-1872.000000 2320.000000 -384.000000) (-1872.000000 2320.000000 -256.000000) (-2064.000000 2320.000000 -256.000000) (-2064.000000 2320.000000 -384.000000) 
4 313 315 (-2064.000000 2472.000000 -384.000000) (-2064.000000 2544.000000 -384.000000) (-1872.000000 2544.000000 -384.000000) (-1872.000000 2472.000000 -384.000000) 
4 313 314 (-2064.000000 2544.000000 -384.000000) (-2064.000000 2640.000000 -384.000000) (-1872.000000 2640.000000 -384.000000) (-1872.000000 2544.000000 -384.000000) 
4 314 315 (-2064.000000 2544.000000 -384.000000) (-2064.000000 2544.000000 -396.000000) (-1872.000000 2544.000000 -396.000000) (-1872.000000 2544.000000 -384.000000) 
4 316 317 (-2256.000000 2656.000000 -408.000000) (-2064.000000 2656.000000 -408.000000) (-2064.000000 2640.000000 -408.000000) (-2240.000000 2640.000000 -408.000000) 
4 318 320 (-1536.000000 2128.000000 -256.000000) (-1744.000000 2128.000000 -256.000000) (-1744.000000 2320.000000 -256.000000) (-1536.000000 2320.000000 -256.000000) 
4 319 320 (-1776.000000 2128.000000 -256.000000) (-2192.000000 2128.000000 -256.000000) (-2192.000000 2320.000000 -256.000000) (-1776.000000 2320.000000 -256.000000) 
4 320 327 (-2192.000000 2256.000000 -300.000000) (-2192.000000 2200.000000 -300.000000) (-2192.000000 2200.000000 -256.000000) (-2192.000000 2256.000000 -256.000000) 
4 320 328 (-2192.000000 2192.000000 -300.000000) (-2192.000000 2136.000000 -300.000000) (-2192.000000 2136.000000 -256.000000) (-2192.000000 2192.000000 -256.000000) 
4 320 322 (-1536.000000 2128.000000 -384.000000) (-1536.000000 2128.000000 -256.000000) (-1744.000000 2128.000000 -256.000000) (-1744.000000 2128.000000 -384.000000) 
4 321 323 (-1536.000000 2096.000000 -240.000000) (-1536.000000 2096.000000 -192.000000) (-1656.000000 2096.000000 -192.000000) (-1656.000000 2096.000000 -240.000000) 
4 321 326 (-1656.000000 2096.000000 -192.000000) (-1744.000000 2096.000000 -192.000000) (-1744.000000 2096.000000 -240.000000) (-1656.000000 2096.000000 -240.000000) 
4 322 323 (-1536.000000 2096.000000 -384.000000) (-1536.000000 2096.000000 -256.000000) (-1656.000000 2096.000000 -256.000000) (-1656.000000 2096.000000 -384.000000) 
4 322 326 (-1656.000000 2096.000000 -256.000000) (-1744.000000 2096.000000 -256.000000) (-1744.000000 2096.000000 -384.000000) (-1656.000000 2096.000000 -384.000000) 
4 323 325 (-1656.000000 2024.000000 -384.000000) (-1624.000000 2024.000000 -384.000000) (-1624.000000 2024.000000 -204.000000) (-1656.000000 2024.000000 -204.000000) 
4 323 324 (-1624.000000 2024.000000 -384.000000) (-1536.000000 2024.000000 -384.000000) (-1536.000000 2024.000000 -192.000000) (-1624.000000 2024.000000 -192.000000) 
4 323 326 (-1656.000000 2096.000000 -192.000000) (-1656.000000 2096.000000 -384.000000) (-1656.000000 2024.000000 -384.000000) (-1656.000000 2024.000000 -192.000000) 
4 324 339 (-1536.000000 1944.000000 -384.000000) (-1536.000000 1944.000000 -208.000000) (-1624.000000 1944.000000 -208.000000) (-1624.000000 1944.000000 -384.000000) 
4 324 329 (-1536.000000 1944.000000 -208.000000) (-1536.000000 1944.000000 -192.000000) (-1624.000000 1944.000000 -192.000000) (-1624.000000 1944.000000 -208.000000) 
4 324 325 (-1624.000000 2024.000000 -384.000000) (-1624.000000 1944.000000 -384.000000) (-1624.000000 1944.000000 -204.000000) (-1624.000000 2024.000000 -204.000000) 
4 325 339 (-1656.000000 1944.000000 -208.000000) (-1656.000000 1944.000000 -384.000000) (-1624.000000 1944.000000 -384.000000) (-1624.000000 1944.000000 -208.000000) 
4 325 329 (-1656.000000 1944.000000 -204.000000) (-1656.000000 1944.000000 -208.000000) (-1624.000000 1944.000000 -208.000000) (-1624.000000 1944.000000 -204.000000) 
4 325 326 (-1656.000000 2024.000000 -384.000000) (-1656.000000 1944.000000 -384.000000) (-1656.000000 1944.000000 -204.000000) (-1656.000000 2024.000000 -204.000000) 
4 326 339 (-1744.000000 1944.000000 -208.000000) (-1744.000000 1944.000000 -384.000000) (-1656.000000 1944.000000 -384.000000) (-1656.000000 1944.000000 -208.000000) 
4 326 329 (-1656.000000 1944.000000 -192.000000) (-1744.000000 1944.000000 -192.000000) (-1744.000000 1944.000000 -208.000000) (-1656.000000 1944.000000 -208.000000) 
4 329 339 (-1744.000000 1944.000000 -208.000000) (-1536.000000 1944.000000 -208.000000) (-1536.000000 1832.000000 -208.000000) (-1744.000000 1832.000000 -208.000000) 
4 330 339 (-1536.000000 1800.000000 -208.000000) (-1536.000000 1688.000000 -208.000000) (-1744.000000 1688.000000 -208.000000) (-1744.000000 1800.000000 -208.000000) 
4 330 331 (-1624.000000 1688.000000 -204.000000) (-1536.000000 1688.000000 -204.000000) (-1536.000000 1688.000000 -192.000000) (-1624.000000 1688.000000 -192.000000) 
4 330 332 (-1744.000000 1688.000000 -192.000000) (-1744.000000 1688.000000 -204.000000) (-1656.000000 1688.000000 -204.000000) (-1656.000000 1688.000000 -192.000000) 
4 330 333 (-1744.000000 1688.000000 -204.000000) (-1744.000000 1688.000000 -208.000000) (-1536.000000 1688.000000 -208.000000) (-1536.000000 1688.000000 -204.000000) 
4 331 334 (-1624.000000 1608.000000 -204.000000) (-1536.000000 1608.000000 -204.000000) (-1536.000000 1608.000000 -192.000000) (-1624.000000 1608.000000 -192.000000) 
4 331 333 (-1624.000000 1688.000000 -204.000000) (-1536.000000 1688.000000 -204.000000) (-1536.000000 1608.000000 -204.000000) (-1624.000000 1608.000000 -204.000000) 
4 332 334 (-1744.000000 1608.000000 -192.000000) (-1744.000000 1608.000000 -204.000000) (-1656.000000 1608.000000 -204.000000) (-1656.000000 1608.000000 -192.000000) 
4 332 333 (-1744.000000 1608.000000 -204.000000) (-1744.000000 1688.000000 -204.000000) (-1656.000000 1688.000000 -204.000000) (-1656.000000 1608.000000 -204.000000) 
4 333 339 (-1536.000000 1688.000000 -208.000000) (-1536.000000 1608.000000 -208.000000) (-1744.000000 1608.000000 -208.000000) (-1744.000000 1688.000000 -208.000000) 
4 333 334 (-1744.000000 1608.000000 -204.000000) (-1744.000000 1608.000000 -208.000000) (-1536.000000 1608.000000 -208.000000) (-1536.000000 1608.000000 -204.000000) 
4 334 339 (-1536.000000 1608.000000 -208.000000) (-1536.000000 1496.000000 -208.000000) (-1744.000000 1496.000000 -208.000000) (-1744.000000 1608.000000 -208.000000) 
4 335 336 (-1624.000000 1352.000000 -204.000000) (-1536.000000 1352.000000 -204.000000) (-1536.000000 1352.000000 -192.000000) (-1624.000000 1352.000000 -192.000000) 
4 335 337 (-1656.000000 1464.000000 -192.000000) (-1656.000000 1464.000000 -204.000000) (-1656.000000 1352.000000 -204.000000) (-1656.000000 1352.000000 -192.000000) 
4 335 338 (-1536.000000 1464.000000 -204.000000) (-1536.000000 1352.000000 -204.000000) (-1656.000000 1352.000000 -204.000000) (-1656.000000 1464.000000 -204.000000) 
4 336 542 (-1536.000000 1272.000000 -204.000000) (-1536.000000 1272.000000 -192.000000) (-1624.000000 1272.000000 -192.000000) (-1624.000000 1272.000000 -204.000000) 
4 336 338 (-1536.000000 1352.000000 -204.000000) (-1536.000000 1272.000000 -204.000000) (-1624.000000 1272.000000 -204.000000) (-1624.000000 1352.000000 -204.000000) 
4 337 542 (-1656.000000 1272.000000 -192.000000) (-1744.000000 1272.000000 -192.000000) (-1744.000000 1272.000000 -204.000000) (-1656.000000 1272.000000 -204.000000) 
4 337 338 (-1656.000000 1272.000000 -204.000000) (-1744.000000 1272.000000 -204.000000) (-1744.000000 1464.000000 -204.000000) (-1656.000000 1464.000000 -204.000000) 
4 338 542 (-1536.000000 1272.000000 -208.000000) (-1536.000000 1272.000000 -204.000000) (-1744.000000 1272.000000 -204.000000) (-1744.000000 1272.000000 -208.000000) 
4 338 339 (-1536.000000 1464.000000 -208.000000) (-1536.000000 1272.000000 -208.000000) (-1744.000000 1272.000000 -208.000000) (-1744.000000 1464.000000 -208.000000) 
4 339 542 (-1536.000000 1272.000000 -384.000000) (-1536.000000 1272.000000 -208.000000) (-1744.000000 1272.000000 -208.000000) (-1744.000000 1272.000000 -384.000000) 
4 340 341 (-1888.000000 1296.000000 -256.000000) (-2032.000000 1296.000000 -256.000000) (-2032.000000 1296.000000 -352.000000) (-1888.000000 1296.000000 -352.000000) 
4 341 342 (-2028.000000 1292.000000 -348.000000) (-1892.000000 1292.000000 -348.000000) (-1892.000000 1292.000000 -260.000000) (-2028.000000 1292.000000 -260.000000) 
4 342 343 (-2028.000000 1284.000000 -348.000000) (-1892.000000 1284.000000 -348.000000) (-1892.000000 1284.000000 -260.000000) (-2028.000000 1284.000000 -260.000000) 
4 343 344 (-1888.000000 1280.000000 -256.000000) (-2032.000000 1280.000000 -256.000000) (-2032.000000 1280.000000 -352.000000) (-1888.000000 1280.000000 -352.000000) 
4 344 551 (-1856.000000 1272.000000 -384.000000) (-1856.000000 1272.000000 -256.000000) (-2064.000000 1272.000000 -256.000000) (-2064.000000 1272.000000 -384.000000) 
4 344 550 (-1856.000000 1272.000000 -256.000000) (-1856.000000 1272.000000 -240.000000) (-2064.000000 1272.000000 -240.000000) (-2064.000000 1272.000000 -256.000000) 
4 345 347 (-2528.000000 3080.000000 -270.000000) (-2528.000000 3088.000000 -270.000000) (-2454.000000 3088.000000 -270.000000) (-2454.000000 3080.000000 -270.000000) 
4 345 346 (-2442.000000 3088.000000 -270.000000) (-2368.000000 3088.000000 -270.000000) (-2368.000000 3080.000000 -270.000000) (-2442.000000 3080.000000 -270.000000) 
4 345 349 (-2368.000000 3080.000000 -270.000000) (-2368.000000 3088.000000 -262.000000) (-2528.000000 3088.000000 -262.000000) (-2528.000000 3080.000000 -270.000000) 
4 346 350 (-2442.000000 3088.000000 -282.000000) (-2368.000000 3088.000000 -282.000000) (-2368.000000 3076.000000 -282.000000) (-2442.000000 3076.000000 -282.000000) 
4 346 348 (-2442.000000 3076.000000 -282.000000) (-2368.000000 3076.000000 -282.000000) (-2368.000000 3076.000000 -274.000000) (-2442.000000 3076.000000 -274.000000) 
4 346 349 (-2368.000000 3076.000000 -274.000000) (-2368.000000 3080.000000 -270.000000) (-2442.000000 3080.000000 -270.000000) (-2442.000000 3076.000000 -274.000000) 
4 347 350 (-2528.000000 3076.000000 -282.000000) (-2528.000000 3088.000000 -282.000000) (-2454.000000 3088.000000 -282.000000) (-2454.000000 3076.000000 -282.000000) 
4 347 349 (-2454.000000 3080.000000 -270.000000) (-2528.000000 3080.000000 -270.000000) (-2528.000000 3076.000000 -274.000000) (-2454.000000 3076.000000 -274.000000) 
4 347 348 (-2528.000000 3076.000000 -282.000000) (-2454.000000 3076.000000 -282.000000) (-2454.000000 3076.000000 -274.000000) (-2528.000000 3076.000000 -274.000000) 
4 348 350 (-2528.000000 3068.000000 -282.000000) (-2528.000000 3076.000000 -282.000000) (-2368.000000 3076.000000 -282.000000) (-2368.000000 3068.000000 -282.000000) 
4 348 349 (-2528.000000 3068.000000 -282.000000) (-2368.000000 3068.000000 -282.000000) (-2368.000000 3076.000000 -274.000000) (-2528.000000 3076.000000 -274.000000) 
4 349 350 (-2528.000000 2832.000000 -282.000000) (-2528.000000 3068.000000 -282.000000) (-2368.000000 3068.000000 -282.000000) (-2368.000000 2832.000000 -282.000000) 
4 350 351 (-2528.000000 3016.000000 -288.000000) (-2528.000000 3016.000000 -352.000000) (-2528.000000 2904.000000 -352.000000) (-2528.000000 2904.000000 -288.000000) 
4 353 413 (-3072.000000 2024.000000 -240.000000) (-3072.000000 2024.000000 -270.000000) (-2742.000000 2024.000000 -270.000000) (-2742.000000 2024.000000 -240.000000) 
4 353 374 (-2742.000000 2024.000000 -270.000000) (-2696.000000 2024.000000 -270.000000) (-2696.000000 2024.000000 -240.000000) (-2742.000000 2024.000000 -240.000000) 
4 353 373 (-3072.000000 2024.000000 -152.000000) (-3072.000000 2024.000000 -240.000000) (-2944.000000 2024.000000 -240.000000) (-2944.000000 2024.000000 -152.000000) 
4 353 371 (-2944.000000 2024.000000 -240.000000) (-2696.000000 2024.000000 -240.000000) (-2696.000000 2024.000000 -152.000000) (-2944.000000 2024.000000 -152.000000) 
4 353 367 (-3048.000000 2024.000000 -128.000000) (-3072.000000 2024.000000 -128.000000) (-3072.000000 2024.000000 -152.000000) (-3048.000000 2024.000000 -152.000000) 
4 353 366 (-2920.000000 2024.000000 -128.000000) (-3048.000000 2024.000000 -128.000000) (-3048.000000 2024.000000 -152.000000) (-2920.000000 2024.000000 -152.000000) 
4 353 363 (-2696.000000 2024.000000 -128.000000) (-2720.000000 2024.000000 -128.000000) (-2720.000000 2024.000000 -152.000000) (-2696.000000 2024.000000 -152.000000) 
4 353 364 (-2720.000000 2024.000000 -128.000000) (-2920.000000 2024.000000 -128.000000) (-2920.000000 2024.000000 -152.000000) (-2720.000000 2024.000000 -152.000000) 
4 353 355 (-3056.000000 2040.000000 -270.000000) (-3048.000000 2048.000000 -270.000000) (-2798.000000 2048.000000 -270.000000) (-2798.000000 2040.000000 -270.000000) 
4 353 354 (-2786.000000 2048.000000 -270.000000) (-2720.000000 2048.000000 -270.000000) (-2712.000000 2040.000000 -270.000000) (-2786.000000 2040.000000 -270.000000) 
4 353 358 (-2696.000000 2024.000000 -270.000000) (-3072.000000 2024.000000 -270.000000) (-3056.000000 2040.000000 -270.000000) (-2712.000000 2040.000000 -270.000000) 
4 354 356 (-2708.000000 2036.000000 -282.000000) (-2708.000000 2036.000000 -274.000000) (-2786.000000 2036.000000 -274.000000) (-2786.000000 2036.000000 -282.000000) 
4 354 358 (-2708.000000 2036.000000 -274.000000) (-2712.000000 2040.000000 -270.000000) (-2786.000000 2040.000000 -270.000000) (-2786.000000 2036.000000 -274.000000) 
4 354 357 (-2786.000000 2048.000000 -282.000000) (-2720.000000 2048.000000 -282.000000) (-2708.000000 2036.000000 -282.000000) (-2786.000000 2036.000000 -282.000000) 
4 355 357 (-3060.000000 2036.000000 -282.000000) (-3048.000000 2048.000000 -282.000000) (-2798.000000 2048.000000 -282.000000) (-2798.000000 2036.000000 -282.000000) 
4 355 358 (-2798.000000 2040.000000 -270.000000) (-3056.000000 2040.000000 -270.000000) (-3060.000000 2036.000000 -274.000000) (-2798.000000 2036.000000 -274.000000) 
4 355 356 (-2798.000000 2036.000000 -274.000000) (-3060.000000 2036.000000 -274.000000) (-3060.000000 2036.000000 -282.000000) (-2798.000000 2036.000000 -282.000000) 
4 356 357 (-3068.000000 2028.000000 -282.000000) (-3060.000000 2036.000000 -282.000000) (-2708.000000 2036.000000 -282.000000) (-2700.000000 2028.000000 -282.000000) 
4 356 358 (-2700.000000 2028.000000 -282.000000) (-2708.000000 2036.000000 -274.000000) (-3060.000000 2036.000000 -274.000000) (-3068.000000 2028.000000 -282.000000) 
4 357 413 (-3072.000000 2024.000000 -286.000000) (-3072.000000 2024.000000 -391.000000) (-2742.000000 2024.000000 -391.000000) (-2742.000000 2024.000000 -286.000000) 
4 357 381 (-2742.000000 2024.000000 -391.000000) (-2696.000000 2024.000000 -391.000000) (-2696.000000 2024.000000 -286.000000) (-2742.000000 2024.000000 -286.000000) 
4 357 361 (-3048.000000 2048.000000 -391.000000) (-2824.000000 2048.000000 -391.000000) (-2824.000000 2024.000000 -391.000000) (-3072.000000 2024.000000 -391.000000) 
4 357 358 (-3072.000000 2024.000000 -286.000000) (-2696.000000 2024.000000 -286.000000) (-2700.000000 2028.000000 -282.000000) (-3068.000000 2028.000000 -282.000000) 
4 358 413 (-3072.000000 2024.000000 -270.000000) (-3072.000000 2024.000000 -286.000000) (-2742.000000 2024.000000 -286.000000) (-2742.000000 2024.000000 -270.000000) 
4 358 381 (-2742.000000 2024.000000 -286.000000) (-2696.000000 2024.000000 -286.000000) (-2696.000000 2024.000000 -282.000000) (-2742.000000 2024.000000 -282.000000) 
4 358 379 (-2696.000000 2024.000000 -282.000000) (-2696.000000 2024.000000 -270.000000) (-2742.000000 2024.000000 -270.000000) (-2742.000000 2024.000000 -282.000000) 
4 359 414 (-2742.000000 2024.000000 -391.000000) (-2824.000000 2024.000000 -391.000000) (-2824.000000 2024.000000 -392.000000) (-2742.000000 2024.000000 -392.000000) 
4 359 386 (-2727.000000 2024.000000 -391.000000) (-2742.000000 2024.000000 -391.000000) (-2742.000000 2024.000000 -392.000000) (-2727.000000 2024.000000 -392.000000) 
4 359 383 (-2696.000000 2024.000000 -392.000000) (-2696.000000 2024.000000 -391.000000) (-2727.000000 2024.000000 -391.000000) (-2727.000000 2024.000000 -392.000000) 
4 359 360 (-2824.000000 2024.000000 -391.000000) (-2824.000000 2048.000000 -391.000000) (-2824.000000 2048.000000 -392.000000) (-2824.000000 2024.000000 -392.000000) 
4 360 424 (-2826.000000 2024.000000 -400.000000) (-2824.000000 2024.000000 -400.000000) (-2824.000000 2024.000000 -392.000000) (-2824.222222 2024.000000 -392.000000) 
3 360 414 (-2824.000000 2024.000000 -392.000000) (-2824.000000 2024.000000 -391.000000) (-2824.222222 2024.000000 -392.000000) 
4 361 425 (-3072.000000 2024.000000 -392.000000) (-3072.000000 2024.000000 -400.000000) (-2826.000000 2024.000000 -400.000000) (-2824.222222 2024.000000 -392.000000) 
4 361 415 (-3072.000000 2024.000000 -391.000000) (-3072.000000 2024.000000 -392.000000) (-2824.222222 2024.000000 -392.000000) (-2824.000000 2024.000000 -391.000000) 
4 362 371 (-2696.000000 2024.000000 -152.000000) (-2672.000000 2000.000000 -152.000000) (-2672.000000 1504.000000 -152.000000) (-2696.000000 1504.000000 -152.000000) 
4 362 365 (-2696.000000 1504.000000 -152.000000) (-2672.000000 1504.000000 -152.000000) (-2672.000000 1504.000000 -128.000000) (-2696.000000 1504.000000 -128.000000) 
4 362 363 (-2696.000000 2024.000000 -128.000000) (-2696.000000 2024.000000 -152.000000) (-2696.000000 2000.000000 -152.000000) (-2696.000000 2000.000000 -128.000000) 
4 362 364 (-2696.000000 2000.000000 -152.000000) (-2696.000000 1504.000000 -152.000000) (-2696.000000 1504.000000 -128.000000) (-2696.000000 2000.000000 -128.000000) 
3 363 371 (-2720.000000 2024.000000 -152.000000) (-2696.000000 2024.000000 -152.000000) (-2696.000000 2000.000000 -152.000000) 
4 363 364 (-2720.000000 2024.000000 -152.000000) (-2696.000000 2000.000000 -152.000000) (-2696.000000 2000.000000 -128.000000) (-2720.000000 2024.000000 -128.000000) 
5 364 371 (-2920.000000 2024.000000 -152.000000) (-2720.000000 2024.000000 -152.000000) (-2696.000000 2000.000000 -152.000000) (-2696.000000 1504.000000 -152.000000) (-2920.000000 1504.000000 -152.000000) 
4 364 369 (-2920.000000 1536.000000 -152.000000) (-2920.000000 1504.000000 -152.000000) (-2920.000000 1504.000000 -128.000000) (-2920.000000 1536.000000 -128.000000) 
4 364 366 (-2920.000000 2024.000000 -112.000000) (-2920.000000 2024.000000 -152.000000) (-2920.000000 1536.000000 -152.000000) (-2920.000000 1536.000000 -112.000000) 
4 364 365 (-2920.000000 1504.000000 -152.000000) (-2696.000000 1504.000000 -152.000000) (-2696.000000 1504.000000 -128.000000) (-2920.000000 1504.000000 -128.000000) 
4 365 371 (-2672.000000 1504.000000 -152.000000) (-2672.000000 1480.000000 -152.000000) (-2920.000000 1480.000000 -152.000000) (-2920.000000 1504.000000 -152.000000) 
4 365 370 (-2920.000000 1485.473684 -152.000000) (-2920.000000 1480.000000 -152.000000) (-2920.000000 1480.000000 -128.000000) (-2920.000000 1485.473684 -128.000000) 
4 365 369 (-2920.000000 1504.000000 -152.000000) (-2920.000000 1485.473684 -152.000000) (-2920.000000 1485.473684 -128.000000) (-2920.000000 1504.000000 -128.000000) 
5 366 373 (-3048.000000 2024.000000 -152.000000) (-2944.000000 2024.000000 -152.000000) (-2944.000000 1586.526316 -152.000000) (-3072.000000 1856.000000 -152.000000) (-3072.000000 2000.000000 -152.000000) 
4 366 371 (-2944.000000 2024.000000 -152.000000) (-2920.000000 2024.000000 -152.000000) (-2920.000000 1536.000000 -152.000000) (-2944.000000 1586.526316 -152.000000) 
4 366 369 (-3072.000000 1856.000000 -152.000000) (-2920.000000 1536.000000 -152.000000) (-2920.000000 1536.000000 -128.000000) (-3072.000000 1856.000000 -128.000000) 
4 366 368 (-3072.000000 2000.000000 -152.000000) (-3072.000000 1856.000000 -152.000000) (-3072.000000 1856.000000 -128.000000) (-3072.000000 2000.000000 -128.000000) 
4 366 367 (-3048.000000 2024.000000 -152.000000) (-3072.000000 2000.000000 -152.000000) (-3072.000000 2000.000000 -128.000000) (-3048.000000 2024.000000 -128.000000) 
3 367 373 (-3072.000000 2024.000000 -152.000000) (-3048.000000 2024.000000 -152.000000) (-3072.000000 2000.000000 -152.000000) 
4 367 368 (-3072.000000 2024.000000 -128.000000) (-3072.000000 2024.000000 -152.000000) (-3072.000000 2000.000000 -152.000000) (-3072.000000 2000.000000 -128.000000) 
4 368 373 (-3072.000000 2024.000000 -152.000000) (-3072.000000 1856.000000 -152.000000) (-3096.000000 1906.526316 -152.000000) (-3096.000000 2000.000000 -152.000000) 
4 368 369 (-3096.000000 1906.526316 -152.000000) (-3072.000000 1856.000000 -152.000000) (-3072.000000 1856.000000 -128.000000) (-3096.000000 1906.526316 -128.000000) 
4 369 373 (-2944.000000 1536.000000 -152.000000) (-3096.000000 1856.000000 -152.000000) (-3096.000000 1906.526316 -152.000000) (-2944.000000 1586.526316 -152.000000) 
4 369 371 (-2920.000000 1536.000000 -152.000000) (-2920.000000 1485.473684 -152.000000) (-2944.000000 1536.000000 -152.000000) (-2944.000000 1586.526316 -152.000000) 
4 369 370 (-2944.000000 1536.000000 -152.000000) (-2920.000000 1485.473684 -152.000000) (-2920.000000 1485.473684 -128.000000) (-2944.000000 1536.000000 -128.000000) 
4 370 371 (-2920.000000 1485.473684 -152.000000) (-2920.000000 1480.000000 -152.000000) (-2944.000000 1480.000000 -152.000000) (-2944.000000 1536.000000 -152.000000) 
3 371 434 (-2944.000000 1480.000000 -240.000000) (-2944.000000 1536.000000 -240.000000) (-2917.400000 1480.000000 -240.000000) 
5 371 428 (-2944.000000 1536.000000 -240.000000) (-2944.000000 1680.000000 -240.000000) (-2840.888889 1628.444444 -240.000000) (-2878.000000 1480.000000 -240.000000) (-2917.400000 1480.000000 -240.000000) 
4 371 413 (-2944.000000 1680.000000 -240.000000) (-2944.000000 2024.000000 -240.000000) (-2742.000000 2024.000000 -240.000000) (-2840.888889 1628.444444 -240.000000) 
5 371 374 (-2742.000000 2024.000000 -240.000000) (-2696.000000 2024.000000 -240.000000) (-2672.000000 2000.000000 -240.000000) (-2672.000000 1480.000000 -240.000000) (-2878.000000 1480.000000 -240.000000) 
4 371 373 (-2944.000000 2024.000000 -240.000000) (-2944.000000 1536.000000 -240.000000) (-2944.000000 1536.000000 -152.000000) (-2944.000000 2024.000000 -152.000000) 
8 371 372 (-2896.000000 1480.000000 -208.000000) (-2888.000000 1480.000000 -216.000000) (-2728.000000 1480.000000 -216.000000) (-2720.000000 1480.000000 -208.000000) (-2720.000000 1480.000000 -160.000000) (-2728.000000 1480.000000 -152.000000) (-2888.000000 1480.000000 -152.000000) (-2896.000000 1480.000000 -160.000000) 
3 373 428 (-2944.000000 1680.000000 -240.000000) (-2944.000000 1536.000000 -240.000000) (-3033.704918 1724.852459 -240.000000) 
6 373 413 (-3072.000000 2024.000000 -240.000000) (-2944.000000 2024.000000 -240.000000) (-2944.000000 1680.000000 -240.000000) (-3033.704918 1724.852459 -240.000000) (-3096.000000 1856.000000 -240.000000) (-3096.000000 2000.000000 -240.000000) 
4 374 435 (-2878.000000 1480.000000 -256.000000) (-2878.000000 1480.000000 -270.000000) (-2704.000000 1480.000000 -270.000000) (-2704.000000 1480.000000 -256.000000) 
4 374 428 (-2878.000000 1480.000000 -270.000000) (-2878.000000 1480.000000 -240.000000) (-2840.888889 1628.444444 -240.000000) (-2840.888889 1628.444444 -270.000000) 
4 374 413 (-2840.888889 1628.444444 -240.000000) (-2742.000000 2024.000000 -240.000000) (-2742.000000 2024.000000 -270.000000) (-2840.888889 1628.444444 -270.000000) 
4 374 377 (-2672.000000 1678.000000 -270.000000) (-2672.000000 1616.000000 -270.000000) (-2680.000000 1608.000000 -270.000000) (-2680.000000 1678.000000 -270.000000) 
4 374 376 (-2680.000000 2008.000000 -270.000000) (-2672.000000 2000.000000 -270.000000) (-2672.000000 1690.000000 -270.000000) (-2680.000000 1690.000000 -270.000000) 
7 374 379 (-2836.000000 1512.000000 -270.000000) (-2856.923077 1564.307692 -270.000000) (-2742.000000 2024.000000 -270.000000) (-2696.000000 2024.000000 -270.000000) (-2680.000000 2008.000000 -270.000000) (-2680.000000 1608.000000 -270.000000) (-2801.714286 1486.285714 -270.000000) 
4 374 411 (-2808.000000 1480.000000 -270.000000) (-2823.200000 1480.000000 -270.000000) (-2836.000000 1512.000000 -270.000000) (-2801.714286 1486.285714 -270.000000) 
3 374 375 (-2672.000000 1480.000000 -270.000000) (-2808.000000 1480.000000 -270.000000) (-2672.000000 1616.000000 -270.000000) 
3 374 412 (-2823.200000 1480.000000 -270.000000) (-2878.000000 1480.000000 -270.000000) (-2856.923077 1564.307692 -270.000000) 
4 375 435 (-2704.000000 1480.000000 -270.000000) (-2808.000000 1480.000000 -270.000000) (-2808.000000 1480.000000 -384.000000) (-2704.000000 1480.000000 -384.000000) 
3 375 407 (-2782.000000 1506.000000 -392.000000) (-2784.000000 1504.000000 -392.000000) (-2782.000000 1506.000000 -390.000000) 
5 375 408 (-2784.000000 1504.000000 -392.000000) (-2793.500000 1494.500000 -392.000000) (-2793.500000 1494.500000 -282.000000) (-2782.000000 1506.000000 -282.000000) (-2782.000000 1506.000000 -390.000000) 
4 375 409 (-2793.500000 1494.500000 -392.000000) (-2801.714286 1486.285714 -392.000000) (-2801.714286 1486.285714 -282.000000) (-2793.500000 1494.500000 -282.000000) 
4 375 396 (-2782.000000 1506.000000 -391.000000) (-2782.000000 1506.000000 -282.000000) (-2774.000000 1514.000000 -282.000000) (-2774.000000 1514.000000 -391.000000) 
4 375 380 (-2672.000000 1616.000000 -392.000000) (-2774.000000 1514.000000 -392.000000) (-2774.000000 1514.000000 -282.000000) (-2672.000000 1616.000000 -282.000000) 
5 375 377 (-2680.000000 1608.000000 -270.000000) (-2672.000000 1616.000000 -270.000000) (-2672.000000 1616.000000 -282.000000) (-2684.000000 1604.000000 -282.000000) (-2684.000000 1604.000000 -274.000000) 
3 375 378 (-2684.000000 1604.000000 -282.000000) (-2692.000000 1596.000000 -282.000000) (-2684.000000 1604.000000 -274.000000) 
4 375 379 (-2801.714286 1486.285714 -282.000000) (-2801.714286 1486.285714 -270.000000) (-2680.000000 1608.000000 -270.000000) (-2692.000000 1596.000000 -282.000000) 
4 375 411 (-2801.714286 1486.285714 -392.000000) (-2808.000000 1480.000000 -392.000000) (-2808.000000 1480.000000 -270.000000) (-2801.714286 1486.285714 -270.000000) 
4 376 381 (-2684.000000 2012.000000 -282.000000) (-2672.000000 2000.000000 -282.000000) (-2672.000000 1856.000000 -282.000000) (-2684.000000 1850.000000 -282.000000) 
4 376 387 (-2672.000000 1856.000000 -282.000000) (-2672.000000 1820.000000 -282.000000) (-2684.000000 1784.000000 -282.000000) (-2684.000000 1850.000000 -282.000000) 
4 376 380 (-2672.000000 1820.000000 -282.000000) (-2672.000000 1690.000000 -282.000000) (-2684.000000 1690.000000 -282.000000) (-2684.000000 1784.000000 -282.000000) 
4 376 378 (-2684.000000 2012.000000 -282.000000) (-2684.000000 1690.000000 -282.000000) (-2684.000000 1690.000000 -274.000000) (-2684.000000 2012.000000 -274.000000) 
4 376 379 (-2680.000000 1690.000000 -270.000000) (-2680.000000 2008.000000 -270.000000) (-2684.000000 2012.000000 -274.000000) (-2684.000000 1690.000000 -274.000000) 
4 377 380 (-2672.000000 1678.000000 -282.000000) (-2672.000000 1616.000000 -282.000000) (-2684.000000 1604.000000 -282.000000) (-2684.000000 1678.000000 -282.000000) 
4 377 379 (-2684.000000 1604.000000 -274.000000) (-2680.000000 1608.000000 -270.000000) (-2680.000000 1678.000000 -270.000000) (-2684.000000 1678.000000 -274.000000) 
4 377 378 (-2684.000000 1678.000000 -282.000000) (-2684.000000 1604.000000 -282.000000) (-2684.000000 1604.000000 -274.000000) (-2684.000000 1678.000000 -274.000000) 
4 378 381 (-2692.000000 2020.000000 -282.000000) (-2684.000000 2012.000000 -282.000000) (-2684.000000 1850.000000 -282.000000) (-2692.000000 1846.000000 -282.000000) 
4 378 387 (-2684.000000 1850.000000 -282.000000) (-2684.000000 1784.000000 -282.000000) (-2692.000000 1760.000000 -282.000000) (-2692.000000 1846.000000 -282.000000) 
4 378 380 (-2684.000000 1784.000000 -282.000000) (-2684.000000 1604.000000 -282.000000) (-2692.000000 1596.000000 -282.000000) (-2692.000000 1760.000000 -282.000000) 
4 378 379 (-2692.000000 1596.000000 -282.000000) (-2684.000000 1604.000000 -274.000000) (-2684.000000 2012.000000 -274.000000) (-2692.000000 2020.000000 -282.000000) 
4 379 428 (-2856.923077 1564.307692 -270.000000) (-2840.888889 1628.444444 -270.000000) (-2840.888889 1628.444444 -282.000000) (-2856.923077 1564.307692 -282.000000) 
4 379 413 (-2840.888889 1628.444444 -270.000000) (-2742.000000 2024.000000 -270.000000) (-2742.000000 2024.000000 -282.000000) (-2840.888889 1628.444444 -282.000000) 
3 379 408 (-2782.000000 1506.000000 -282.000000) (-2793.500000 1494.500000 -282.000000) (-2828.000000 1506.000000 -282.000000) 
3 379 409 (-2793.500000 1494.500000 -282.000000) (-2801.714286 1486.285714 -282.000000) (-2828.000000 1506.000000 -282.000000) 
6 379 399 (-2789.000000 1506.000000 -282.000000) (-2828.000000 1506.000000 -282.000000) (-2836.000000 1512.000000 -282.000000) (-2848.581818 1543.454545 -282.000000) (-2809.000000 1600.000000 -282.000000) (-2789.000000 1600.000000 -282.000000) 
5 379 396 (-2745.333333 1600.000000 -282.000000) (-2774.000000 1514.000000 -282.000000) (-2782.000000 1506.000000 -282.000000) (-2789.000000 1506.000000 -282.000000) (-2789.000000 1600.000000 -282.000000) 
4 379 410 (-2848.581818 1543.454545 -282.000000) (-2856.923077 1564.307692 -282.000000) (-2848.000000 1600.000000 -282.000000) (-2809.000000 1600.000000 -282.000000) 
4 379 389 (-2789.000000 1600.000000 -282.000000) (-2848.000000 1600.000000 -282.000000) (-2830.333333 1670.666667 -282.000000) (-2792.360143 1640.288114 -282.000000) 
4 379 388 (-2744.631579 1602.105263 -282.000000) (-2745.333333 1600.000000 -282.000000) (-2789.000000 1600.000000 -282.000000) (-2792.360143 1640.288114 -282.000000) 
5 379 381 (-2742.000000 2024.000000 -282.000000) (-2696.000000 2024.000000 -282.000000) (-2692.000000 2020.000000 -282.000000) (-2692.000000 1846.000000 -282.000000) (-2800.000000 1792.000000 -282.000000) 
5 379 387 (-2692.000000 1846.000000 -282.000000) (-2692.000000 1760.000000 -282.000000) (-2744.631579 1602.105263 -282.000000) (-2830.333333 1670.666667 -282.000000) (-2800.000000 1792.000000 -282.000000) 
3 379 380 (-2692.000000 1760.000000 -282.000000) (-2692.000000 1596.000000 -282.000000) (-2774.000000 1514.000000 -282.000000) 
4 379 412 (-2856.923077 1564.307692 -270.000000) (-2856.923077 1564.307692 -282.000000) (-2836.000000 1512.000000 -282.000000) (-2836.000000 1512.000000 -270.000000) 
4 379 411 (-2836.000000 1512.000000 -270.000000) (-2836.000000 1512.000000 -282.000000) (-2801.714286 1486.285714 -282.000000) (-2801.714286 1486.285714 -270.000000) 
4 380 400 (-2745.333333 1600.000000 -391.000000) (-2745.333333 1600.000000 -392.000000) (-2772.000000 1520.000000 -392.000000) (-2772.000000 1520.000000 -391.000000) 
4 380 396 (-2774.000000 1514.000000 -282.000000) (-2745.333333 1600.000000 -282.000000) (-2745.333333 1600.000000 -391.000000) (-2774.000000 1514.000000 -391.000000) 
4 380 388 (-2745.333333 1600.000000 -282.000000) (-2744.631579 1602.105263 -282.000000) (-2744.631579 1602.105263 -390.000000) (-2745.333333 1600.000000 -390.000000) 
4 380 395 (-2744.631579 1602.105263 -390.000000) (-2744.631579 1602.105263 -392.000000) (-2745.333333 1600.000000 -392.000000) (-2745.333333 1600.000000 -390.000000) 
4 380 387 (-2744.631579 1602.105263 -282.000000) (-2672.000000 1820.000000 -282.000000) (-2672.000000 1820.000000 -392.000000) (-2744.631579 1602.105263 -392.000000) 
4 381 413 (-2742.000000 2024.000000 -282.000000) (-2742.000000 2024.000000 -391.000000) (-2800.000000 1792.000000 -391.000000) (-2800.000000 1792.000000 -282.000000) 
3 381 385 (-2744.000000 1888.000000 -391.000000) (-2753.066667 1815.466667 -391.000000) (-2768.000000 1808.000000 -391.000000) 
4 381 382 (-2678.400000 2006.400000 -391.000000) (-2672.000000 2000.000000 -391.000000) (-2672.000000 1984.000000 -391.000000) (-2704.000000 1968.000000 -391.000000) 
4 381 384 (-2672.000000 1984.000000 -391.000000) (-2672.000000 1856.000000 -391.000000) (-2753.066667 1815.466667 -391.000000) (-2736.000000 1952.000000 -391.000000) 
4 381 387 (-2800.000000 1792.000000 -282.000000) (-2800.000000 1792.000000 -391.000000) (-2672.000000 1856.000000 -391.000000) (-2672.000000 1856.000000 -282.000000) 
4 382 384 (-2704.000000 1968.000000 -392.000000) (-2672.000000 1984.000000 -392.000000) (-2672.000000 1984.000000 -391.000000) (-2704.000000 1968.000000 -391.000000) 
4 383 386 (-2727.000000 2024.000000 -391.000000) (-2727.000000 2024.000000 -392.000000) (-2736.000000 1952.000000 -392.000000) (-2736.000000 1952.000000 -391.000000) 
4 384 385 (-2744.000000 1888.000000 -392.000000) (-2753.066667 1815.466667 -392.000000) (-2753.066667 1815.466667 -391.000000) (-2744.000000 1888.000000 -391.000000) 
4 384 387 (-2753.066667 1815.466667 -392.000000) (-2672.000000 1856.000000 -392.000000) (-2672.000000 1856.000000 -391.000000) (-2753.066667 1815.466667 -391.000000) 
4 385 387 (-2768.000000 1808.000000 -392.000000) (-2753.066667 1815.466667 -392.000000) (-2753.066667 1815.466667 -391.000000) (-2768.000000 1808.000000 -391.000000) 
4 386 417 (-2779.944444 1872.222222 -392.000000) (-2800.000000 1792.000000 -392.000000) (-2800.000000 1792.000000 -391.000000) (-2780.000000 1872.000000 -391.000000) 
4 386 414 (-2742.000000 2024.000000 -391.000000) (-2742.000000 2024.000000 -392.000000) (-2779.944444 1872.222222 -392.000000) (-2780.000000 1872.000000 -391.000000) 
4 387 416 (-2808.000000 1760.000000 -392.000000) (-2830.333333 1670.666667 -392.000000) (-2830.333333 1670.666667 -391.000000) (-2808.000000 1760.000000 -391.000000) 
4 387 413 (-2830.333333 1670.666667 -391.000000) (-2830.333333 1670.666667 -282.000000) (-2800.000000 1792.000000 -282.000000) (-2800.000000 1792.000000 -391.000000) 
4 387 393 (-2805.809524 1651.047619 -390.000000) (-2802.000000 1648.000000 -390.000000) (-2802.000000 1648.000000 -389.000000) (-2805.809524 1651.047619 -389.000000) 
4 387 394 (-2830.333333 1670.666667 -389.000000) (-2830.333333 1670.666667 -390.000000) (-2805.809524 1651.047619 -390.000000) (-2805.809524 1651.047619 -389.000000) 
4 387 390 (-2797.000000 1644.000000 -390.000000) (-2792.360143 1640.288114 -390.000000) (-2792.360143 1640.288114 -389.000000) (-2797.000000 1644.000000 -389.000000) 
4 387 389 (-2792.360143 1640.288114 -282.000000) (-2830.333333 1670.666667 -282.000000) (-2830.333333 1670.666667 -389.000000) (-2792.360143 1640.288114 -389.000000) 
4 387 388 (-2744.631579 1602.105263 -390.000000) (-2744.631579 1602.105263 -282.000000) (-2792.360143 1640.288114 -282.000000) (-2792.360143 1640.288114 -390.000000) 
4 387 395 (-2744.631579 1602.105263 -392.000000) (-2744.631579 1602.105263 -390.000000) (-2830.333333 1670.666667 -390.000000) (-2830.333333 1670.666667 -392.000000) 
4 388 396 (-2789.000000 1600.000000 -390.000000) (-2745.333333 1600.000000 -390.000000) (-2745.333333 1600.000000 -282.000000) (-2789.000000 1600.000000 -282.000000) 
4 388 390 (-2791.000000 1623.980000 -389.000000) (-2792.360143 1640.288114 -389.000000) (-2792.360143 1640.288114 -390.000000) (-2791.000000 1623.980000 -390.000000) 
4 388 389 (-2789.000000 1600.000000 -389.000000) (-2789.000000 1600.000000 -282.000000) (-2792.360143 1640.288114 -282.000000) (-2792.360143 1640.288114 -389.000000) 
4 388 395 (-2792.360143 1640.288114 -390.000000) (-2744.631579 1602.105263 -390.000000) (-2745.333333 1600.000000 -390.000000) (-2789.000000 1600.000000 -390.000000) 
4 389 428 (-2848.000000 1600.000000 -389.000000) (-2848.000000 1600.000000 -282.000000) (-2840.888889 1628.444444 -282.000000) (-2840.888889 1628.444444 -389.000000) 
4 389 413 (-2840.888889 1628.444444 -282.000000) (-2830.333333 1670.666667 -282.000000) (-2830.333333 1670.666667 -389.000000) (-2840.888889 1628.444444 -389.000000) 
4 389 399 (-2809.000000 1600.000000 -389.000000) (-2789.000000 1600.000000 -389.000000) (-2789.000000 1600.000000 -282.000000) (-2809.000000 1600.000000 -282.000000) 
4 389 410 (-2848.000000 1600.000000 -282.000000) (-2848.000000 1600.000000 -389.000000) (-2809.000000 1600.000000 -389.000000) (-2809.000000 1600.000000 -282.000000) 
3 389 392 (-2807.000000 1632.000000 -389.000000) (-2806.266667 1643.733333 -389.000000) (-2805.000000 1645.000000 -389.000000) 
3 389 393 (-2805.809524 1651.047619 -389.000000) (-2802.000000 1648.000000 -389.000000) (-2806.266667 1643.733333 -389.000000) 
4 389 394 (-2830.333333 1670.666667 -389.000000) (-2805.809524 1651.047619 -389.000000) (-2809.000000 1600.000000 -389.000000) (-2848.000000 1600.000000 -389.000000) 
3 389 390 (-2797.000000 1644.000000 -389.000000) (-2792.360143 1640.288114 -389.000000) (-2791.000000 1623.980000 -389.000000) 
3 390 395 (-2797.000000 1644.000000 -390.000000) (-2792.360143 1640.288114 -390.000000) (-2791.000000 1623.980000 -390.000000) 
4 391 397 (-2809.000000 1600.000000 -390.000000) (-2789.000000 1600.000000 -390.000000) (-2789.000000 1600.000000 -389.000000) (-2809.000000 1600.000000 -389.000000) 
4 392 393 (-2805.000000 1645.000000 -390.000000) (-2806.266667 1643.733333 -390.000000) (-2806.266667 1643.733333 -389.000000) (-2805.000000 1645.000000 -389.000000) 
3 392 395 (-2807.000000 1632.000000 -390.000000) (-2806.266667 1643.733333 -390.000000) (-2805.000000 1645.000000 -390.000000) 
4 392 394 (-2806.266667 1643.733333 -390.000000) (-2807.000000 1632.000000 -390.000000) (-2807.000000 1632.000000 -389.000000) (-2806.266667 1643.733333 -389.000000) 
4 393 394 (-2805.809524 1651.047619 -390.000000) (-2806.266667 1643.733333 -390.000000) (-2806.266667 1643.733333 -389.000000) (-2805.809524 1651.047619 -389.000000) 
3 393 395 (-2805.809524 1651.047619 -390.000000) (-2802.000000 1648.000000 -390.000000) (-2806.266667 1643.733333 -390.000000) 
4 394 428 (-2848.000000 1600.000000 -390.000000) (-2848.000000 1600.000000 -389.000000) (-2840.888889 1628.444444 -389.000000) (-2840.888889 1628.444444 -390.000000) 
4 394 413 (-2840.888889 1628.444444 -389.000000) (-2830.333333 1670.666667 -389.000000) (-2830.333333 1670.666667 -390.000000) (-2840.888889 1628.444444 -390.000000) 
4 394 410 (-2848.000000 1600.000000 -389.000000) (-2848.000000 1600.000000 -390.000000) (-2809.000000 1600.000000 -390.000000) (-2809.000000 1600.000000 -389.000000) 
4 394 395 (-2830.333333 1670.666667 -390.000000) (-2805.809524 1651.047619 -390.000000) (-2809.000000 1600.000000 -390.000000) (-2848.000000 1600.000000 -390.000000) 
4 395 428 (-2840.888889 1628.444444 -392.000000) (-2848.000000 1600.000000 -392.000000) (-2848.000000 1600.000000 -390.000000) (-2840.888889 1628.444444 -390.000000) 
4 395 416 (-2830.333333 1670.666667 -392.000000) (-2840.888889 1628.444444 -392.000000) (-2840.888889 1628.444444 -391.000000) (-2830.333333 1670.666667 -391.000000) 
4 395 413 (-2840.888889 1628.444444 -391.000000) (-2840.888889 1628.444444 -390.000000) (-2830.333333 1670.666667 -390.000000) (-2830.333333 1670.666667 -391.000000) 
4 395 402 (-2789.000000 1600.000000 -392.000000) (-2787.125000 1600.000000 -392.000000) (-2787.125000 1600.000000 -391.000000) (-2789.000000 1600.000000 -391.000000) 
4 395 401 (-2787.125000 1600.000000 -392.000000) (-2776.210526 1600.000000 -392.000000) (-2776.210526 1600.000000 -391.000000) (-2787.125000 1600.000000 -391.000000) 
4 395 400 (-2776.210526 1600.000000 -392.000000) (-2745.333333 1600.000000 -392.000000) (-2745.333333 1600.000000 -391.000000) (-2776.210526 1600.000000 -391.000000) 
4 395 396 (-2745.333333 1600.000000 -391.000000) (-2745.333333 1600.000000 -390.000000) (-2789.000000 1600.000000 -390.000000) (-2789.000000 1600.000000 -391.000000) 
4 395 410 (-2848.000000 1600.000000 -390.000000) (-2848.000000 1600.000000 -392.000000) (-2809.000000 1600.000000 -392.000000) (-2809.000000 1600.000000 -390.000000) 
4 396 408 (-2782.000000 1506.000000 -390.000000) (-2782.000000 1506.000000 -282.000000) (-2789.000000 1506.000000 -282.000000) (-2789.000000 1506.000000 -390.000000) 
3 396 402 (-2789.000000 1600.000000 -391.000000) (-2787.125000 1600.000000 -391.000000) (-2784.000000 1590.000000 -391.000000) 
3 396 401 (-2787.125000 1600.000000 -391.000000) (-2776.210526 1600.000000 -391.000000) (-2774.000000 1558.000000 -391.000000) 
3 396 400 (-2776.210526 1600.000000 -391.000000) (-2745.333333 1600.000000 -391.000000) (-2772.000000 1520.000000 -391.000000) 
5 396 399 (-2789.000000 1506.000000 -391.000000) (-2789.000000 1506.000000 -282.000000) (-2789.000000 1600.000000 -282.000000) (-2789.000000 1600.000000 -389.000000) (-2789.000000 1598.666667 -391.000000) 
4 397 403 (-2809.000000 1600.000000 -391.000000) (-2789.000000 1600.000000 -391.000000) (-2789.000000 1598.666667 -391.000000) (-2809.000000 1598.666667 -391.000000) 
3 398 399 (-2809.000000 1600.000000 -389.000000) (-2809.933333 1598.666667 -391.000000) (-2809.000000 1598.666667 -391.000000) 
3 398 410 (-2809.000000 1600.000000 -389.000000) (-2809.000000 1600.000000 -391.000000) (-2809.933333 1598.666667 -391.000000) 
4 399 408 (-2828.000000 1506.000000 -282.000000) (-2828.000000 1506.000000 -390.000000) (-2789.000000 1506.000000 -390.000000) (-2789.000000 1506.000000 -282.000000) 
3 399 404 (-2840.000000 1522.000000 -391.000000) (-2844.444444 1533.111111 -391.000000) (-2832.000000 1558.000000 -391.000000) 
3 399 405 (-2848.581818 1543.454545 -391.000000) (-2816.000000 1590.000000 -391.000000) (-2844.444444 1533.111111 -391.000000) 
4 399 412 (-2836.000000 1512.000000 -391.000000) (-2836.000000 1512.000000 -282.000000) (-2848.581818 1543.454545 -282.000000) (-2848.581818 1543.454545 -391.000000) 
4 399 411 (-2836.000000 1512.000000 -282.000000) (-2836.000000 1512.000000 -391.000000) (-2828.000000 1506.000000 -391.000000) (-2828.000000 1506.000000 -282.000000) 
5 399 410 (-2809.000000 1600.000000 -282.000000) (-2809.000000 1600.000000 -389.000000) (-2809.933333 1598.666667 -391.000000) (-2848.581818 1543.454545 -391.000000) (-2848.581818 1543.454545 -282.000000) 
4 400 401 (-2776.210526 1600.000000 -392.000000) (-2774.000000 1558.000000 -392.000000) (-2774.000000 1558.000000 -391.000000) (-2776.210526 1600.000000 -391.000000) 
4 401 402 (-2787.125000 1600.000000 -392.000000) (-2784.000000 1590.000000 -392.000000) (-2784.000000 1590.000000 -391.000000) (-2787.125000 1600.000000 -391.000000) 
4 403 406 (-2828.000000 1506.000000 -391.000000) (-2828.000000 1506.000000 -392.000000) (-2782.000000 1506.000000 -392.000000) (-2782.000000 1506.000000 -391.000000) 
4 404 412 (-2844.444444 1533.111111 -392.000000) (-2840.000000 1522.000000 -392.000000) (-2840.000000 1522.000000 -391.000000) (-2844.444444 1533.111111 -391.000000) 
4 404 405 (-2832.000000 1558.000000 -392.000000) (-2844.444444 1533.111111 -392.000000) (-2844.444444 1533.111111 -391.000000) (-2832.000000 1558.000000 -391.000000) 
4 405 412 (-2848.581818 1543.454545 -392.000000) (-2844.444444 1533.111111 -392.000000) (-2844.444444 1533.111111 -391.000000) (-2848.581818 1543.454545 -391.000000) 
4 405 410 (-2816.000000 1590.000000 -392.000000) (-2848.581818 1543.454545 -392.000000) (-2848.581818 1543.454545 -391.000000) (-2816.000000 1590.000000 -391.000000) 
3 407 408 (-2786.000000 1504.000000 -392.000000) (-2784.000000 1504.000000 -392.000000) (-2782.000000 1506.000000 -390.000000) 
5 408 409 (-2828.000000 1506.000000 -282.000000) (-2828.000000 1506.000000 -390.000000) (-2822.000000 1504.000000 -392.000000) (-2793.500000 1494.500000 -392.000000) (-2793.500000 1494.500000 -282.000000) 
4 409 411 (-2828.000000 1506.000000 -392.000000) (-2801.714286 1486.285714 -392.000000) (-2801.714286 1486.285714 -282.000000) (-2828.000000 1506.000000 -282.000000) 
4 410 428 (-2848.000000 1600.000000 -392.000000) (-2856.923077 1564.307692 -392.000000) (-2856.923077 1564.307692 -282.000000) (-2848.000000 1600.000000 -282.000000) 
4 410 412 (-2856.923077 1564.307692 -282.000000) (-2856.923077 1564.307692 -392.000000) (-2848.581818 1543.454545 -392.000000) (-2848.581818 1543.454545 -282.000000) 
4 411 435 (-2808.000000 1480.000000 -270.000000) (-2823.200000 1480.000000 -270.000000) (-2823.200000 1480.000000 -384.000000) (-2808.000000 1480.000000 -384.000000) 
4 411 412 (-2836.000000 1512.000000 -392.000000) (-2823.200000 1480.000000 -392.000000) (-2823.200000 1480.000000 -270.000000) (-2836.000000 1512.000000 -270.000000) 
4 412 435 (-2823.200000 1480.000000 -270.000000) (-2878.000000 1480.000000 -270.000000) (-2878.000000 1480.000000 -384.000000) (-2823.200000 1480.000000 -384.000000) 
4 412 428 (-2878.000000 1480.000000 -392.000000) (-2878.000000 1480.000000 -270.000000) (-2856.923077 1564.307692 -270.000000) (-2856.923077 1564.307692 -392.000000) 
4 413 428 (-2840.888889 1628.444444 -391.000000) (-2840.888889 1628.444444 -240.000000) (-3033.704918 1724.852459 -240.000000) (-3033.704918 1724.852459 -391.000000) 
4 413 427 (-3054.200000 1768.000000 -391.000000) (-3033.704918 1724.852459 -391.000000) (-3033.704918 1724.852459 -256.000000) (-3054.200000 1768.000000 -256.000000) 
4 413 421 (-2976.000000 1696.000000 -391.000000) (-2992.516129 1704.258065 -391.000000) (-3032.000000 1760.000000 -391.000000) (-2992.000000 1728.000000 -391.000000) 
3 413 418 (-2832.000000 1728.000000 -391.000000) (-2842.666667 1713.777778 -391.000000) (-2896.000000 1696.000000 -391.000000) 
3 413 419 (-2888.727273 1652.363636 -391.000000) (-2944.000000 1680.000000 -391.000000) (-2842.666667 1713.777778 -391.000000) 
3 413 416 (-2840.888889 1628.444444 -391.000000) (-2888.727273 1652.363636 -391.000000) (-2808.000000 1760.000000 -391.000000) 
3 413 422 (-2992.516129 1704.258065 -391.000000) (-3024.979592 1720.489796 -391.000000) (-3066.000000 1808.000000 -391.000000) 
5 413 415 (-3096.000000 1872.000000 -391.000000) (-3096.000000 2000.000000 -391.000000) (-3072.000000 2024.000000 -391.000000) (-2824.000000 2024.000000 -391.000000) (-2824.000000 1872.000000 -391.000000) 
4 413 423 (-3024.979592 1720.489796 -391.000000) (-3033.704918 1724.852459 -391.000000) (-3096.000000 1856.000000 -391.000000) (-3096.000000 1872.000000 -391.000000) 
4 414 424 (-2824.222222 2024.000000 -392.000000) (-2824.000000 2024.000000 -392.000000) (-2824.000000 1872.222222 -392.000000) (-2824.222222 1872.222222 -392.000000) 
4 414 417 (-2824.222222 1872.222222 -392.000000) (-2779.944444 1872.222222 -392.000000) (-2780.000000 1872.000000 -391.000000) (-2824.000000 1872.000000 -391.000000) 
5 415 425 (-3096.000000 1872.222222 -392.000000) (-3096.000000 2000.000000 -392.000000) (-3072.000000 2024.000000 -392.000000) (-2824.222222 2024.000000 -392.000000) (-2824.222222 1872.222222 -392.000000) 
4 416 428 (-2840.888889 1628.444444 -392.000000) (-2840.888889 1628.444444 -391.000000) (-2888.727273 1652.363636 -391.000000) (-2888.727273 1652.363636 -392.000000) 
4 416 418 (-2842.666667 1713.777778 -391.000000) (-2832.000000 1728.000000 -391.000000) (-2832.000000 1728.000000 -392.000000) (-2842.666667 1713.777778 -392.000000) 
4 416 419 (-2888.727273 1652.363636 -392.000000) (-2888.727273 1652.363636 -391.000000) (-2842.666667 1713.777778 -391.000000) (-2842.666667 1713.777778 -392.000000) 
4 417 426 (-3064.111111 1872.222222 -392.000000) (-2824.222222 1872.222222 -392.000000) (-2824.222222 1872.000000 -392.000000) (-3064.000000 1872.000000 -392.000000) 
4 417 424 (-2824.222222 1872.222222 -392.000000) (-2824.000000 1872.222222 -392.000000) (-2824.000000 1872.000000 -392.000000) (-2824.222222 1872.000000 -392.000000) 
4 417 420 (-3064.111111 1872.222222 -392.000000) (-2992.000000 1728.000000 -392.000000) (-2992.000000 1728.000000 -391.000000) (-3064.000000 1872.000000 -391.000000) 
4 418 419 (-2896.000000 1696.000000 -392.000000) (-2842.666667 1713.777778 -392.000000) (-2842.666667 1713.777778 -391.000000) (-2896.000000 1696.000000 -391.000000) 
4 419 428 (-2888.727273 1652.363636 -391.000000) (-2944.000000 1680.000000 -391.000000) (-2944.000000 1680.000000 -392.000000) (-2888.727273 1652.363636 -392.000000) 
4 420 426 (-3096.000000 1872.000000 -392.000000) (-3096.000000 1872.222222 -392.000000) (-3064.111111 1872.222222 -392.000000) (-3064.000000 1872.000000 -392.000000) 
4 421 428 (-2976.000000 1696.000000 -391.000000) (-2992.516129 1704.258065 -391.000000) (-2992.516129 1704.258065 -392.000000) (-2976.000000 1696.000000 -392.000000) 
4 421 422 (-3032.000000 1760.000000 -392.000000) (-2992.516129 1704.258065 -392.000000) (-2992.516129 1704.258065 -391.000000) (-3032.000000 1760.000000 -391.000000) 
4 422 428 (-2992.516129 1704.258065 -391.000000) (-3024.979592 1720.489796 -391.000000) (-3024.979592 1720.489796 -392.000000) (-2992.516129 1704.258065 -392.000000) 
4 422 423 (-3024.979592 1720.489796 -392.000000) (-3024.979592 1720.489796 -391.000000) (-3066.000000 1808.000000 -391.000000) (-3066.000000 1808.000000 -392.000000) 
4 423 428 (-3024.979592 1720.489796 -391.000000) (-3033.704918 1724.852459 -391.000000) (-3033.704918 1724.852459 -392.000000) (-3024.979592 1720.489796 -392.000000) 
4 423 427 (-3054.200000 1768.000000 -392.000000) (-3033.704918 1724.852459 -392.000000) (-3033.704918 1724.852459 -391.000000) (-3054.200000 1768.000000 -391.000000) 
4 424 426 (-2826.000000 1874.000000 -400.000000) (-2826.000000 1872.000000 -400.000000) (-2824.222222 1872.000000 -392.000000) (-2824.222222 1872.222222 -392.000000) 
4 427 429 (-3096.000000 1756.000000 -256.000000) (-3096.000000 1756.000000 -262.000000) (-3033.704918 1724.852459 -262.000000) (-3033.704918 1724.852459 -256.000000) 
4 427 432 (-3096.000000 1756.000000 -262.000000) (-3096.000000 1756.000000 -392.000000) (-3033.704918 1724.852459 -392.000000) (-3033.704918 1724.852459 -262.000000) 
4 428 435 (-2912.000000 1480.000000 -256.000000) (-2912.000000 1480.000000 -384.000000) (-2878.000000 1480.000000 -384.000000) (-2878.000000 1480.000000 -256.000000) 
4 428 434 (-2917.400000 1480.000000 -392.000000) (-2917.400000 1480.000000 -240.000000) (-2944.000000 1536.000000 -240.000000) (-2944.000000 1536.000000 -392.000000) 
4 428 430 (-3019.050000 1694.000000 -262.000000) (-3013.350000 1682.000000 -262.000000) (-3013.350000 1682.000000 -256.000000) (-3019.050000 1694.000000 -256.000000) 
4 428 429 (-3033.704918 1724.852459 -256.000000) (-3033.704918 1724.852459 -262.000000) (-3019.050000 1694.000000 -262.000000) (-3019.050000 1694.000000 -256.000000) 
4 428 432 (-3033.704918 1724.852459 -262.000000) (-3033.704918 1724.852459 -392.000000) (-3013.350000 1682.000000 -392.000000) (-3013.350000 1682.000000 -262.000000) 
4 428 433 (-3013.350000 1682.000000 -392.000000) (-2989.600000 1632.000000 -392.000000) (-2989.600000 1632.000000 -256.000000) (-3013.350000 1682.000000 -256.000000) 
4 429 430 (-3042.000000 1694.000000 -262.000000) (-3019.050000 1694.000000 -262.000000) (-3019.050000 1694.000000 -256.000000) (-3042.000000 1694.000000 -256.000000) 
4 429 431 (-3096.000000 1694.000000 -256.000000) (-3096.000000 1694.000000 -262.000000) (-3054.000000 1694.000000 -262.000000) (-3054.000000 1694.000000 -256.000000) 
4 429 432 (-3096.000000 1694.000000 -262.000000) (-3096.000000 1756.000000 -262.000000) (-3033.704918 1724.852459 -262.000000) (-3019.050000 1694.000000 -262.000000) 
4 430 432 (-3042.000000 1694.000000 -262.000000) (-3019.050000 1694.000000 -262.000000) (-3013.350000 1682.000000 -262.000000) (-3042.000000 1682.000000 -262.000000) 
4 430 433 (-3042.000000 1682.000000 -262.000000) (-3013.350000 1682.000000 -262.000000) (-3013.350000 1682.000000 -256.000000) (-3042.000000 1682.000000 -256.000000) 
4 431 433 (-3096.000000 1682.000000 -256.000000) (-3096.000000 1682.000000 -262.000000) (-3054.000000 1682.000000 -262.000000) (-3054.000000 1682.000000 -256.000000) 
4 431 432 (-3096.000000 1682.000000 -262.000000) (-3096.000000 1694.000000 -262.000000) (-3054.000000 1694.000000 -262.000000) (-3054.000000 1682.000000 -262.000000) 
4 432 433 (-3096.000000 1682.000000 -262.000000) (-3096.000000 1682.000000 -392.000000) (-3013.350000 1682.000000 -392.000000) (-3013.350000 1682.000000 -262.000000) 
4 435 436 (-2704.000000 1448.000000 -384.000000) (-2704.000000 1448.000000 -256.000000) (-2912.000000 1448.000000 -256.000000) (-2912.000000 1448.000000 -384.000000) 
4 436 587 (-2704.000000 1272.000000 -240.000000) (-2912.000000 1272.000000 -240.000000) (-2912.000000 1272.000000 -384.000000) (-2704.000000 1272.000000 -384.000000) 
4 437 541 (-1504.000000 1136.000000 -136.000000) (-1504.000000 800.000000 -136.000000) (-1504.000000 800.000000 -112.000000) (-1504.000000 1136.000000 -112.000000) 
4 437 529 (-1504.000000 800.000000 -136.000000) (-1504.000000 848.000000 -136.000000) (-1312.000000 848.000000 -136.000000) (-1312.000000 800.000000 -136.000000) 
4 437 523 (-1504.000000 848.000000 -136.000000) (-1504.000000 856.000000 -136.000000) (-1453.142857 856.000000 -136.000000) (-1453.142857 848.000000 -136.000000) 
4 437 522 (-1453.142857 856.000000 -136.000000) (-1312.000000 856.000000 -136.000000) (-1312.000000 848.000000 -136.000000) (-1453.142857 848.000000 -136.000000) 
3 437 488 (-1312.000000 942.588235 -136.000000) (-1312.000000 941.142857 -136.000000) (-1315.510204 941.142857 -136.000000) 
4 437 487 (-1312.000000 1009.142857 -136.000000) (-1312.000000 942.588235 -136.000000) (-1315.510204 941.142857 -136.000000) (-1340.000000 941.142857 -136.000000) 
5 437 486 (-1312.000000 941.142857 -136.000000) (-1312.000000 902.823529 -136.000000) (-1348.221453 902.823529 -136.000000) (-1352.000000 912.000000 -136.000000) (-1340.000000 941.142857 -136.000000) 
4 437 497 (-1394.339100 1014.823529 -136.000000) (-1312.000000 1014.823529 -136.000000) (-1312.000000 1009.142857 -136.000000) (-1352.000000 912.000000 -136.000000) 
4 437 498 (-1312.000000 902.823529 -136.000000) (-1312.000000 881.411765 -136.000000) (-1345.000000 895.000000 -136.000000) (-1348.221453 902.823529 -136.000000) 
4 437 499 (-1504.000000 960.470588 -136.000000) (-1504.000000 1014.823529 -136.000000) (-1394.339100 1014.823529 -136.000000) (-1345.000000 895.000000 -136.000000) 
4 437 473 (-1375.058824 1080.000000 -136.000000) (-1312.000000 1080.000000 -136.000000) (-1312.000000 1053.142857 -136.000000) (-1364.000000 1053.142857 -136.000000) 
5 437 484 (-1504.000000 1072.470588 -136.000000) (-1504.000000 1080.000000 -136.000000) (-1375.058824 1080.000000 -136.000000) (-1364.000000 1053.142857 -136.000000) (-1457.061224 1053.142857 -136.000000) 
4 437 472 (-1312.000000 1053.142857 -136.000000) (-1312.000000 1014.823529 -136.000000) (-1364.000000 1014.823529 -136.000000) (-1457.061224 1053.142857 -136.000000) 
3 437 485 (-1504.000000 1014.823529 -136.000000) (-1504.000000 1072.470588 -136.000000) (-1364.000000 1014.823529 -136.000000) 
4 437 500 (-1504.000000 856.000000 -136.000000) (-1504.000000 960.470588 -136.000000) (-1312.000000 881.411765 -136.000000) (-1312.000000 856.000000 -136.000000) 
4 437 455 (-1504.000000 1080.000000 -136.000000) (-1504.000000 1088.000000 -136.000000) (-1453.142857 1088.000000 -136.000000) (-1453.142857 1080.000000 -136.000000) 
4 437 451 (-1453.142857 1088.000000 -136.000000) (-1312.000000 1088.000000 -136.000000) (-1312.000000 1080.000000 -136.000000) (-1453.142857 1080.000000 -136.000000) 
4 437 439 (-1504.000000 1088.000000 -136.000000) (-1504.000000 1136.000000 -136.000000) (-1312.000000 1136.000000 -136.000000) (-1312.000000 1088.000000 -136.000000) 
4 437 438 (-1472.000000 800.000000 -112.000000) (-1504.000000 800.000000 -112.000000) (-1504.000000 800.000000 -136.000000) (-1472.000000 800.000000 -136.000000) 
4 438 529 (-1504.000000 768.000000 -136.000000) (-1504.000000 800.000000 -136.000000) (-1472.000000 800.000000 -136.000000) (-1472.000000 768.000000 -136.000000) 
4 439 544 (-1504.000000 1088.000000 -136.000000) (-1504.000000 1168.000000 -136.000000) (-1504.000000 1168.000000 -320.000000) (-1504.000000 1088.000000 -320.000000) 
3 439 452 (-1364.000000 1088.000000 -320.000000) (-1348.000000 1088.000000 -320.000000) (-1356.000000 1088.000000 -306.000000) 
5 439 455 (-1504.000000 1088.000000 -136.000000) (-1504.000000 1088.000000 -320.000000) (-1364.000000 1088.000000 -320.000000) (-1356.000000 1088.000000 -306.000000) (-1453.142857 1088.000000 -136.000000) 
4 439 451 (-1348.000000 1088.000000 -320.000000) (-1280.000000 1088.000000 -320.000000) (-1280.000000 1088.000000 -136.000000) (-1453.142857 1088.000000 -136.000000) 
4 439 445 (-1352.400000 1088.000000 -320.000000) (-1359.600000 1088.000000 -320.000000) (-1359.600000 1160.000000 -320.000000) (-1352.400000 1160.000000 -320.000000) 
4 439 444 (-1348.000000 1088.000000 -320.000000) (-1352.400000 1088.000000 -320.000000) (-1352.400000 1160.000000 -320.000000) (-1348.000000 1160.000000 -320.000000) 
4 439 449 (-1359.600000 1088.000000 -320.000000) (-1364.000000 1088.000000 -320.000000) (-1364.000000 1160.000000 -320.000000) (-1359.600000 1160.000000 -320.000000) 
4 439 450 (-1364.000000 1088.000000 -320.000000) (-1504.000000 1088.000000 -320.000000) (-1504.000000 1168.000000 -320.000000) (-1364.000000 1168.000000 -320.000000) 
5 439 440 (-1280.000000 1088.000000 -320.000000) (-1348.000000 1088.000000 -320.000000) (-1348.000000 1168.000000 -320.000000) (-1312.000000 1168.000000 -320.000000) (-1280.000000 1136.000000 -320.000000) 
4 440 451 (-1311.428571 1088.000000 -384.000000) (-1280.000000 1088.000000 -384.000000) (-1280.000000 1088.000000 -320.000000) (-1348.000000 1088.000000 -320.000000) 
4 440 444 (-1340.000000 1088.000000 -334.000000) (-1348.000000 1088.000000 -320.000000) (-1348.000000 1160.000000 -320.000000) (-1340.000000 1160.000000 -334.000000) 
5 440 441 (-1312.000000 1168.000000 -383.000000) (-1311.428571 1167.428571 -384.000000) (-1311.428571 1088.000000 -384.000000) (-1340.000000 1088.000000 -334.000000) (-1340.000000 1168.000000 -334.000000) 
3 441 453 (-1332.000000 1088.000000 -348.000000) (-1340.000000 1088.000000 -334.000000) (-1348.000000 1088.000000 -348.000000) 
4 441 456 (-1368.571429 1088.000000 -384.000000) (-1311.428571 1088.000000 -384.000000) (-1332.000000 1088.000000 -348.000000) (-1348.000000 1088.000000 -348.000000) 
4 441 446 (-1345.714286 1088.000000 -344.000000) (-1341.951220 1088.000000 -337.414634) (-1341.951220 1160.000000 -337.414634) (-1345.714286 1160.000000 -344.000000) 
4 441 444 (-1341.951220 1088.000000 -337.414634) (-1340.000000 1088.000000 -334.000000) (-1340.000000 1160.000000 -334.000000) (-1341.951220 1160.000000 -337.414634) 
4 441 448 (-1368.571429 1160.000000 -384.000000) (-1368.571429 1088.000000 -384.000000) (-1345.714286 1088.000000 -344.000000) (-1345.714286 1160.000000 -344.000000) 
4 441 442 (-1356.000000 1160.000000 -362.000000) (-1348.000000 1160.000000 -348.000000) (-1348.000000 1168.000000 -348.000000) (-1356.000000 1168.000000 -362.000000) 
4 441 443 (-1368.571429 1168.000000 -384.000000) (-1368.571429 1160.000000 -384.000000) (-1356.000000 1160.000000 -362.000000) (-1356.000000 1168.000000 -362.000000) 
3 442 448 (-1356.000000 1160.000000 -362.000000) (-1348.000000 1160.000000 -348.000000) (-1364.000000 1160.000000 -348.000000) 
4 442 443 (-1364.000000 1168.000000 -348.000000) (-1356.000000 1168.000000 -362.000000) (-1356.000000 1160.000000 -362.000000) (-1364.000000 1160.000000 -348.000000) 
3 443 447 (-1366.285714 1160.000000 -344.000000) (-1370.048780 1160.000000 -337.414634) (-1374.000000 1160.000000 -344.000000) 
5 443 448 (-1398.000000 1160.000000 -384.000000) (-1368.571429 1160.000000 -384.000000) (-1356.000000 1160.000000 -362.000000) (-1366.285714 1160.000000 -344.000000) (-1374.000000 1160.000000 -344.000000) 
4 443 449 (-1400.571429 1160.000000 -384.000000) (-1398.000000 1160.000000 -384.000000) (-1370.048780 1160.000000 -337.414634) (-1372.000000 1160.000000 -334.000000) 
4 443 450 (-1372.000000 1168.000000 -334.000000) (-1400.571429 1168.000000 -384.000000) (-1400.571429 1160.000000 -384.000000) (-1372.000000 1160.000000 -334.000000) 
4 444 446 (-1344.000000 1160.000000 -334.000000) (-1341.951220 1160.000000 -337.414634) (-1341.951220 1088.000000 -337.414634) (-1344.000000 1088.000000 -334.000000) 
4 444 445 (-1352.400000 1160.000000 -320.000000) (-1350.000000 1160.000000 -324.000000) (-1350.000000 1088.000000 -324.000000) (-1352.400000 1088.000000 -320.000000) 
4 445 449 (-1359.600000 1160.000000 -320.000000) (-1362.000000 1160.000000 -324.000000) (-1362.000000 1088.000000 -324.000000) (-1359.600000 1088.000000 -320.000000) 
4 446 448 (-1350.000000 1160.000000 -344.000000) (-1345.714286 1160.000000 -344.000000) (-1345.714286 1088.000000 -344.000000) (-1350.000000 1088.000000 -344.000000) 
3 447 454 (-1370.048780 1088.000000 -337.414634) (-1374.000000 1088.000000 -344.000000) (-1366.285714 1088.000000 -344.000000) 
4 447 449 (-1368.000000 1160.000000 -334.000000) (-1374.000000 1160.000000 -344.000000) (-1374.000000 1088.000000 -344.000000) (-1368.000000 1088.000000 -334.000000) 
4 447 448 (-1374.000000 1160.000000 -344.000000) (-1362.000000 1160.000000 -344.000000) (-1362.000000 1088.000000 -344.000000) (-1374.000000 1088.000000 -344.000000) 
4 448 454 (-1366.285714 1088.000000 -344.000000) (-1374.000000 1088.000000 -344.000000) (-1376.400000 1088.000000 -348.000000) (-1364.000000 1088.000000 -348.000000) 
4 448 456 (-1398.000000 1088.000000 -384.000000) (-1368.571429 1088.000000 -384.000000) (-1348.000000 1088.000000 -348.000000) (-1376.400000 1088.000000 -348.000000) 
4 448 449 (-1374.000000 1160.000000 -344.000000) (-1398.000000 1160.000000 -384.000000) (-1398.000000 1088.000000 -384.000000) (-1374.000000 1088.000000 -344.000000) 
4 449 454 (-1376.400000 1088.000000 -348.000000) (-1370.048780 1088.000000 -337.414634) (-1372.000000 1088.000000 -334.000000) (-1380.000000 1088.000000 -348.000000) 
4 449 456 (-1400.571429 1088.000000 -384.000000) (-1398.000000 1088.000000 -384.000000) (-1376.400000 1088.000000 -348.000000) (-1380.000000 1088.000000 -348.000000) 
4 449 450 (-1400.571429 1160.000000 -384.000000) (-1400.571429 1088.000000 -384.000000) (-1364.000000 1088.000000 -320.000000) (-1364.000000 1160.000000 -320.000000) 
4 450 544 (-1504.000000 1168.000000 -320.000000) (-1504.000000 1168.000000 -384.000000) (-1504.000000 1088.000000 -384.000000) (-1504.000000 1088.000000 -320.000000) 
4 450 455 (-1504.000000 1088.000000 -320.000000) (-1504.000000 1088.000000 -348.000000) (-1380.000000 1088.000000 -348.000000) (-1364.000000 1088.000000 -320.000000) 
4 450 456 (-1504.000000 1088.000000 -348.000000) (-1504.000000 1088.000000 -384.000000) (-1400.571429 1088.000000 -384.000000) (-1380.000000 1088.000000 -348.000000) 
4 451 501 (-1280.000000 1080.000000 -288.000000) (-1280.000000 1080.000000 -280.000000) (-1370.857143 1080.000000 -280.000000) (-1366.285714 1080.000000 -288.000000) 
4 451 475 (-1328.941176 1080.000000 -280.000000) (-1288.000000 1080.000000 -280.000000) (-1288.000000 1080.000000 -249.714286) (-1328.941176 1080.000000 -249.714286) 
4 451 474 (-1288.000000 1080.000000 -249.714286) (-1288.000000 1080.000000 -171.058824) (-1328.941176 1080.000000 -171.058824) (-1328.941176 1080.000000 -249.714286) 
5 451 483 (-1375.058824 1080.000000 -171.058824) (-1375.058824 1080.000000 -272.647059) (-1370.857143 1080.000000 -280.000000) (-1328.941176 1080.000000 -280.000000) (-1328.941176 1080.000000 -171.058824) 
4 451 473 (-1288.000000 1080.000000 -136.000000) (-1375.058824 1080.000000 -136.000000) (-1375.058824 1080.000000 -171.058824) (-1288.000000 1080.000000 -171.058824) 
3 451 484 (-1375.058824 1080.000000 -136.000000) (-1453.142857 1080.000000 -136.000000) (-1375.058824 1080.000000 -272.647059) 
4 451 457 (-1280.000000 1080.000000 -280.000000) (-1280.000000 1080.000000 -136.000000) (-1288.000000 1080.000000 -136.000000) (-1288.000000 1080.000000 -280.000000) 
4 451 453 (-1340.000000 1088.000000 -334.000000) (-1332.000000 1088.000000 -348.000000) (-1332.000000 1080.000000 -348.000000) (-1340.000000 1080.000000 -334.000000) 
4 451 452 (-1356.000000 1088.000000 -306.000000) (-1348.000000 1088.000000 -320.000000) (-1348.000000 1080.000000 -320.000000) (-1356.000000 1080.000000 -306.000000) 
4 451 455 (-1453.142857 1088.000000 -136.000000) (-1356.000000 1088.000000 -306.000000) (-1356.000000 1080.000000 -306.000000) (-1453.142857 1080.000000 -136.000000) 
4 451 456 (-1332.000000 1088.000000 -348.000000) (-1311.428571 1088.000000 -384.000000) (-1311.428571 1080.000000 -384.000000) (-1332.000000 1080.000000 -348.000000) 
4 452 455 (-1364.000000 1080.000000 -320.000000) (-1356.000000 1080.000000 -306.000000) (-1356.000000 1088.000000 -306.000000) (-1364.000000 1088.000000 -320.000000) 
4 453 456 (-1332.000000 1080.000000 -348.000000) (-1348.000000 1080.000000 -348.000000) (-1348.000000 1088.000000 -348.000000) (-1332.000000 1088.000000 -348.000000) 
4 454 456 (-1364.000000 1080.000000 -348.000000) (-1380.000000 1080.000000 -348.000000) (-1380.000000 1088.000000 -348.000000) (-1364.000000 1088.000000 -348.000000) 
4 454 455 (-1380.000000 1080.000000 -348.000000) (-1372.000000 1080.000000 -334.000000) (-1372.000000 1088.000000 -334.000000) (-1380.000000 1088.000000 -348.000000) 
4 455 544 (-1504.000000 1080.000000 -136.000000) (-1504.000000 1088.000000 -136.000000) (-1504.000000 1088.000000 -348.000000) (-1504.000000 1080.000000 -348.000000) 
4 455 518 (-1400.000000 1080.000000 -296.000000) (-1400.000000 1080.000000 -288.000000) (-1408.000000 1080.000000 -288.000000) (-1408.000000 1080.000000 -304.000000) 
3 455 516 (-1392.000000 1080.000000 -288.000000) (-1400.000000 1080.000000 -288.000000) (-1400.000000 1080.000000 -296.000000) 
4 455 502 (-1398.000000 1080.000000 -280.000000) (-1408.000000 1080.000000 -280.000000) (-1408.000000 1080.000000 -288.000000) (-1398.000000 1080.000000 -288.000000) 
4 455 501 (-1366.285714 1080.000000 -288.000000) (-1370.857143 1080.000000 -280.000000) (-1398.000000 1080.000000 -280.000000) (-1398.000000 1080.000000 -288.000000) 
4 455 521 (-1504.000000 1080.000000 -280.000000) (-1504.000000 1080.000000 -348.000000) (-1408.000000 1080.000000 -348.000000) (-1408.000000 1080.000000 -280.000000) 
3 455 483 (-1375.058824 1080.000000 -280.000000) (-1370.857143 1080.000000 -280.000000) (-1375.058824 1080.000000 -272.647059) 
5 455 484 (-1453.142857 1080.000000 -136.000000) (-1504.000000 1080.000000 -136.000000) (-1504.000000 1080.000000 -280.000000) (-1375.058824 1080.000000 -280.000000) (-1375.058824 1080.000000 -272.647059) 
4 455 456 (-1380.000000 1080.000000 -348.000000) (-1504.000000 1080.000000 -348.000000) (-1504.000000 1088.000000 -348.000000) (-1380.000000 1088.000000 -348.000000) 
4 456 544 (-1504.000000 1088.000000 -348.000000) (-1504.000000 1088.000000 -384.000000) (-1504.000000 1080.000000 -384.000000) (-1504.000000 1080.000000 -348.000000) 
3 456 520 (-1408.000000 1080.000000 -384.000000) (-1392.000000 1080.000000 -384.000000) (-1408.000000 1080.000000 -368.000000) 
4 456 521 (-1504.000000 1080.000000 -348.000000) (-1504.000000 1080.000000 -384.000000) (-1408.000000 1080.000000 -384.000000) (-1408.000000 1080.000000 -348.000000) 
4 457 503 (-1280.000000 1032.800000 -280.000000) (-1280.000000 1008.800000 -280.000000) (-1288.000000 1008.800000 -280.000000) (-1288.000000 1036.000000 -280.000000) 
4 457 501 (-1288.000000 1080.000000 -280.000000) (-1280.000000 1080.000000 -280.000000) (-1280.000000 1032.800000 -280.000000) (-1288.000000 1036.000000 -280.000000) 
3 457 482 (-1288.000000 1016.470588 -280.000000) (-1288.000000 1008.800000 -280.000000) (-1288.000000 1016.470588 -260.823529) 
4 457 479 (-1288.000000 1031.529412 -280.000000) (-1288.000000 1016.470588 -280.000000) (-1288.000000 1016.470588 -260.823529) (-1288.000000 1031.529412 -223.176471) 
5 457 476 (-1288.000000 1064.470588 -280.000000) (-1288.000000 1031.529412 -280.000000) (-1288.000000 1031.529412 -223.176471) (-1288.000000 1050.028986 -176.927536) (-1288.000000 1064.470588 -212.000000) 
4 457 475 (-1288.000000 1080.000000 -249.714286) (-1288.000000 1080.000000 -280.000000) (-1288.000000 1064.470588 -280.000000) (-1288.000000 1064.470588 -212.000000) 
4 457 474 (-1288.000000 1080.000000 -171.058824) (-1288.000000 1080.000000 -249.714286) (-1288.000000 1050.028986 -176.927536) (-1288.000000 1056.282828 -161.292929) 
4 457 473 (-1288.000000 1080.000000 -136.000000) (-1288.000000 1080.000000 -171.058824) (-1288.000000 1056.282828 -161.292929) (-1288.000000 1066.400000 -136.000000) 
4 457 459 (-1280.000000 1052.000000 -172.000000) (-1280.000000 1057.793103 -157.517241) (-1288.000000 1057.793103 -157.517241) (-1288.000000 1052.000000 -172.000000) 
4 457 458 (-1280.000000 1057.793103 -157.517241) (-1280.000000 1066.400000 -136.000000) (-1288.000000 1066.400000 -136.000000) (-1288.000000 1057.793103 -157.517241) 
4 457 463 (-1280.000000 1038.482759 -205.793103) (-1280.000000 1044.000000 -192.000000) (-1288.000000 1044.000000 -192.000000) (-1288.000000 1038.482759 -205.793103) 
4 457 464 (-1288.000000 1008.800000 -280.000000) (-1280.000000 1008.800000 -280.000000) (-1280.000000 1038.482759 -205.793103) (-1288.000000 1038.482759 -205.793103) 
3 458 487 (-1288.000000 1004.000000 -136.000000) (-1288.000000 1014.823529 -136.000000) (-1288.000000 1013.292929 -139.717172) 
4 458 473 (-1288.000000 1053.142857 -136.000000) (-1288.000000 1066.400000 -136.000000) (-1288.000000 1057.793103 -157.517241) (-1288.000000 1028.927536 -145.971014) 
4 458 472 (-1288.000000 1014.823529 -136.000000) (-1288.000000 1053.142857 -136.000000) (-1288.000000 1028.927536 -145.971014) (-1288.000000 1013.292929 -139.717172) 
4 458 460 (-1288.000000 1009.517241 -138.206897) (-1288.000000 1024.000000 -144.000000) (-1280.000000 1024.000000 -144.000000) (-1280.000000 1009.517241 -138.206897) 
4 458 459 (-1288.000000 1044.000000 -152.000000) (-1288.000000 1057.793103 -157.517241) (-1280.000000 1057.793103 -157.517241) (-1280.000000 1044.000000 -152.000000) 
4 458 461 (-1280.000000 1004.000000 -136.000000) (-1288.000000 1004.000000 -136.000000) (-1288.000000 1009.517241 -138.206897) (-1280.000000 1009.517241 -138.206897) 
3 459 474 (-1288.000000 1056.282828 -161.292929) (-1288.000000 1052.000000 -172.000000) (-1288.000000 1046.028169 -157.070423) 
4 459 473 (-1288.000000 1044.000000 -152.000000) (-1288.000000 1057.793103 -157.517241) (-1288.000000 1056.282828 -161.292929) (-1288.000000 1046.028169 -157.070423) 
4 460 487 (-1288.000000 1009.517241 -138.206897) (-1288.000000 1013.292929 -139.717172) (-1288.000000 1009.070423 -149.971831) (-1288.000000 1004.000000 -152.000000) 
3 460 472 (-1288.000000 1013.292929 -139.717172) (-1288.000000 1024.000000 -144.000000) (-1288.000000 1009.070423 -149.971831) 
4 460 461 (-1280.000000 1004.000000 -152.000000) (-1280.000000 1009.517241 -138.206897) (-1288.000000 1009.517241 -138.206897) (-1288.000000 1004.000000 -152.000000) 
4 461 487 (-1288.000000 981.600000 -136.000000) (-1288.000000 1004.000000 -136.000000) (-1288.000000 1009.517241 -138.206897) (-1288.000000 996.000000 -172.000000) 
4 461 462 (-1280.000000 996.000000 -172.000000) (-1280.000000 981.600000 -136.000000) (-1288.000000 981.600000 -136.000000) (-1288.000000 996.000000 -172.000000) 
4 462 489 (-1288.000000 937.333333 -165.333333) (-1288.000000 934.028169 -157.070423) (-1288.000000 952.470588 -164.664360) (-1288.000000 952.470588 -171.388235) 
5 462 488 (-1288.000000 934.028169 -157.070423) (-1288.000000 927.797980 -141.494949) (-1288.000000 941.142857 -136.000000) (-1288.000000 952.470588 -136.000000) (-1288.000000 952.470588 -164.664360) 
5 462 487 (-1288.000000 952.470588 -136.000000) (-1288.000000 981.600000 -136.000000) (-1288.000000 997.971014 -176.927536) (-1288.000000 993.494949 -187.797980) (-1288.000000 952.470588 -171.388235) 
3 462 486 (-1288.000000 927.797980 -141.494949) (-1288.000000 925.600000 -136.000000) (-1288.000000 941.142857 -136.000000) 
3 462 482 (-1288.000000 997.971014 -176.927536) (-1288.000000 1004.000000 -192.000000) (-1288.000000 993.494949 -187.797980) 
4 462 466 (-1288.000000 925.600000 -136.000000) (-1288.000000 932.000000 -152.000000) (-1280.000000 932.000000 -152.000000) (-1280.000000 925.600000 -136.000000) 
4 462 464 (-1280.000000 1004.000000 -192.000000) (-1280.000000 937.333333 -165.333333) (-1288.000000 937.333333 -165.333333) (-1288.000000 1004.000000 -192.000000) 
3 463 479 (-1288.000000 1031.529412 -203.011765) (-1288.000000 1024.000000 -200.000000) (-1288.000000 1031.529412 -196.988235) 
4 463 477 (-1288.000000 1034.707071 -204.282828) (-1288.000000 1031.529412 -203.011765) (-1288.000000 1031.529412 -196.988235) (-1288.000000 1038.929577 -194.028169) 
4 463 476 (-1288.000000 1044.000000 -192.000000) (-1288.000000 1038.482759 -205.793103) (-1288.000000 1034.707071 -204.282828) (-1288.000000 1038.929577 -194.028169) 
4 463 464 (-1288.000000 1038.482759 -205.793103) (-1280.000000 1038.482759 -205.793103) (-1280.000000 1024.000000 -200.000000) (-1288.000000 1024.000000 -200.000000) 
3 464 504 (-1283.680000 983.200000 -280.000000) (-1288.000000 983.200000 -280.000000) (-1288.000000 994.000000 -280.000000) 
5 464 503 (-1280.000000 1008.800000 -280.000000) (-1280.000000 983.200000 -280.000000) (-1283.680000 983.200000 -280.000000) (-1288.000000 994.000000 -280.000000) (-1288.000000 1008.800000 -280.000000) 
3 464 489 (-1288.000000 952.470588 -203.176471) (-1288.000000 937.333333 -165.333333) (-1288.000000 952.470588 -171.388235) 
4 464 487 (-1288.000000 969.565217 -245.913043) (-1288.000000 952.470588 -203.176471) (-1288.000000 952.470588 -171.388235) (-1288.000000 993.494949 -187.797980) 
3 464 481 (-1288.000000 1009.070423 -194.028169) (-1288.000000 1016.470588 -196.988235) (-1288.000000 1016.470588 -212.000000) 
7 464 482 (-1288.000000 1008.800000 -280.000000) (-1288.000000 983.529412 -280.000000) (-1288.000000 983.529412 -212.000000) (-1288.000000 993.494949 -187.797980) (-1288.000000 1009.070423 -194.028169) (-1288.000000 1016.470588 -212.000000) (-1288.000000 1016.470588 -260.823529) 
5 464 479 (-1288.000000 1019.072464 -198.028986) (-1288.000000 1031.529412 -203.011765) (-1288.000000 1031.529412 -223.176471) (-1288.000000 1016.470588 -260.823529) (-1288.000000 1016.470588 -199.100346) 
3 464 478 (-1288.000000 1016.470588 -196.988235) (-1288.000000 1019.072464 -198.028986) (-1288.000000 1016.470588 -199.100346) 
3 464 477 (-1288.000000 1031.529412 -203.011765) (-1288.000000 1034.707071 -204.282828) (-1288.000000 1031.529412 -212.000000) 
4 464 476 (-1288.000000 1034.707071 -204.282828) (-1288.000000 1038.482759 -205.793103) (-1288.000000 1031.529412 -223.176471) (-1288.000000 1031.529412 -212.000000) 
4 464 485 (-1288.000000 983.529412 -280.000000) (-1288.000000 983.200000 -280.000000) (-1288.000000 969.565217 -245.913043) (-1288.000000 983.529412 -212.000000) 
4 464 465 (-1288.000000 940.000000 -172.000000) (-1288.000000 983.200000 -280.000000) (-1280.000000 983.200000 -280.000000) (-1280.000000 940.000000 -172.000000) 
4 465 510 (-1280.000000 920.800000 -280.000000) (-1280.000000 896.800000 -280.000000) (-1288.000000 896.800000 -280.000000) (-1288.000000 924.000000 -280.000000) 
4 465 509 (-1280.000000 959.200000 -280.000000) (-1280.000000 920.800000 -280.000000) (-1288.000000 924.000000 -280.000000) (-1288.000000 956.000000 -280.000000) 
5 465 504 (-1280.000000 974.000000 -280.000000) (-1280.000000 959.200000 -280.000000) (-1288.000000 956.000000 -280.000000) (-1288.000000 983.200000 -280.000000) (-1283.680000 983.200000 -280.000000) 
3 465 503 (-1280.000000 983.200000 -280.000000) (-1280.000000 974.000000 -280.000000) (-1283.680000 983.200000 -280.000000) 
3 465 496 (-1288.000000 904.470588 -280.000000) (-1288.000000 896.800000 -280.000000) (-1288.000000 904.470588 -260.823529) 
4 465 493 (-1288.000000 919.529412 -280.000000) (-1288.000000 904.470588 -280.000000) (-1288.000000 904.470588 -260.823529) (-1288.000000 919.529412 -223.176471) 
5 465 490 (-1288.000000 952.470588 -280.000000) (-1288.000000 919.529412 -280.000000) (-1288.000000 919.529412 -223.176471) (-1288.000000 938.028986 -176.927536) (-1288.000000 952.470588 -212.000000) 
4 465 489 (-1288.000000 938.028986 -176.927536) (-1288.000000 940.000000 -172.000000) (-1288.000000 952.470588 -203.176471) (-1288.000000 952.470588 -212.000000) 
4 465 487 (-1288.000000 955.529412 -280.000000) (-1288.000000 952.470588 -280.000000) (-1288.000000 952.470588 -203.176471) (-1288.000000 969.565217 -245.913043) 
3 465 485 (-1288.000000 983.200000 -280.000000) (-1288.000000 955.529412 -280.000000) (-1288.000000 969.565217 -245.913043) 
4 465 471 (-1288.000000 896.800000 -280.000000) (-1280.000000 896.800000 -280.000000) (-1280.000000 932.000000 -192.000000) (-1288.000000 932.000000 -192.000000) 
3 466 488 (-1288.000000 927.797980 -141.494949) (-1288.000000 932.000000 -152.000000) (-1288.000000 916.927536 -145.971014) 
5 466 486 (-1288.000000 902.823529 -136.000000) (-1288.000000 925.600000 -136.000000) (-1288.000000 927.797980 -141.494949) (-1288.000000 916.927536 -145.971014) (-1288.000000 901.292929 -139.717172) 
3 466 498 (-1288.000000 892.000000 -136.000000) (-1288.000000 902.823529 -136.000000) (-1288.000000 901.292929 -139.717172) 
4 466 467 (-1280.000000 892.000000 -136.000000) (-1288.000000 892.000000 -136.000000) (-1288.000000 912.000000 -144.000000) (-1280.000000 912.000000 -144.000000) 
4 467 522 (-1280.000000 856.000000 -166.400000) (-1280.000000 856.000000 -136.000000) (-1288.000000 856.000000 -136.000000) (-1288.000000 856.000000 -166.400000) 
3 467 486 (-1288.000000 901.292929 -139.717172) (-1288.000000 912.000000 -144.000000) (-1288.000000 897.070423 -149.971831) 
5 467 498 (-1288.000000 871.529412 -136.000000) (-1288.000000 892.000000 -136.000000) (-1288.000000 901.292929 -139.717172) (-1288.000000 897.070423 -149.971831) (-1288.000000 871.529412 -160.188235) 
4 467 500 (-1288.000000 856.000000 -166.400000) (-1288.000000 856.000000 -136.000000) (-1288.000000 871.529412 -136.000000) (-1288.000000 871.529412 -160.188235) 
4 467 469 (-1280.000000 856.000000 -166.400000) (-1288.000000 856.000000 -166.400000) (-1288.000000 892.000000 -152.000000) (-1280.000000 892.000000 -152.000000) 
3 468 496 (-1288.000000 892.000000 -192.000000) (-1288.000000 881.494949 -187.797980) (-1288.000000 885.971014 -176.927536) 
4 468 498 (-1288.000000 881.494949 -187.797980) (-1288.000000 878.206897 -186.482759) (-1288.000000 884.000000 -172.000000) (-1288.000000 885.971014 -176.927536) 
4 468 469 (-1288.000000 884.000000 -172.000000) (-1288.000000 878.206897 -186.482759) (-1280.000000 878.206897 -186.482759) (-1280.000000 884.000000 -172.000000) 
4 468 470 (-1280.000000 892.000000 -192.000000) (-1280.000000 878.206897 -186.482759) (-1288.000000 878.206897 -186.482759) (-1288.000000 892.000000 -192.000000) 
4 469 522 (-1280.000000 856.000000 -177.600000) (-1280.000000 856.000000 -166.400000) (-1288.000000 856.000000 -166.400000) (-1288.000000 856.000000 -177.600000) 
4 469 498 (-1288.000000 871.529412 -160.188235) (-1288.000000 892.000000 -152.000000) (-1288.000000 878.206897 -186.482759) (-1288.000000 871.529412 -183.811765) 
4 469 500 (-1288.000000 856.000000 -177.600000) (-1288.000000 856.000000 -166.400000) (-1288.000000 871.529412 -160.188235) (-1288.000000 871.529412 -183.811765) 
4 469 470 (-1280.000000 878.206897 -186.482759) (-1280.000000 856.000000 -177.600000) (-1288.000000 856.000000 -177.600000) (-1288.000000 878.206897 -186.482759) 
4 470 522 (-1280.000000 856.000000 -222.400000) (-1280.000000 856.000000 -177.600000) (-1288.000000 856.000000 -177.600000) (-1288.000000 856.000000 -222.400000) 
4 470 495 (-1288.000000 897.070423 -194.028169) (-1288.000000 904.470588 -196.988235) (-1288.000000 904.470588 -203.011765) (-1288.000000 901.292929 -204.282828) 
5 470 496 (-1288.000000 881.494949 -187.797980) (-1288.000000 897.070423 -194.028169) (-1288.000000 901.292929 -204.282828) (-1288.000000 871.529412 -216.188235) (-1288.000000 871.529412 -212.000000) 
4 470 493 (-1288.000000 907.072464 -198.028986) (-1288.000000 912.000000 -200.000000) (-1288.000000 904.470588 -203.011765) (-1288.000000 904.470588 -199.100346) 
3 470 492 (-1288.000000 904.470588 -196.988235) (-1288.000000 907.072464 -198.028986) (-1288.000000 904.470588 -199.100346) 
3 470 498 (-1288.000000 871.529412 -183.811765) (-1288.000000 881.494949 -187.797980) (-1288.000000 871.529412 -212.000000) 
4 470 500 (-1288.000000 856.000000 -222.400000) (-1288.000000 856.000000 -177.600000) (-1288.000000 871.529412 -183.811765) (-1288.000000 871.529412 -216.188235) 
4 470 471 (-1280.000000 912.000000 -200.000000) (-1280.000000 856.000000 -222.400000) (-1288.000000 856.000000 -222.400000) (-1288.000000 912.000000 -200.000000) 
4 471 522 (-1288.000000 856.000000 -280.000000) (-1280.000000 856.000000 -280.000000) (-1280.000000 856.000000 -222.400000) (-1288.000000 856.000000 -222.400000) 
4 471 511 (-1280.000000 862.000000 -280.000000) (-1280.000000 856.000000 -280.000000) (-1288.000000 856.000000 -280.000000) (-1288.000000 882.000000 -280.000000) 
4 471 510 (-1280.000000 896.800000 -280.000000) (-1280.000000 862.000000 -280.000000) (-1288.000000 882.000000 -280.000000) (-1288.000000 896.800000 -280.000000) 
3 471 495 (-1288.000000 901.292929 -204.282828) (-1288.000000 904.470588 -203.011765) (-1288.000000 904.470588 -212.000000) 
6 471 496 (-1288.000000 896.800000 -280.000000) (-1288.000000 871.529412 -280.000000) (-1288.000000 871.529412 -216.188235) (-1288.000000 901.292929 -204.282828) (-1288.000000 904.470588 -212.000000) (-1288.000000 904.470588 -260.823529) 
4 471 493 (-1288.000000 904.470588 -203.011765) (-1288.000000 919.529412 -196.988235) (-1288.000000 919.529412 -223.176471) (-1288.000000 904.470588 -260.823529) 
3 471 491 (-1288.000000 919.529412 -196.988235) (-1288.000000 926.929577 -194.028169) (-1288.000000 919.529412 -212.000000) 
4 471 490 (-1288.000000 926.929577 -194.028169) (-1288.000000 932.000000 -192.000000) (-1288.000000 919.529412 -223.176471) (-1288.000000 919.529412 -212.000000) 
4 471 500 (-1288.000000 871.529412 -280.000000) (-1288.000000 856.000000 -280.000000) (-1288.000000 856.000000 -222.400000) (-1288.000000 871.529412 -216.188235) 
4 472 487 (-1288.000000 1014.823529 -136.000000) (-1309.660900 1014.823529 -136.000000) (-1312.882353 1007.000000 -155.000000) (-1288.000000 1007.000000 -155.000000) 
4 472 497 (-1309.660900 1014.823529 -136.000000) (-1364.000000 1014.823529 -136.000000) (-1345.000000 1007.000000 -155.000000) (-1312.882353 1007.000000 -155.000000) 
4 472 473 (-1352.000000 1024.000000 -148.000000) (-1364.000000 1053.142857 -136.000000) (-1288.000000 1053.142857 -136.000000) (-1288.000000 1024.000000 -148.000000) 
3 472 484 (-1345.000000 1007.000000 -155.000000) (-1457.061224 1053.142857 -136.000000) (-1364.000000 1053.142857 -136.000000) 
3 472 485 (-1345.000000 1007.000000 -155.000000) (-1364.000000 1014.823529 -136.000000) (-1457.061224 1053.142857 -136.000000) 
4 473 474 (-1345.000000 1041.000000 -155.000000) (-1328.941176 1080.000000 -171.058824) (-1288.000000 1080.000000 -171.058824) (-1288.000000 1041.000000 -155.000000) 
3 473 483 (-1352.000000 1024.000000 -148.000000) (-1375.058824 1080.000000 -171.058824) (-1328.941176 1080.000000 -171.058824) 
4 473 484 (-1352.000000 1024.000000 -148.000000) (-1364.000000 1053.142857 -136.000000) (-1375.058824 1080.000000 -136.000000) (-1375.058824 1080.000000 -171.058824) 
3 474 476 (-1288.000000 1064.470588 -212.000000) (-1288.000000 1048.000000 -172.000000) (-1328.000000 1048.000000 -172.000000) 
4 474 475 (-1328.941176 1080.000000 -249.714286) (-1288.000000 1080.000000 -249.714286) (-1288.000000 1064.470588 -212.000000) (-1345.000000 1041.000000 -155.000000) 
3 474 483 (-1328.941176 1080.000000 -171.058824) (-1328.941176 1080.000000 -249.714286) (-1345.000000 1041.000000 -155.000000) 
3 475 502 (-1342.929577 1046.028169 -280.000000) (-1338.707071 1056.282828 -280.000000) (-1328.000000 1052.000000 -280.000000) 
5 475 501 (-1328.941176 1080.000000 -280.000000) (-1288.000000 1080.000000 -280.000000) (-1288.000000 1064.470588 -280.000000) (-1323.072464 1050.028986 -280.000000) (-1338.707071 1056.282828 -280.000000) 
4 475 476 (-1328.000000 1048.000000 -280.000000) (-1288.000000 1064.470588 -280.000000) (-1288.000000 1064.470588 -212.000000) (-1328.000000 1048.000000 -172.000000) 
4 475 483 (-1328.941176 1080.000000 -249.714286) (-1328.941176 1080.000000 -280.000000) (-1345.000000 1041.000000 -280.000000) (-1345.000000 1041.000000 -155.000000) 
4 476 503 (-1288.000000 1036.000000 -280.000000) (-1288.000000 1031.529412 -280.000000) (-1305.971831 1038.929577 -280.000000) (-1308.000000 1044.000000 -280.000000) 
3 476 501 (-1288.000000 1064.470588 -280.000000) (-1288.000000 1036.000000 -280.000000) (-1323.072464 1050.028986 -280.000000) 
4 476 479 (-1311.000000 1041.000000 -280.000000) (-1288.000000 1031.529412 -280.000000) (-1288.000000 1031.529412 -212.000000) (-1311.000000 1041.000000 -189.000000) 
3 476 477 (-1288.000000 1031.529412 -212.000000) (-1288.000000 1041.000000 -189.000000) (-1311.000000 1041.000000 -189.000000) 
3 477 479 (-1311.000000 1041.000000 -189.000000) (-1288.000000 1031.529412 -212.000000) (-1288.000000 1031.529412 -192.899654) 
4 478 481 (-1311.000000 1007.000000 -189.000000) (-1299.029586 1011.928994 -200.970414) (-1288.000000 1016.470588 -199.100346) (-1288.000000 1016.470588 -192.899654) 
3 478 482 (-1311.000000 1007.000000 -189.000000) (-1311.000000 1007.000000 -203.000000) (-1299.029586 1011.928994 -200.970414) 
3 478 480 (-1299.029586 1011.928994 -200.970414) (-1311.000000 1007.000000 -203.000000) (-1304.000000 1024.000000 -196.000000) 
4 478 479 (-1288.000000 1024.000000 -196.000000) (-1288.000000 1016.470588 -199.100346) (-1299.029586 1011.928994 -200.970414) (-1304.000000 1024.000000 -196.000000) 
4 479 504 (-1295.717172 1013.292929 -280.000000) (-1299.029586 1011.928994 -280.000000) (-1301.971014 1019.072464 -280.000000) (-1300.000000 1024.000000 -280.000000) 
4 479 503 (-1288.000000 1031.529412 -280.000000) (-1288.000000 1016.470588 -280.000000) (-1295.717172 1013.292929 -280.000000) (-1305.971831 1038.929577 -280.000000) 
3 479 481 (-1288.000000 1016.470588 -212.000000) (-1288.000000 1016.470588 -199.100346) (-1299.029586 1011.928994 -200.970414) 
4 479 482 (-1299.029586 1011.928994 -280.000000) (-1288.000000 1016.470588 -280.000000) (-1288.000000 1016.470588 -212.000000) (-1299.029586 1011.928994 -200.970414) 
4 479 480 (-1299.029586 1011.928994 -200.970414) (-1304.000000 1024.000000 -196.000000) (-1304.000000 1024.000000 -280.000000) (-1299.029586 1011.928994 -280.000000) 
3 480 504 (-1299.029586 1011.928994 -280.000000) (-1305.971831 1009.070423 -280.000000) (-1301.971014 1019.072464 -280.000000) 
4 480 482 (-1311.000000 1007.000000 -280.000000) (-1299.029586 1011.928994 -280.000000) (-1299.029586 1011.928994 -200.970414) (-1311.000000 1007.000000 -203.000000) 
3 481 482 (-1311.000000 1007.000000 -189.000000) (-1288.000000 1016.470588 -212.000000) (-1288.000000 1007.000000 -189.000000) 
3 482 506 (-1312.202020 993.494949 -280.000000) (-1323.072464 997.971014 -280.000000) (-1308.000000 1004.000000 -280.000000) 
5 482 504 (-1288.000000 994.000000 -280.000000) (-1288.000000 983.529412 -280.000000) (-1312.202020 993.494949 -280.000000) (-1305.971831 1009.070423 -280.000000) (-1295.717172 1013.292929 -280.000000) 
3 482 503 (-1288.000000 1016.470588 -280.000000) (-1288.000000 994.000000 -280.000000) (-1295.717172 1013.292929 -280.000000) 
4 482 487 (-1317.538462 995.692308 -182.461538) (-1288.000000 983.529412 -212.000000) (-1288.000000 1000.000000 -172.000000) (-1315.764706 1000.000000 -172.000000) 
3 482 497 (-1328.000000 1000.000000 -172.000000) (-1317.538462 995.692308 -182.461538) (-1315.764706 1000.000000 -172.000000) 
4 482 485 (-1328.000000 1000.000000 -280.000000) (-1288.000000 983.529412 -280.000000) (-1288.000000 983.529412 -212.000000) (-1328.000000 1000.000000 -172.000000) 
3 483 508 (-1354.028986 1028.927536 -280.000000) (-1358.505051 1039.797980 -280.000000) (-1348.000000 1044.000000 -280.000000) 
4 483 502 (-1338.707071 1056.282828 -280.000000) (-1342.929577 1046.028169 -280.000000) (-1358.505051 1039.797980 -280.000000) (-1370.535211 1069.014085 -280.000000) 
4 483 501 (-1375.058824 1080.000000 -280.000000) (-1328.941176 1080.000000 -280.000000) (-1338.707071 1056.282828 -280.000000) (-1370.535211 1069.014085 -280.000000) 
4 483 484 (-1375.058824 1080.000000 -280.000000) (-1352.000000 1024.000000 -280.000000) (-1352.000000 1024.000000 -148.000000) (-1375.058824 1080.000000 -171.058824) 
4 484 544 (-1504.000000 1072.470588 -136.000000) (-1504.000000 1080.000000 -136.000000) (-1504.000000 1080.000000 -280.000000) (-1504.000000 1072.470588 -280.000000) 
3 484 507 (-1350.028169 1009.070423 -280.000000) (-1360.282828 1013.292929 -280.000000) (-1356.000000 1024.000000 -280.000000) 
4 484 508 (-1358.505051 1039.797980 -280.000000) (-1354.028986 1028.927536 -280.000000) (-1360.282828 1013.292929 -280.000000) (-1392.057971 1026.376812 -280.000000) 
6 484 502 (-1408.000000 1080.000000 -280.000000) (-1398.000000 1080.000000 -280.000000) (-1370.535211 1069.014085 -280.000000) (-1358.505051 1039.797980 -280.000000) (-1392.057971 1026.376812 -280.000000) (-1408.000000 1032.941176 -280.000000) 
3 484 501 (-1398.000000 1080.000000 -280.000000) (-1375.058824 1080.000000 -280.000000) (-1370.535211 1069.014085 -280.000000) 
4 484 521 (-1504.000000 1072.470588 -280.000000) (-1504.000000 1080.000000 -280.000000) (-1408.000000 1080.000000 -280.000000) (-1408.000000 1032.941176 -280.000000) 
5 484 485 (-1504.000000 1072.470588 -280.000000) (-1345.000000 1007.000000 -280.000000) (-1345.000000 1007.000000 -155.000000) (-1457.061224 1053.142857 -136.000000) (-1504.000000 1072.470588 -136.000000) 
5 485 544 (-1504.000000 1014.823529 -136.000000) (-1504.000000 1072.470588 -136.000000) (-1504.000000 1072.470588 -280.000000) (-1504.000000 960.470588 -280.000000) (-1504.000000 960.470588 -268.000000) 
3 485 509 (-1288.000000 956.000000 -280.000000) (-1288.000000 955.529412 -280.000000) (-1289.176471 955.529412 -280.000000) 
3 485 505 (-1328.000000 996.000000 -280.000000) (-1342.482759 990.206897 -280.000000) (-1348.000000 1004.000000 -280.000000) 
5 485 506 (-1323.072464 997.971014 -280.000000) (-1312.202020 993.494949 -280.000000) (-1327.388235 955.529412 -280.000000) (-1328.611765 955.529412 -280.000000) (-1342.482759 990.206897 -280.000000) 
4 485 507 (-1360.282828 1013.292929 -280.000000) (-1350.028169 1009.070423 -280.000000) (-1328.611765 955.529412 -280.000000) (-1383.388235 955.529412 -280.000000) 
5 485 504 (-1312.202020 993.494949 -280.000000) (-1288.000000 983.529412 -280.000000) (-1288.000000 956.000000 -280.000000) (-1289.176471 955.529412 -280.000000) (-1327.388235 955.529412 -280.000000) 
5 485 508 (-1392.057971 1026.376812 -280.000000) (-1360.282828 1013.292929 -280.000000) (-1383.388235 955.529412 -280.000000) (-1408.000000 955.529412 -280.000000) (-1408.000000 1020.000000 -280.000000) 
3 485 502 (-1408.000000 1032.941176 -280.000000) (-1392.057971 1026.376812 -280.000000) (-1408.000000 1020.000000 -280.000000) 
5 485 521 (-1504.000000 960.470588 -280.000000) (-1504.000000 1072.470588 -280.000000) (-1408.000000 1032.941176 -280.000000) (-1408.000000 955.529412 -280.000000) (-1492.000000 955.529412 -280.000000) 
4 485 487 (-1334.076125 955.529412 -280.000000) (-1288.000000 955.529412 -280.000000) (-1288.000000 983.529412 -212.000000) (-1317.538462 995.692308 -182.461538) 
5 485 497 (-1364.000000 1014.823529 -136.000000) (-1394.339100 1014.823529 -136.000000) (-1369.923875 955.529412 -280.000000) (-1334.076125 955.529412 -280.000000) (-1317.538462 995.692308 -182.461538) 
5 485 499 (-1394.339100 1014.823529 -136.000000) (-1504.000000 1014.823529 -136.000000) (-1504.000000 960.470588 -268.000000) (-1492.000000 955.529412 -280.000000) (-1369.923875 955.529412 -280.000000) 
3 485 500 (-1504.000000 960.470588 -280.000000) (-1492.000000 955.529412 -280.000000) (-1504.000000 960.470588 -268.000000) 
5 486 488 (-1352.000000 912.000000 -148.000000) (-1345.000000 929.000000 -141.000000) (-1315.510204 941.142857 -136.000000) (-1288.000000 941.142857 -136.000000) (-1288.000000 912.000000 -148.000000) 
3 486 487 (-1345.000000 929.000000 -141.000000) (-1340.000000 941.142857 -136.000000) (-1315.510204 941.142857 -136.000000) 
3 486 497 (-1352.000000 912.000000 -148.000000) (-1352.000000 912.000000 -136.000000) (-1340.000000 941.142857 -136.000000) 
4 486 499 (-1345.000000 895.000000 -155.000000) (-1348.221453 902.823529 -136.000000) (-1352.000000 912.000000 -136.000000) (-1352.000000 912.000000 -148.000000) 
4 486 498 (-1288.000000 895.000000 -155.000000) (-1288.000000 902.823529 -136.000000) (-1348.221453 902.823529 -136.000000) (-1345.000000 895.000000 -155.000000) 
5 487 509 (-1288.000000 955.529412 -280.000000) (-1288.000000 952.470588 -280.000000) (-1323.072464 938.028986 -280.000000) (-1328.000000 940.000000 -280.000000) (-1289.176471 955.529412 -280.000000) 
3 487 506 (-1328.611765 955.529412 -280.000000) (-1327.388235 955.529412 -280.000000) (-1328.000000 954.000000 -280.000000) 
5 487 507 (-1342.929577 934.028169 -280.000000) (-1334.076125 955.529412 -280.000000) (-1328.611765 955.529412 -280.000000) (-1328.000000 954.000000 -280.000000) (-1334.666667 937.333333 -280.000000) 
3 487 504 (-1327.388235 955.529412 -280.000000) (-1289.176471 955.529412 -280.000000) (-1334.666667 937.333333 -280.000000) 
4 487 490 (-1328.000000 936.000000 -280.000000) (-1288.000000 952.470588 -280.000000) (-1288.000000 952.470588 -212.000000) (-1328.000000 936.000000 -172.000000) 
3 487 489 (-1345.000000 929.000000 -155.000000) (-1288.000000 952.470588 -212.000000) (-1288.000000 952.470588 -164.664360) 
5 487 488 (-1345.000000 929.000000 -141.000000) (-1345.000000 929.000000 -155.000000) (-1288.000000 952.470588 -164.664360) (-1288.000000 952.470588 -136.000000) (-1315.510204 941.142857 -136.000000) 
5 487 497 (-1309.660900 1014.823529 -136.000000) (-1334.076125 955.529412 -280.000000) (-1345.000000 929.000000 -280.000000) (-1345.000000 929.000000 -141.000000) (-1340.000000 941.142857 -136.000000) 
3 488 489 (-1345.000000 929.000000 -155.000000) (-1288.000000 952.470588 -164.664360) (-1288.000000 929.000000 -155.000000) 
3 488 497 (-1352.000000 912.000000 -148.000000) (-1345.000000 929.000000 -141.000000) (-1345.000000 929.000000 -155.000000) 
3 489 490 (-1328.000000 936.000000 -172.000000) (-1288.000000 952.470588 -212.000000) (-1288.000000 936.000000 -172.000000) 
4 490 510 (-1288.000000 924.000000 -280.000000) (-1288.000000 919.529412 -280.000000) (-1305.971831 926.929577 -280.000000) (-1308.000000 932.000000 -280.000000) 
3 490 509 (-1288.000000 952.470588 -280.000000) (-1288.000000 924.000000 -280.000000) (-1323.072464 938.028986 -280.000000) 
4 490 493 (-1288.000000 919.529412 -280.000000) (-1288.000000 919.529412 -212.000000) (-1311.000000 929.000000 -189.000000) (-1311.000000 929.000000 -280.000000) 
3 490 491 (-1288.000000 919.529412 -212.000000) (-1288.000000 929.000000 -189.000000) (-1311.000000 929.000000 -189.000000) 
3 491 493 (-1288.000000 919.529412 -212.000000) (-1288.000000 919.529412 -192.899654) (-1311.000000 929.000000 -189.000000) 
4 492 495 (-1311.000000 895.000000 -189.000000) (-1299.029586 899.928994 -200.970414) (-1288.000000 904.470588 -199.100346) (-1288.000000 904.470588 -192.899654) 
3 492 496 (-1311.000000 895.000000 -189.000000) (-1311.000000 895.000000 -203.000000) (-1299.029586 899.928994 -200.970414) 
3 492 494 (-1299.029586 899.928994 -200.970414) (-1311.000000 895.000000 -203.000000) (-1304.000000 912.000000 -196.000000) 
4 492 493 (-1288.000000 912.000000 -196.000000) (-1288.000000 904.470588 -199.100346) (-1299.029586 899.928994 -200.970414) (-1304.000000 912.000000 -196.000000) 
4 493 511 (-1295.717172 901.292929 -280.000000) (-1299.029586 899.928994 -280.000000) (-1301.971014 907.072464 -280.000000) (-1300.000000 912.000000 -280.000000) 
4 493 510 (-1288.000000 919.529412 -280.000000) (-1288.000000 904.470588 -280.000000) (-1295.717172 901.292929 -280.000000) (-1305.971831 926.929577 -280.000000) 
3 493 495 (-1288.000000 904.470588 -212.000000) (-1288.000000 904.470588 -199.100346) (-1299.029586 899.928994 -200.970414) 
4 493 496 (-1299.029586 899.928994 -280.000000) (-1288.000000 904.470588 -280.000000) (-1288.000000 904.470588 -212.000000) (-1299.029586 899.928994 -200.970414) 
4 493 494 (-1299.029586 899.928994 -200.970414) (-1304.000000 912.000000 -196.000000) (-1304.000000 912.000000 -280.000000) (-1299.029586 899.928994 -280.000000) 
3 494 511 (-1299.029586 899.928994 -280.000000) (-1305.971831 897.070423 -280.000000) (-1301.971014 907.072464 -280.000000) 
4 494 496 (-1311.000000 895.000000 -280.000000) (-1299.029586 899.928994 -280.000000) (-1299.029586 899.928994 -200.970414) (-1311.000000 895.000000 -203.000000) 
3 495 496 (-1311.000000 895.000000 -189.000000) (-1288.000000 904.470588 -212.000000) (-1288.000000 895.000000 -189.000000) 
3 496 512 (-1312.202020 881.494949 -280.000000) (-1323.072464 885.971014 -280.000000) (-1308.000000 892.000000 -280.000000) 
5 496 511 (-1288.000000 882.000000 -280.000000) (-1288.000000 871.529412 -280.000000) (-1312.202020 881.494949 -280.000000) (-1305.971831 897.070423 -280.000000) (-1295.717172 901.292929 -280.000000) 
3 496 510 (-1288.000000 904.470588 -280.000000) (-1288.000000 882.000000 -280.000000) (-1295.717172 901.292929 -280.000000) 
3 496 498 (-1288.000000 871.529412 -212.000000) (-1288.000000 888.000000 -172.000000) (-1328.000000 888.000000 -172.000000) 
4 496 500 (-1328.000000 888.000000 -280.000000) (-1288.000000 871.529412 -280.000000) (-1288.000000 871.529412 -212.000000) (-1328.000000 888.000000 -172.000000) 
3 497 515 (-1354.028986 916.927536 -280.000000) (-1358.505051 927.797980 -280.000000) (-1348.000000 932.000000 -280.000000) 
4 497 507 (-1358.505051 927.797980 -280.000000) (-1369.923875 955.529412 -280.000000) (-1334.076125 955.529412 -280.000000) (-1342.929577 934.028169 -280.000000) 
4 497 499 (-1394.339100 1014.823529 -136.000000) (-1369.923875 955.529412 -280.000000) (-1352.000000 912.000000 -280.000000) (-1352.000000 912.000000 -136.000000) 
3 498 499 (-1345.000000 895.000000 -155.000000) (-1345.000000 895.000000 -136.000000) (-1348.221453 902.823529 -136.000000) 
4 498 500 (-1288.000000 871.529412 -212.000000) (-1288.000000 871.529412 -136.000000) (-1345.000000 895.000000 -136.000000) (-1345.000000 895.000000 -155.000000) 
3 499 544 (-1504.000000 960.470588 -136.000000) (-1504.000000 1014.823529 -136.000000) (-1504.000000 960.470588 -268.000000) 
3 499 514 (-1350.028169 897.070423 -280.000000) (-1360.282828 901.292929 -280.000000) (-1356.000000 912.000000 -280.000000) 
4 499 515 (-1360.282828 901.292929 -280.000000) (-1392.057971 914.376812 -280.000000) (-1358.505051 927.797980 -280.000000) (-1354.028986 916.927536 -280.000000) 
5 499 507 (-1392.057971 914.376812 -280.000000) (-1398.747475 917.131313 -280.000000) (-1383.388235 955.529412 -280.000000) (-1369.923875 955.529412 -280.000000) (-1358.505051 927.797980 -280.000000) 
4 499 508 (-1398.747475 917.131313 -280.000000) (-1408.000000 920.941176 -280.000000) (-1408.000000 955.529412 -280.000000) (-1383.388235 955.529412 -280.000000) 
3 499 521 (-1408.000000 920.941176 -280.000000) (-1492.000000 955.529412 -280.000000) (-1408.000000 955.529412 -280.000000) 
5 499 500 (-1492.000000 955.529412 -280.000000) (-1345.000000 895.000000 -280.000000) (-1345.000000 895.000000 -136.000000) (-1504.000000 960.470588 -136.000000) (-1504.000000 960.470588 -268.000000) 
4 500 544 (-1504.000000 856.000000 -136.000000) (-1504.000000 960.470588 -136.000000) (-1504.000000 960.470588 -280.000000) (-1504.000000 856.000000 -280.000000) 
4 500 523 (-1504.000000 856.000000 -136.000000) (-1504.000000 856.000000 -280.000000) (-1370.857143 856.000000 -280.000000) (-1453.142857 856.000000 -136.000000) 
4 500 522 (-1370.857143 856.000000 -280.000000) (-1288.000000 856.000000 -280.000000) (-1288.000000 856.000000 -136.000000) (-1453.142857 856.000000 -136.000000) 
4 500 512 (-1323.072464 885.971014 -280.000000) (-1312.202020 881.494949 -280.000000) (-1313.517241 878.206897 -280.000000) (-1328.000000 884.000000 -280.000000) 
4 500 513 (-1313.517241 878.206897 -280.000000) (-1322.400000 856.000000 -280.000000) (-1333.600000 856.000000 -280.000000) (-1348.000000 892.000000 -280.000000) 
4 500 511 (-1312.202020 881.494949 -280.000000) (-1288.000000 871.529412 -280.000000) (-1288.000000 856.000000 -280.000000) (-1322.400000 856.000000 -280.000000) 
4 500 514 (-1360.282828 901.292929 -280.000000) (-1350.028169 897.070423 -280.000000) (-1333.600000 856.000000 -280.000000) (-1378.400000 856.000000 -280.000000) 
5 500 515 (-1392.057971 914.376812 -280.000000) (-1360.282828 901.292929 -280.000000) (-1378.400000 856.000000 -280.000000) (-1408.000000 856.000000 -280.000000) (-1408.000000 908.000000 -280.000000) 
3 500 507 (-1398.747475 917.131313 -280.000000) (-1392.057971 914.376812 -280.000000) (-1401.333333 910.666667 -280.000000) 
4 500 508 (-1408.000000 920.941176 -280.000000) (-1398.747475 917.131313 -280.000000) (-1401.333333 910.666667 -280.000000) (-1408.000000 908.000000 -280.000000) 
4 500 521 (-1504.000000 856.000000 -280.000000) (-1504.000000 960.470588 -280.000000) (-1408.000000 920.941176 -280.000000) (-1408.000000 856.000000 -280.000000) 
3 501 516 (-1398.000000 1080.000000 -288.000000) (-1392.000000 1080.000000 -288.000000) (-1392.000000 1077.600000 -288.000000) 
4 501 503 (-1308.000000 1044.000000 -288.000000) (-1280.000000 1032.800000 -288.000000) (-1280.000000 1032.800000 -280.000000) (-1308.000000 1044.000000 -280.000000) 
4 501 502 (-1398.000000 1080.000000 -280.000000) (-1398.000000 1080.000000 -288.000000) (-1328.000000 1052.000000 -288.000000) (-1328.000000 1052.000000 -280.000000) 
4 502 518 (-1408.000000 1080.000000 -288.000000) (-1400.000000 1080.000000 -288.000000) (-1400.000000 1023.200000 -288.000000) (-1408.000000 1020.000000 -288.000000) 
5 502 516 (-1400.000000 1080.000000 -288.000000) (-1398.000000 1080.000000 -288.000000) (-1392.000000 1077.600000 -288.000000) (-1392.000000 1026.400000 -288.000000) (-1400.000000 1023.200000 -288.000000) 
4 502 508 (-1408.000000 1020.000000 -280.000000) (-1408.000000 1020.000000 -288.000000) (-1348.000000 1044.000000 -288.000000) (-1348.000000 1044.000000 -280.000000) 
4 502 521 (-1408.000000 1020.000000 -280.000000) (-1408.000000 1080.000000 -280.000000) (-1408.000000 1080.000000 -288.000000) (-1408.000000 1020.000000 -288.000000) 
4 503 504 (-1300.000000 1024.000000 -288.000000) (-1280.000000 974.000000 -288.000000) (-1280.000000 974.000000 -280.000000) (-1300.000000 1024.000000 -280.000000) 
4 504 509 (-1328.000000 940.000000 -288.000000) (-1280.000000 959.200000 -288.000000) (-1280.000000 959.200000 -280.000000) (-1328.000000 940.000000 -280.000000) 
4 504 506 (-1308.000000 1004.000000 -288.000000) (-1328.000000 954.000000 -288.000000) (-1328.000000 954.000000 -280.000000) (-1308.000000 1004.000000 -280.000000) 
4 504 507 (-1328.000000 954.000000 -288.000000) (-1334.666667 937.333333 -288.000000) (-1334.666667 937.333333 -280.000000) (-1328.000000 954.000000 -280.000000) 
4 505 506 (-1342.482759 990.206897 -288.000000) (-1328.000000 996.000000 -288.000000) (-1328.000000 996.000000 -280.000000) (-1342.482759 990.206897 -280.000000) 
4 505 507 (-1348.000000 1004.000000 -288.000000) (-1342.482759 990.206897 -288.000000) (-1342.482759 990.206897 -280.000000) (-1348.000000 1004.000000 -280.000000) 
4 506 507 (-1342.482759 990.206897 -288.000000) (-1328.000000 954.000000 -288.000000) (-1328.000000 954.000000 -280.000000) (-1342.482759 990.206897 -280.000000) 
3 507 518 (-1400.000000 911.200000 -288.000000) (-1401.333333 910.666667 -288.000000) (-1400.000000 914.000000 -288.000000) 
4 507 516 (-1392.000000 914.400000 -288.000000) (-1400.000000 911.200000 -288.000000) (-1400.000000 914.000000 -288.000000) (-1392.000000 934.000000 -288.000000) 
4 507 515 (-1401.333333 910.666667 -288.000000) (-1348.000000 932.000000 -288.000000) (-1348.000000 932.000000 -280.000000) (-1401.333333 910.666667 -280.000000) 
4 507 508 (-1356.000000 1024.000000 -288.000000) (-1401.333333 910.666667 -288.000000) (-1401.333333 910.666667 -280.000000) (-1356.000000 1024.000000 -280.000000) 
5 508 518 (-1401.333333 910.666667 -288.000000) (-1408.000000 908.000000 -288.000000) (-1408.000000 1020.000000 -288.000000) (-1400.000000 1023.200000 -288.000000) (-1400.000000 914.000000 -288.000000) 
4 508 516 (-1400.000000 1023.200000 -288.000000) (-1392.000000 1026.400000 -288.000000) (-1392.000000 934.000000 -288.000000) (-1400.000000 914.000000 -288.000000) 
4 508 515 (-1408.000000 908.000000 -280.000000) (-1408.000000 908.000000 -288.000000) (-1401.333333 910.666667 -288.000000) (-1401.333333 910.666667 -280.000000) 
4 508 521 (-1408.000000 908.000000 -280.000000) (-1408.000000 1020.000000 -280.000000) (-1408.000000 1020.000000 -288.000000) (-1408.000000 908.000000 -288.000000) 
4 509 510 (-1308.000000 932.000000 -288.000000) (-1280.000000 920.800000 -288.000000) (-1280.000000 920.800000 -280.000000) (-1308.000000 932.000000 -280.000000) 
4 510 511 (-1300.000000 912.000000 -288.000000) (-1280.000000 862.000000 -288.000000) (-1280.000000 862.000000 -280.000000) (-1300.000000 912.000000 -280.000000) 
4 511 522 (-1280.000000 856.000000 -288.000000) (-1280.000000 856.000000 -280.000000) (-1322.400000 856.000000 -280.000000) (-1322.400000 856.000000 -288.000000) 
4 511 512 (-1308.000000 892.000000 -288.000000) (-1313.517241 878.206897 -288.000000) (-1313.517241 878.206897 -280.000000) (-1308.000000 892.000000 -280.000000) 
4 511 513 (-1313.517241 878.206897 -288.000000) (-1322.400000 856.000000 -288.000000) (-1322.400000 856.000000 -280.000000) (-1313.517241 878.206897 -280.000000) 
4 512 513 (-1328.000000 884.000000 -288.000000) (-1313.517241 878.206897 -288.000000) (-1313.517241 878.206897 -280.000000) (-1328.000000 884.000000 -280.000000) 
4 513 522 (-1322.400000 856.000000 -280.000000) (-1333.600000 856.000000 -280.000000) (-1333.600000 856.000000 -288.000000) (-1322.400000 856.000000 -288.000000) 
4 513 514 (-1348.000000 892.000000 -288.000000) (-1333.600000 856.000000 -288.000000) (-1333.600000 856.000000 -280.000000) (-1348.000000 892.000000 -280.000000) 
4 514 523 (-1370.857143 856.000000 -280.000000) (-1378.400000 856.000000 -280.000000) (-1378.400000 856.000000 -288.000000) (-1366.285714 856.000000 -288.000000) 
4 514 522 (-1333.600000 856.000000 -280.000000) (-1370.857143 856.000000 -280.000000) (-1366.285714 856.000000 -288.000000) (-1333.600000 856.000000 -288.000000) 
4 514 515 (-1378.400000 856.000000 -288.000000) (-1378.400000 856.000000 -280.000000) (-1356.000000 912.000000 -280.000000) (-1356.000000 912.000000 -288.000000) 
4 515 523 (-1378.400000 856.000000 -280.000000) (-1408.000000 856.000000 -280.000000) (-1408.000000 856.000000 -288.000000) (-1378.400000 856.000000 -288.000000) 
4 515 518 (-1400.000000 856.000000 -288.000000) (-1408.000000 856.000000 -288.000000) (-1408.000000 908.000000 -288.000000) (-1400.000000 911.200000 -288.000000) 
4 515 516 (-1392.000000 856.000000 -288.000000) (-1400.000000 856.000000 -288.000000) (-1400.000000 911.200000 -288.000000) (-1392.000000 914.400000 -288.000000) 
4 515 521 (-1408.000000 856.000000 -288.000000) (-1408.000000 856.000000 -280.000000) (-1408.000000 908.000000 -280.000000) (-1408.000000 908.000000 -288.000000) 
3 516 523 (-1392.000000 856.000000 -288.000000) (-1400.000000 856.000000 -288.000000) (-1400.000000 856.000000 -296.000000) 
4 516 518 (-1400.000000 1080.000000 -288.000000) (-1400.000000 1080.000000 -296.000000) (-1400.000000 856.000000 -296.000000) (-1400.000000 856.000000 -288.000000) 
4 518 523 (-1400.000000 856.000000 -288.000000) (-1408.000000 856.000000 -288.000000) (-1408.000000 856.000000 -304.000000) (-1400.000000 856.000000 -296.000000) 
4 518 521 (-1408.000000 856.000000 -304.000000) (-1408.000000 856.000000 -288.000000) (-1408.000000 1080.000000 -288.000000) (-1408.000000 1080.000000 -304.000000) 
8 519 521 (-1408.000000 896.000000 -316.000000) (-1408.000000 1040.000000 -316.000000) (-1408.000000 1044.000000 -320.000000) (-1408.000000 1044.000000 -352.000000) (-1408.000000 1040.000000 -356.000000) (-1408.000000 896.000000 -356.000000) (-1408.000000 892.000000 -352.000000) (-1408.000000 892.000000 -320.000000) 
3 520 527 (-1408.000000 856.000000 -384.000000) (-1392.000000 856.000000 -384.000000) (-1408.000000 856.000000 -368.000000) 
4 520 521 (-1408.000000 856.000000 -384.000000) (-1408.000000 856.000000 -368.000000) (-1408.000000 1080.000000 -368.000000) (-1408.000000 1080.000000 -384.000000) 
4 521 544 (-1504.000000 1080.000000 -280.000000) (-1504.000000 1080.000000 -384.000000) (-1504.000000 856.000000 -384.000000) (-1504.000000 856.000000 -280.000000) 
4 521 526 (-1504.000000 856.000000 -320.000000) (-1504.000000 856.000000 -348.000000) (-1408.000000 856.000000 -348.000000) (-1408.000000 856.000000 -320.000000) 
4 521 523 (-1504.000000 856.000000 -280.000000) (-1504.000000 856.000000 -320.000000) (-1408.000000 856.000000 -320.000000) (-1408.000000 856.000000 -280.000000) 
4 521 527 (-1504.000000 856.000000 -348.000000) (-1504.000000 856.000000 -384.000000) (-1408.000000 856.000000 -384.000000) (-1408.000000 856.000000 -348.000000) 
3 522 530 (-1348.000000 848.000000 -320.000000) (-1340.000000 848.000000 -334.000000) (-1332.000000 848.000000 -320.000000) 
5 522 529 (-1280.000000 848.000000 -229.000000) (-1280.000000 848.000000 -136.000000) (-1453.142857 848.000000 -136.000000) (-1348.000000 848.000000 -320.000000) (-1332.000000 848.000000 -320.000000) 
4 522 528 (-1280.000000 848.000000 -348.000000) (-1280.000000 848.000000 -229.000000) (-1340.000000 848.000000 -334.000000) (-1332.000000 848.000000 -348.000000) 
4 522 524 (-1340.000000 856.000000 -334.000000) (-1332.000000 856.000000 -348.000000) (-1332.000000 848.000000 -348.000000) (-1340.000000 848.000000 -334.000000) 
4 522 523 (-1453.142857 856.000000 -136.000000) (-1348.000000 856.000000 -320.000000) (-1348.000000 848.000000 -320.000000) (-1453.142857 848.000000 -136.000000) 
4 522 527 (-1332.000000 856.000000 -348.000000) (-1280.000000 856.000000 -348.000000) (-1280.000000 848.000000 -348.000000) (-1332.000000 848.000000 -348.000000) 
4 523 544 (-1504.000000 848.000000 -136.000000) (-1504.000000 856.000000 -136.000000) (-1504.000000 856.000000 -320.000000) (-1504.000000 848.000000 -320.000000) 
4 523 529 (-1453.142857 848.000000 -136.000000) (-1504.000000 848.000000 -136.000000) (-1504.000000 848.000000 -320.000000) (-1348.000000 848.000000 -320.000000) 
4 523 526 (-1364.000000 848.000000 -320.000000) (-1504.000000 848.000000 -320.000000) (-1504.000000 856.000000 -320.000000) (-1364.000000 856.000000 -320.000000) 
3 524 528 (-1348.000000 848.000000 -348.000000) (-1332.000000 848.000000 -348.000000) (-1340.000000 848.000000 -334.000000) 
4 524 527 (-1348.000000 856.000000 -348.000000) (-1332.000000 856.000000 -348.000000) (-1332.000000 848.000000 -348.000000) (-1348.000000 848.000000 -348.000000) 
3 525 539 (-1380.000000 848.000000 -348.000000) (-1364.000000 848.000000 -348.000000) (-1372.000000 848.000000 -334.000000) 
4 525 527 (-1380.000000 856.000000 -348.000000) (-1364.000000 856.000000 -348.000000) (-1364.000000 848.000000 -348.000000) (-1380.000000 848.000000 -348.000000) 
4 525 526 (-1380.000000 848.000000 -348.000000) (-1372.000000 848.000000 -334.000000) (-1372.000000 856.000000 -334.000000) (-1380.000000 856.000000 -348.000000) 
4 526 544 (-1504.000000 856.000000 -320.000000) (-1504.000000 856.000000 -348.000000) (-1504.000000 848.000000 -348.000000) (-1504.000000 848.000000 -320.000000) 
3 526 535 (-1372.000000 848.000000 -334.000000) (-1364.000000 848.000000 -320.000000) (-1380.000000 848.000000 -320.000000) 
5 526 539 (-1504.000000 848.000000 -320.000000) (-1504.000000 848.000000 -348.000000) (-1380.000000 848.000000 -348.000000) (-1372.000000 848.000000 -334.000000) (-1380.000000 848.000000 -320.000000) 
4 526 527 (-1504.000000 848.000000 -348.000000) (-1504.000000 856.000000 -348.000000) (-1380.000000 856.000000 -348.000000) (-1380.000000 848.000000 -348.000000) 
4 527 544 (-1504.000000 856.000000 -348.000000) (-1504.000000 856.000000 -384.000000) (-1504.000000 848.000000 -384.000000) (-1504.000000 848.000000 -348.000000) 
3 527 536 (-1348.000000 848.000000 -348.000000) (-1364.000000 848.000000 -348.000000) (-1356.000000 848.000000 -362.000000) 
5 527 539 (-1364.000000 848.000000 -348.000000) (-1504.000000 848.000000 -348.000000) (-1504.000000 848.000000 -384.000000) (-1368.571429 848.000000 -384.000000) (-1356.000000 848.000000 -362.000000) 
4 527 528 (-1280.000000 848.000000 -384.000000) (-1280.000000 848.000000 -348.000000) (-1348.000000 848.000000 -348.000000) (-1368.571429 848.000000 -384.000000) 
4 528 538 (-1356.000000 768.000000 -362.000000) (-1348.000000 768.000000 -348.000000) (-1348.000000 776.000000 -348.000000) (-1356.000000 776.000000 -362.000000) 
4 528 533 (-1341.951220 848.000000 -337.414634) (-1345.714286 848.000000 -344.000000) (-1345.714286 776.000000 -344.000000) (-1341.951220 776.000000 -337.414634) 
4 528 532 (-1340.000000 776.000000 -334.000000) (-1340.000000 848.000000 -334.000000) (-1341.951220 848.000000 -337.414634) (-1341.951220 776.000000 -337.414634) 
4 528 536 (-1345.714286 848.000000 -344.000000) (-1356.000000 848.000000 -362.000000) (-1356.000000 776.000000 -362.000000) (-1345.714286 776.000000 -344.000000) 
4 528 539 (-1368.571429 848.000000 -384.000000) (-1368.571429 768.000000 -384.000000) (-1356.000000 768.000000 -362.000000) (-1356.000000 848.000000 -362.000000) 
4 528 530 (-1340.000000 768.000000 -334.000000) (-1332.000000 768.000000 -320.000000) (-1332.000000 848.000000 -320.000000) (-1340.000000 848.000000 -334.000000) 
5 528 529 (-1332.000000 768.000000 -320.000000) (-1312.000000 768.000000 -285.000000) (-1280.000000 800.000000 -229.000000) (-1280.000000 848.000000 -229.000000) (-1332.000000 848.000000 -320.000000) 
4 529 544 (-1504.000000 768.000000 -320.000000) (-1504.000000 768.000000 -136.000000) (-1504.000000 848.000000 -136.000000) (-1504.000000 848.000000 -320.000000) 
4 529 537 (-1364.000000 768.000000 -320.000000) (-1380.000000 768.000000 -320.000000) (-1380.000000 776.000000 -320.000000) (-1364.000000 776.000000 -320.000000) 
4 529 531 (-1359.600000 848.000000 -320.000000) (-1348.000000 848.000000 -320.000000) (-1348.000000 776.000000 -320.000000) (-1359.600000 776.000000 -320.000000) 
4 529 535 (-1380.000000 848.000000 -320.000000) (-1359.600000 848.000000 -320.000000) (-1359.600000 776.000000 -320.000000) (-1380.000000 776.000000 -320.000000) 
4 529 539 (-1504.000000 848.000000 -320.000000) (-1380.000000 848.000000 -320.000000) (-1380.000000 768.000000 -320.000000) (-1504.000000 768.000000 -320.000000) 
4 529 530 (-1348.000000 848.000000 -320.000000) (-1332.000000 848.000000 -320.000000) (-1332.000000 768.000000 -320.000000) (-1348.000000 768.000000 -320.000000) 
4 530 532 (-1340.000000 848.000000 -334.000000) (-1340.000000 776.000000 -334.000000) (-1345.714286 776.000000 -324.000000) (-1345.714286 848.000000 -324.000000) 
4 530 531 (-1345.714286 776.000000 -324.000000) (-1348.000000 776.000000 -320.000000) (-1348.000000 848.000000 -320.000000) (-1345.714286 848.000000 -324.000000) 
4 531 532 (-1350.000000 848.000000 -324.000000) (-1345.714286 848.000000 -324.000000) (-1345.714286 776.000000 -324.000000) (-1350.000000 776.000000 -324.000000) 
4 531 535 (-1362.000000 776.000000 -324.000000) (-1359.600000 776.000000 -320.000000) (-1359.600000 848.000000 -320.000000) (-1362.000000 848.000000 -324.000000) 
4 532 533 (-1341.951220 848.000000 -337.414634) (-1341.951220 776.000000 -337.414634) (-1344.000000 776.000000 -334.000000) (-1344.000000 848.000000 -334.000000) 
4 533 536 (-1350.000000 848.000000 -344.000000) (-1345.714286 848.000000 -344.000000) (-1345.714286 776.000000 -344.000000) (-1350.000000 776.000000 -344.000000) 
4 534 535 (-1370.048780 776.000000 -337.414634) (-1368.000000 776.000000 -334.000000) (-1368.000000 848.000000 -334.000000) (-1370.048780 848.000000 -337.414634) 
4 534 539 (-1370.048780 848.000000 -337.414634) (-1366.285714 848.000000 -344.000000) (-1366.285714 776.000000 -344.000000) (-1370.048780 776.000000 -337.414634) 
4 534 536 (-1366.285714 776.000000 -344.000000) (-1366.285714 848.000000 -344.000000) (-1362.000000 848.000000 -344.000000) (-1362.000000 776.000000 -344.000000) 
3 535 537 (-1364.000000 776.000000 -320.000000) (-1380.000000 776.000000 -320.000000) (-1372.000000 776.000000 -334.000000) 
4 535 539 (-1380.000000 776.000000 -320.000000) (-1380.000000 848.000000 -320.000000) (-1370.048780 848.000000 -337.414634) (-1370.048780 776.000000 -337.414634) 
3 536 538 (-1356.000000 776.000000 -362.000000) (-1348.000000 776.000000 -348.000000) (-1364.000000 776.000000 -348.000000) 
4 536 539 (-1366.285714 848.000000 -344.000000) (-1356.000000 848.000000 -362.000000) (-1356.000000 776.000000 -362.000000) (-1366.285714 776.000000 -344.000000) 
4 537 539 (-1380.000000 768.000000 -320.000000) (-1380.000000 776.000000 -320.000000) (-1372.000000 776.000000 -334.000000) (-1372.000000 768.000000 -334.000000) 
4 538 539 (-1364.000000 776.000000 -348.000000) (-1356.000000 776.000000 -362.000000) (-1356.000000 768.000000 -362.000000) (-1364.000000 768.000000 -348.000000) 
4 539 544 (-1504.000000 768.000000 -384.000000) (-1504.000000 768.000000 -320.000000) (-1504.000000 848.000000 -320.000000) (-1504.000000 848.000000 -384.000000) 
4 540 541 (-1524.000000 980.000000 -112.000000) (-1596.000000 980.000000 -112.000000) (-1596.000000 1052.000000 -112.000000) (-1524.000000 1052.000000 -112.000000) 
4 541 544 (-1504.000000 1136.000000 -136.000000) (-1504.000000 800.000000 -136.000000) (-1712.000000 800.000000 -136.000000) (-1712.000000 1136.000000 -136.000000) 
6 542 543 (-1552.000000 1200.000000 -272.000000) (-1616.000000 1200.000000 -256.000000) (-1664.000000 1200.000000 -256.000000) (-1728.000000 1200.000000 -272.000000) (-1728.000000 1200.000000 -384.000000) (-1552.000000 1200.000000 -384.000000) 
6 543 544 (-1728.000000 1168.000000 -384.000000) (-1552.000000 1168.000000 -384.000000) (-1552.000000 1168.000000 -272.000000) (-1616.000000 1168.000000 -256.000000) (-1664.000000 1168.000000 -256.000000) (-1728.000000 1168.000000 -272.000000) 
6 544 552 (-1744.000000 928.000000 -256.000000) (-1744.000000 1008.000000 -256.000000) (-1744.000000 1072.000000 -272.000000) (-1744.000000 1072.000000 -384.000000) (-1744.000000 864.000000 -384.000000) (-1744.000000 864.000000 -272.000000) 
6 544 545 (-1728.000000 768.000000 -384.000000) (-1552.000000 768.000000 -384.000000) (-1552.000000 768.000000 -272.000000) (-1616.000000 768.000000 -256.000000) (-1664.000000 768.000000 -256.000000) (-1728.000000 768.000000 -272.000000) 
6 545 549 (-1552.000000 736.000000 -272.000000) (-1616.000000 736.000000 -256.000000) (-1664.000000 736.000000 -256.000000) (-1728.000000 736.000000 -272.000000) (-1728.000000 736.000000 -384.000000) (-1552.000000 736.000000 -384.000000) 
4 546 548 (-1656.000000 664.000000 -192.000000) (-1744.000000 664.000000 -192.000000) (-1744.000000 664.000000 -204.000000) (-1656.000000 664.000000 -204.000000) 
4 546 547 (-1536.000000 664.000000 -204.000000) (-1536.000000 664.000000 -192.000000) (-1624.000000 664.000000 -192.000000) (-1624.000000 664.000000 -204.000000) 
4 546 549 (-1744.000000 664.000000 -204.000000) (-1744.000000 736.000000 -204.000000) (-1536.000000 736.000000 -204.000000) (-1536.000000 664.000000 -204.000000) 
4 547 555 (-1536.000000 584.000000 -204.000000) (-1536.000000 584.000000 -192.000000) (-1624.000000 584.000000 -192.000000) (-1624.000000 584.000000 -204.000000) 
4 547 549 (-1536.000000 584.000000 -204.000000) (-1624.000000 584.000000 -204.000000) (-1624.000000 664.000000 -204.000000) (-1536.000000 664.000000 -204.000000) 
4 548 555 (-1656.000000 584.000000 -192.000000) (-1744.000000 584.000000 -192.000000) (-1744.000000 584.000000 -204.000000) (-1656.000000 584.000000 -204.000000) 
4 548 549 (-1656.000000 584.000000 -204.000000) (-1744.000000 584.000000 -204.000000) (-1744.000000 664.000000 -204.000000) (-1656.000000 664.000000 -204.000000) 
4 549 566 (-1536.000000 584.000000 -384.000000) (-1536.000000 584.000000 -208.000000) (-1744.000000 584.000000 -208.000000) (-1744.000000 584.000000 -384.000000) 
4 549 555 (-1536.000000 584.000000 -208.000000) (-1536.000000 584.000000 -204.000000) (-1744.000000 584.000000 -204.000000) (-1744.000000 584.000000 -208.000000) 
4 550 551 (-2064.000000 1104.000000 -256.000000) (-2064.000000 1272.000000 -256.000000) (-1856.000000 1272.000000 -256.000000) (-1856.000000 1104.000000 -256.000000) 
4 551 554 (-1856.000000 1072.000000 -384.000000) (-1856.000000 1072.000000 -256.000000) (-2064.000000 1072.000000 -256.000000) (-2064.000000 1072.000000 -384.000000) 
6 552 554 (-1776.000000 1072.000000 -272.000000) (-1776.000000 1072.000000 -384.000000) (-1776.000000 864.000000 -384.000000) (-1776.000000 864.000000 -272.000000) (-1776.000000 928.000000 -256.000000) (-1776.000000 1008.000000 -256.000000) 
4 553 554 (-1776.000000 864.000000 -256.000000) (-2208.000000 864.000000 -256.000000) (-2208.000000 1072.000000 -256.000000) (-1776.000000 1072.000000 -256.000000) 
4 554 583 (-2240.000000 864.000000 -384.000000) (-2240.000000 864.000000 -256.000000) (-2240.000000 1072.000000 -256.000000) (-2240.000000 1072.000000 -384.000000) 
4 555 566 (-1744.000000 472.000000 -208.000000) (-1744.000000 584.000000 -208.000000) (-1536.000000 584.000000 -208.000000) (-1536.000000 472.000000 -208.000000) 
4 556 566 (-1744.000000 328.000000 -208.000000) (-1744.000000 440.000000 -208.000000) (-1536.000000 440.000000 -208.000000) (-1536.000000 328.000000 -208.000000) 
4 556 557 (-1624.000000 328.000000 -204.000000) (-1536.000000 328.000000 -204.000000) (-1536.000000 328.000000 -192.000000) (-1624.000000 328.000000 -192.000000) 
4 556 558 (-1744.000000 328.000000 -192.000000) (-1744.000000 328.000000 -204.000000) (-1656.000000 328.000000 -204.000000) (-1656.000000 328.000000 -192.000000) 
4 556 559 (-1744.000000 328.000000 -204.000000) (-1744.000000 328.000000 -208.000000) (-1536.000000 328.000000 -208.000000) (-1536.000000 328.000000 -204.000000) 
4 557 560 (-1536.000000 248.000000 -204.000000) (-1536.000000 248.000000 -192.000000) (-1624.000000 248.000000 -192.000000) (-1624.000000 248.000000 -204.000000) 
4 557 559 (-1536.000000 248.000000 -204.000000) (-1624.000000 248.000000 -204.000000) (-1624.000000 328.000000 -204.000000) (-1536.000000 328.000000 -204.000000) 
4 558 560 (-1656.000000 248.000000 -192.000000) (-1744.000000 248.000000 -192.000000) (-1744.000000 248.000000 -204.000000) (-1656.000000 248.000000 -204.000000) 
4 558 559 (-1656.000000 248.000000 -204.000000) (-1744.000000 248.000000 -204.000000) (-1744.000000 328.000000 -204.000000) (-1656.000000 328.000000 -204.000000) 
4 559 566 (-1744.000000 248.000000 -208.000000) (-1744.000000 328.000000 -208.000000) (-1536.000000 328.000000 -208.000000) (-1536.000000 248.000000 -208.000000) 
4 559 560 (-1744.000000 248.000000 -208.000000) (-1536.000000 248.000000 -208.000000) (-1536.000000 248.000000 -204.000000) (-1744.000000 248.000000 -204.000000) 
4 560 566 (-1744.000000 136.000000 -208.000000) (-1744.000000 248.000000 -208.000000) (-1536.000000 248.000000 -208.000000) (-1536.000000 136.000000 -208.000000) 
4 561 566 (-1744.000000 -8.000000 -208.000000) (-1744.000000 104.000000 -208.000000) (-1536.000000 104.000000 -208.000000) (-1536.000000 -8.000000 -208.000000) 
4 561 563 (-1744.000000 -8.000000 -192.000000) (-1744.000000 -8.000000 -204.000000) (-1656.000000 -8.000000 -204.000000) (-1656.000000 -8.000000 -192.000000) 
4 561 562 (-1624.000000 -8.000000 -204.000000) (-1536.000000 -8.000000 -204.000000) (-1536.000000 -8.000000 -192.000000) (-1624.000000 -8.000000 -192.000000) 
4 561 565 (-1744.000000 -8.000000 -204.000000) (-1744.000000 -8.000000 -208.000000) (-1536.000000 -8.000000 -208.000000) (-1536.000000 -8.000000 -204.000000) 
4 562 564 (-1624.000000 -88.000000 -204.000000) (-1536.000000 -88.000000 -204.000000) (-1536.000000 -88.000000 -192.000000) (-1624.000000 -88.000000 -192.000000) 
4 562 565 (-1624.000000 -8.000000 -204.000000) (-1536.000000 -8.000000 -204.000000) (-1536.000000 -88.000000 -204.000000) (-1624.000000 -88.000000 -204.000000) 
4 563 565 (-1744.000000 -88.000000 -204.000000) (-1744.000000 -8.000000 -204.000000) (-1656.000000 -8.000000 -204.000000) (-1656.000000 -88.000000 -204.000000) 
4 563 564 (-1744.000000 -88.000000 -192.000000) (-1744.000000 -88.000000 -204.000000) (-1656.000000 -88.000000 -204.000000) (-1656.000000 -88.000000 -192.000000) 
4 564 576 (-1536.000000 -128.000000 -204.000000) (-1536.000000 -128.000000 -192.000000) (-1744.000000 -128.000000 -192.000000) (-1744.000000 -128.000000 -204.000000) 
4 564 565 (-1744.000000 -128.000000 -204.000000) (-1744.000000 -88.000000 -204.000000) (-1536.000000 -88.000000 -204.000000) (-1536.000000 -128.000000 -204.000000) 
4 565 576 (-1536.000000 -128.000000 -208.000000) (-1536.000000 -128.000000 -204.000000) (-1744.000000 -128.000000 -204.000000) (-1744.000000 -128.000000 -208.000000) 
4 565 566 (-1744.000000 -128.000000 -208.000000) (-1744.000000 -8.000000 -208.000000) (-1536.000000 -8.000000 -208.000000) (-1536.000000 -128.000000 -208.000000) 
4 566 577 (-1536.000000 -128.000000 -256.000000) (-1536.000000 -128.000000 -240.000000) (-1744.000000 -128.000000 -240.000000) (-1744.000000 -128.000000 -256.000000) 
4 566 576 (-1536.000000 -128.000000 -240.000000) (-1536.000000 -128.000000 -208.000000) (-1744.000000 -128.000000 -208.000000) (-1744.000000 -128.000000 -240.000000) 
4 566 578 (-1536.000000 -128.000000 -384.000000) (-1536.000000 -128.000000 -256.000000) (-1744.000000 -128.000000 -256.000000) (-1744.000000 -128.000000 -384.000000) 
4 567 568 (-768.000000 -144.000000 -96.000000) (-768.000000 -144.000000 -32.000000) (-832.000000 -144.000000 -32.000000) (-832.000000 -144.000000 -96.000000) 
4 567 569 (-832.000000 -144.000000 -384.000000) (-768.000000 -144.000000 -384.000000) (-768.000000 -144.000000 -96.000000) (-832.000000 -144.000000 -96.000000) 
4 568 569 (-832.000000 -144.000000 -96.000000) (-768.000000 -144.000000 -96.000000) (-768.000000 -192.000000 -32.000000) (-832.000000 -192.000000 -32.000000) 
4 569 571 (-896.000000 -544.000000 -384.000000) (-768.000000 -544.000000 -384.000000) (-768.000000 -544.000000 -32.000000) (-896.000000 -544.000000 -32.000000) 
5 569 570 (-896.000000 -144.000000 -384.000000) (-896.000000 -544.000000 -384.000000) (-896.000000 -544.000000 -32.000000) (-896.000000 -192.000000 -32.000000) (-896.000000 -144.000000 -96.000000) 
4 570 573 (-1024.000000 -192.000000 -384.000000) (-1024.000000 -400.000000 -384.000000) (-1024.000000 -400.000000 -256.000000) (-1024.000000 -192.000000 -256.000000) 
4 570 571 (-936.000000 -544.000000 -384.000000) (-896.000000 -544.000000 -384.000000) (-896.000000 -544.000000 -32.000000) (-936.000000 -544.000000 -32.000000) 
4 572 573 (-1056.000000 -400.000000 -256.000000) (-1232.000000 -400.000000 -256.000000) (-1232.000000 -192.000000 -256.000000) (-1056.000000 -192.000000 -256.000000) 
4 573 574 (-1232.000000 -192.000000 -256.000000) (-1232.000000 -192.000000 -384.000000) (-1232.000000 -400.000000 -384.000000) (-1232.000000 -400.000000 -256.000000) 
4 574 575 (-1264.000000 -192.000000 -384.000000) (-1264.000000 -400.000000 -384.000000) (-1264.000000 -400.000000 -256.000000) (-1264.000000 -192.000000 -256.000000) 
4 575 580 (-1504.000000 -192.000000 -384.000000) (-1504.000000 -400.000000 -384.000000) (-1504.000000 -400.000000 -256.000000) (-1504.000000 -192.000000 -256.000000) 
4 576 577 (-1744.000000 -160.000000 -240.000000) (-1744.000000 -128.000000 -240.000000) (-1536.000000 -128.000000 -240.000000) (-1536.000000 -160.000000 -240.000000) 
4 577 578 (-1744.000000 -160.000000 -256.000000) (-1744.000000 -128.000000 -256.000000) (-1536.000000 -128.000000 -256.000000) (-1536.000000 -160.000000 -256.000000) 
4 578 580 (-1536.000000 -192.000000 -384.000000) (-1536.000000 -192.000000 -256.000000) (-1744.000000 -192.000000 -256.000000) (-1744.000000 -192.000000 -384.000000) 
4 579 580 (-1776.000000 -400.000000 -256.000000) (-1776.000000 -192.000000 -256.000000) (-1536.000000 -192.000000 -256.000000) (-1536.000000 -400.000000 -256.000000) 
4 580 582 (-1776.000000 -340.000000 -364.000000) (-1776.000000 -396.000000 -364.000000) (-1776.000000 -396.000000 -320.000000) (-1776.000000 -340.000000 -320.000000) 
4 580 581 (-1776.000000 -276.000000 -364.000000) (-1776.000000 -332.000000 -364.000000) (-1776.000000 -332.000000 -320.000000) (-1776.000000 -276.000000 -320.000000) 
4 583 584 (-2672.000000 1072.000000 -256.000000) (-2672.000000 1072.000000 -384.000000) (-2672.000000 864.000000 -384.000000) (-2672.000000 864.000000 -256.000000) 
4 584 592 (-2704.000000 1072.000000 -288.000000) (-2704.000000 1072.000000 -300.000000) (-2704.000000 864.000000 -300.000000) (-2704.000000 864.000000 -288.000000) 
4 584 596 (-2704.000000 1072.000000 -300.000000) (-2704.000000 1072.000000 -384.000000) (-2704.000000 864.000000 -384.000000) (-2704.000000 864.000000 -300.000000) 
4 584 591 (-2704.000000 1072.000000 -256.000000) (-2704.000000 1072.000000 -288.000000) (-2704.000000 864.000000 -288.000000) (-2704.000000 864.000000 -256.000000) 
4 585 596 (-2704.000000 256.000000 -320.000000) (-2704.000000 256.000000 -364.000000) (-2704.000000 200.000000 -364.000000) (-2704.000000 200.000000 -320.000000) 
4 586 596 (-2704.000000 192.000000 -320.000000) (-2704.000000 192.000000 -364.000000) (-2704.000000 136.000000 -364.000000) (-2704.000000 136.000000 -320.000000) 
5 587 594 (-2912.000000 1104.000000 -288.000000) (-2912.000000 1104.000000 -300.000000) (-2900.000000 1104.000000 -300.000000) (-2900.000000 1104.000000 -292.000000) (-2904.000000 1104.000000 -288.000000) 
3 587 593 (-2900.000000 1104.000000 -292.000000) (-2900.000000 1104.000000 -288.000000) (-2904.000000 1104.000000 -288.000000) 
4 587 592 (-2900.000000 1104.000000 -300.000000) (-2704.000000 1104.000000 -300.000000) (-2704.000000 1104.000000 -288.000000) (-2900.000000 1104.000000 -288.000000) 
4 587 596 (-2912.000000 1104.000000 -300.000000) (-2912.000000 1104.000000 -384.000000) (-2704.000000 1104.000000 -384.000000) (-2704.000000 1104.000000 -300.000000) 
4 587 591 (-2912.000000 1104.000000 -256.000000) (-2912.000000 1104.000000 -288.000000) (-2704.000000 1104.000000 -288.000000) (-2704.000000 1104.000000 -256.000000) 
4 588 591 (-2912.000000 864.000000 -256.000000) (-2912.000000 1072.000000 -256.000000) (-2704.000000 1072.000000 -256.000000) (-2704.000000 864.000000 -256.000000) 
4 589 591 (-2912.000000 488.000000 -256.000000) (-2912.000000 832.000000 -256.000000) (-2704.000000 832.000000 -256.000000) (-2704.000000 488.000000 -256.000000) 
4 590 591 (-2912.000000 80.000000 -256.000000) (-2912.000000 456.000000 -256.000000) (-2704.000000 456.000000 -256.000000) (-2704.000000 80.000000 -256.000000) 
4 591 599 (-2912.000000 256.000000 -256.000000) (-2912.000000 416.000000 -256.000000) (-2912.000000 416.000000 -288.000000) (-2912.000000 256.000000 -288.000000) 
4 591 595 (-2904.000000 80.000000 -288.000000) (-2912.000000 80.000000 -288.000000) (-2912.000000 470.000000 -288.000000) (-2904.000000 470.000000 -288.000000) 
4 591 594 (-2912.000000 482.000000 -288.000000) (-2912.000000 1104.000000 -288.000000) (-2904.000000 1104.000000 -288.000000) (-2904.000000 482.000000 -288.000000) 
4 591 593 (-2900.000000 80.000000 -288.000000) (-2904.000000 80.000000 -288.000000) (-2904.000000 1104.000000 -288.000000) (-2900.000000 1104.000000 -288.000000) 
4 591 592 (-2704.000000 80.000000 -288.000000) (-2900.000000 80.000000 -288.000000) (-2900.000000 1104.000000 -288.000000) (-2704.000000 1104.000000 -288.000000) 
4 592 595 (-2900.000000 80.000000 -300.000000) (-2900.000000 80.000000 -292.000000) (-2900.000000 470.000000 -292.000000) (-2900.000000 470.000000 -300.000000) 
4 592 594 (-2900.000000 482.000000 -292.000000) (-2900.000000 1104.000000 -292.000000) (-2900.000000 1104.000000 -300.000000) (-2900.000000 482.000000 -300.000000) 
4 592 593 (-2900.000000 80.000000 -292.000000) (-2900.000000 80.000000 -288.000000) (-2900.000000 1104.000000 -288.000000) (-2900.000000 1104.000000 -292.000000) 
4 592 596 (-2900.000000 1104.000000 -300.000000) (-2704.000000 1104.000000 -300.000000) (-2704.000000 80.000000 -300.000000) (-2900.000000 80.000000 -300.000000) 
4 593 595 (-2900.000000 470.000000 -292.000000) (-2900.000000 80.000000 -292.000000) (-2904.000000 80.000000 -288.000000) (-2904.000000 470.000000 -288.000000) 
4 593 594 (-2904.000000 1104.000000 -288.000000) (-2900.000000 1104.000000 -292.000000) (-2900.000000 482.000000 -292.000000) (-2904.000000 482.000000 -288.000000) 
4 594 596 (-2912.000000 482.000000 -300.000000) (-2912.000000 1104.000000 -300.000000) (-2900.000000 1104.000000 -300.000000) (-2900.000000 482.000000 -300.000000) 
4 595 599 (-2912.000000 256.000000 -288.000000) (-2912.000000 416.000000 -288.000000) (-2912.000000 416.000000 -300.000000) (-2912.000000 256.000000 -300.000000) 
4 595 596 (-2912.000000 80.000000 -300.000000) (-2912.000000 470.000000 -300.000000) (-2900.000000 470.000000 -300.000000) (-2900.000000 80.000000 -300.000000) 
4 596 599 (-2912.000000 416.000000 -384.000000) (-2912.000000 256.000000 -384.000000) (-2912.000000 256.000000 -300.000000) (-2912.000000 416.000000 -300.000000) 
4 596 598 (-2912.000000 908.000000 -364.000000) (-2912.000000 908.000000 -320.000000) (-2912.000000 964.000000 -320.000000) (-2912.000000 964.000000 -364.000000) 
4 596 597 (-2912.000000 972.000000 -364.000000) (-2912.000000 972.000000 -320.000000) (-2912.000000 1028.000000 -320.000000) (-2912.000000 1028.000000 -364.000000) 
4 599 600 (-2928.000000 416.000000 -384.000000) (-2928.000000 256.000000 -384.000000) (-2928.000000 256.000000 -256.000000) (-2928.000000 416.000000 -256.000000) 
4 600 601 (-2944.000000 416.000000 -256.000000) (-2944.000000 416.000000 -384.000000) (-2944.000000 256.000000 -384.000000) (-2944.000000 256.000000 -256.000000) 
4 601 605 (-2960.000000 416.000000 -368.000000) (-2960.000000 416.000000 -384.000000) (-2960.000000 256.000000 -384.000000) (-2960.000000 256.000000 -368.000000) 
4 601 604 (-2960.000000 416.000000 -256.000000) (-2960.000000 416.000000 -368.000000) (-2960.000000 256.000000 -368.000000) (-2960.000000 256.000000 -256.000000) 
4 602 603 (-3128.000000 280.000000 -224.000000) (-3128.000000 392.000000 -224.000000) (-3016.000000 392.000000 -224.000000) (-3016.000000 280.000000 -224.000000) 
4 603 604 (-3128.000000 280.000000 -240.000000) (-3128.000000 392.000000 -240.000000) (-3016.000000 392.000000 -240.000000) (-3016.000000 280.000000 -240.000000) 
4 604 617 (-3128.000000 432.000000 -368.000000) (-3128.000000 240.000000 -368.000000) (-3128.000000 240.000000 -240.000000) (-3128.000000 432.000000 -240.000000) 
4 604 605 (-3128.000000 240.000000 -368.000000) (-3128.000000 432.000000 -368.000000) (-2960.000000 432.000000 -368.000000) (-2960.000000 240.000000 -368.000000) 
4 605 618 (-3128.000000 240.000000 -384.000000) (-3128.000000 224.000000 -384.000000) (-3128.000000 224.000000 -368.000000) (-3128.000000 240.000000 -368.000000) 
4 605 616 (-3128.000000 448.000000 -384.000000) (-3128.000000 432.000000 -384.000000) (-3128.000000 432.000000 -368.000000) (-3128.000000 448.000000 -368.000000) 
4 605 617 (-3128.000000 432.000000 -384.000000) (-3128.000000 240.000000 -384.000000) (-3128.000000 240.000000 -368.000000) (-3128.000000 432.000000 -368.000000) 
4 606 611 (-3168.000000 280.000000 -224.000000) (-3280.000000 280.000000 -224.000000) (-3280.000000 392.000000 -224.000000) (-3168.000000 392.000000 -224.000000) 
4 607 612 (-3320.000000 280.000000 -224.000000) (-3432.000000 280.000000 -224.000000) (-3432.000000 392.000000 -224.000000) (-3320.000000 392.000000 -224.000000) 
4 608 613 (-3472.000000 280.000000 -224.000000) (-3584.000000 280.000000 -224.000000) (-3584.000000 392.000000 -224.000000) (-3472.000000 392.000000 -224.000000) 
4 609 614 (-3624.000000 280.000000 -224.000000) (-3736.000000 280.000000 -224.000000) (-3736.000000 392.000000 -224.000000) (-3624.000000 392.000000 -224.000000) 
4 610 615 (-3776.000000 280.000000 -224.000000) (-3888.000000 280.000000 -224.000000) (-3888.000000 392.000000 -224.000000) (-3776.000000 392.000000 -224.000000) 
4 611 617 (-3280.000000 392.000000 -240.000000) (-3168.000000 392.000000 -240.000000) (-3168.000000 280.000000 -240.000000) (-3280.000000 280.000000 -240.000000) 
4 612 617 (-3432.000000 392.000000 -240.000000) (-3320.000000 392.000000 -240.000000) (-3320.000000 280.000000 -240.000000) (-3432.000000 280.000000 -240.000000) 
4 613 617 (-3584.000000 392.000000 -240.000000) (-3472.000000 392.000000 -240.000000) (-3472.000000 280.000000 -240.000000) (-3584.000000 280.000000 -240.000000) 
4 614 617 (-3736.000000 392.000000 -240.000000) (-3624.000000 392.000000 -240.000000) (-3624.000000 280.000000 -240.000000) (-3736.000000 280.000000 -240.000000) 
4 615 617 (-3888.000000 392.000000 -240.000000) (-3776.000000 392.000000 -240.000000) (-3776.000000 280.000000 -240.000000) (-3888.000000 280.000000 -240.000000) 
4 616 617 (-3952.000000 432.000000 -368.000000) (-3952.000000 432.000000 -384.000000) (-3128.000000 432.000000 -384.000000) (-3128.000000 432.000000 -368.000000) 
4 617 619 (-3952.000000 416.000000 -384.000000) (-3952.000000 256.000000 -384.000000) (-3952.000000 256.000000 -256.000000) (-3952.000000 416.000000 -256.000000) 
4 617 618 (-3952.000000 240.000000 -384.000000) (-3128.000000 240.000000 -384.000000) (-3128.000000 240.000000 -368.000000) (-3952.000000 240.000000 -368.000000) 
