1058
3514
1
1
1
1
1
1
1
1
1
1
1
1
1
1
1
1
1
1
1
1
1
1
1
1
1
1
1
1
1
1
1
1
1
1
1
1
1
1
1
1
1
1
1
1
1
1
1
1
1
1
1
1
1
1
1
1
1
1
1
1
1
1
1
1
1
1
1
1
1
1
1
1
1
1
1
1
1
1
1
1
1
1
1
1
1
1
1
1
1
1
1
1
1
1
1
1
1
1
1
1
1
1
1
1
1
1
1
1
1
1
1
1
1
1
1
1
1
1
1
1
1
1
1
1
1
1
1
1
1
1
1
1
1
1
1
1
1
1
1
1
1
1
1
1
1
1
1
1
1
1
1
1
1
1
1
1
1
1
1
1
1
1
1
1
1
1
1
1
1
1
35
1
1
1
1
1
1
1
1
1
1
1
1
1
1
1
1
1
1
1
1
1
1
1
1
1
1
1
1
1
1
1
1
1
1
1
1
1
1
1
1
1
1
1
1
1
1
1
1
1
1
1
1
1
1
1
1
1
1
1
1
1
1
1
1
1
1
1
1
1
1
1
1
1
1
1
1
1
1
1
1
1
1
1
1
1
1
1
1
1
1
1
1
1
1
1
1
1
1
1
1
1
1
1
1
1
1
1
1
1
1
1
1
1
1
1
1
1
1
1
1
1
1
1
1
1
1
1
1
1
1
1
1
1
1
1
1
1
1
1
1
1
1
1
1
1
1
1
1
1
1
1
1
1
1
1
1
1
1
1
1
1
1
1
1
1
1
1
1
1
1
1
1
1
1
1
1
1
1
1
1
1
1
1
1
1
1
1
1
1
1
1
1
1
1
1
1
1
1
1
1
1
1
1
1
1
1
1
1
1
1
1
1
1
1
1
1
1
1
1
1
1
1
1
1
1
1
1
1
1
1
1
1
1
1
1
1
1
1
1
1
1
1
1
1
1
1
1
1
1
1
1
1
1
1
1
1
1
1
1
1
1
1
1
1
1
1
1
1
1
1
1
1
1
1
1
1
1
1
1
1
1
1
1
1
1
1
1
1
1
1
1
1
1
1
1
1
1
1
1
1
1
1
1
1
1
1
1
1
1
1
1
1
1
1
1
1
1
1
1
1
1
1
1
1
1
1
1
1
1
1
1
1
1
1
1
1
26
1
1
1
1
1
1
1
1
1
1
1
1
1
1
1
1
1
1
1
1
1
1
1
1
1
1
1
1
1
1
1
1
1
1
1
1
1
1
1
1
1
1
1
1
1
1
1
1
1
1
1
1
1
1
9
1
1
1
1
1
1
1
1
1
1
1
1
1
1
1
1
1
1
1
1
1
1
1
1
1
1
1
1
1
1
1
1
1
1
1
1
1
1
1
1
1
1
1
1
1
1
1
1
1
1
1
1
1
1
1
1
1
1
1
1
1
1
1
1
1
1
1
1
1
1
1
1
1
1
1
1
1
1
1
1
1
1
1
1
1
1
1
1
1
1
1
1
1
1
1
1
1
1
1
1
1
1
1
1
1
1
1
1
1
1
1
1
1
1
1
1
1
1
1
1
1
1
1
1
1
1
1
1
1
1
1
1
1
1
1
1
1
1
1
1
1
1
1
1
1
1
1
1
1
1
1
1
1
1
1
1
1
1
1
1
1
1
1
1
1
1
1
1
1
1
1
1
1
1
1
1
1
1
1
1
1
1
1
1
1
1
1
1
1
1
1
1
1
1
1
1
1
1
1
1
1
1
1
1
1
1
1
1
1
1
1
1
1
1
1
1
1
1
1
1
1
1
1
1
1
1
1
1
1
1
1
1
1
1
1
1
1
1
1
1
1
1
1
1
1
1
1
1
1
1
1
1
1
1
1
1
1
1
1
1
1
1
1
1
1
1
1
1
1
1
1
1
1
1
1
1
1
1
1
1
1
1
1
1
1
1
1
1
1
1
1
1
1
1
1
1
1
1
1
1
1
1
1
1
1
1
1
1
1
1
1
1
1
1
1
1
1
1
1
1
1
1
1
1
1
1
1
1
1
1
1
1
1
1
1
1
1
1
1
1
1
1
1
1
1
1
1
1
1
1
1
1
1
1
1
1
1
1
1
1
1
1
1
1
1
1
1
1
1
1
1
1
1
1
1
1
1
1
1
1
1
1
1
1
1
1
1
1
1
1
1
1
1
1
1
1
1
1
1
1
1
1
1
1
1
1
1
1
1
1
1
1
1
1
1
1
1
1
1
1
1
1
1
1
1
1
1
1
1
1
1
1
1
1
1
1
1
1
1
1
1
1
1
1
1
1
1
1
1
1
1
1
1
1
1
1
1
1
1
1
1
1
1
1
1
1
1
1
1
1
1
1
1
1
1
1
1
1
1
1
1
1
1
1
1
1
1
1
1
1
1
1
1
1
1
4 0 1 (1960.000000 2448.000000 -320.000000) (1960.000000 2448.000000 -248.000000) (1960.000000 2528.000000 -248.000000) (1960.000000 2528.000000 -320.000000) 
4 1 101 (1944.000000 2528.000000 -320.000000) (1944.000000 2465.333333 -320.000000) (1944.000000 2465.333333 -248.000000) (1944.000000 2528.000000 -248.000000) 
4 1 102 (1944.000000 2465.333333 -320.000000) (1944.000000 2448.000000 -320.000000) (1944.000000 2448.000000 -248.000000) (1944.000000 2465.333333 -248.000000) 
4 2 45 (1792.000000 2924.000000 -216.000000) (1792.000000 2928.000000 -216.000000) (1856.000000 2928.000000 -216.000000) (1856.000000 2924.000000 -216.000000) 
4 2 48 (1792.000000 2794.666667 -216.000000) (1792.000000 2924.000000 -216.000000) (1856.000000 2924.000000 -216.000000) (1856.000000 2656.000000 -216.000000) 
4 2 30 (1792.000000 2708.000000 -176.000000) (1792.000000 2690.666667 -168.000000) (1792.000000 2800.000000 -168.000000) (1792.000000 2804.000000 -176.000000) 
4 2 40 (1792.000000 2824.000000 -216.000000) (1792.000000 2794.666667 -216.000000) (1792.000000 2708.000000 -176.000000) (1792.000000 2804.000000 -176.000000) 
4 2 27 (1792.000000 2808.000000 -184.000000) (1792.000000 2800.000000 -168.000000) (1792.000000 2832.000000 -168.000000) (1792.000000 2824.000000 -184.000000) 
3 2 29 (1792.000000 2816.000000 -200.000000) (1792.000000 2808.000000 -184.000000) (1792.000000 2824.000000 -184.000000) 
5 2 22 (1792.000000 2908.000000 -216.000000) (1792.000000 2824.000000 -216.000000) (1792.000000 2816.000000 -200.000000) (1792.000000 2832.000000 -168.000000) (1792.000000 2908.000000 -168.000000) 
4 2 4 (1792.000000 2928.000000 -216.000000) (1792.000000 2924.000000 -216.000000) (1792.000000 2916.000000 -208.000000) (1792.000000 2928.000000 -208.000000) 
3 2 5 (1792.000000 2924.000000 -216.000000) (1792.000000 2908.000000 -216.000000) (1792.000000 2908.000000 -200.000000) 
4 2 3 (1792.000000 2794.666667 -216.000000) (1856.000000 2656.000000 -216.000000) (1808.000000 2656.000000 -168.000000) (1792.000000 2690.666667 -168.000000) 
4 3 249 (1856.000000 2416.000000 -168.000000) (1792.000000 2416.000000 -168.000000) (1792.000000 2416.000000 -216.000000) (1904.000000 2416.000000 -216.000000) 
4 3 103 (1904.000000 2416.000000 -216.000000) (1792.000000 2416.000000 -216.000000) (1792.000000 2424.000000 -216.000000) (1904.000000 2424.000000 -216.000000) 
5 3 102 (1792.000000 2424.000000 -216.000000) (1792.000000 2656.000000 -216.000000) (1856.000000 2656.000000 -216.000000) (1904.000000 2552.000000 -216.000000) (1904.000000 2424.000000 -216.000000) 
3 3 48 (1792.000000 2656.000000 -216.000000) (1792.000000 2794.666667 -216.000000) (1856.000000 2656.000000 -216.000000) 
4 3 30 (1792.000000 2416.000000 -176.000000) (1792.000000 2416.000000 -168.000000) (1792.000000 2690.666667 -168.000000) (1792.000000 2708.000000 -176.000000) 
4 3 40 (1792.000000 2794.666667 -216.000000) (1792.000000 2416.000000 -216.000000) (1792.000000 2416.000000 -176.000000) (1792.000000 2708.000000 -176.000000) 
4 4 45 (1728.000000 2928.000000 -216.000000) (1792.000000 2928.000000 -216.000000) (1792.000000 2924.000000 -216.000000) (1728.000000 2924.000000 -216.000000) 
4 4 18 (1728.000000 2928.000000 -216.000000) (1728.000000 2924.000000 -216.000000) (1728.000000 2924.000000 -208.000000) (1728.000000 2928.000000 -208.000000) 
4 4 20 (1728.000000 2924.000000 -216.000000) (1728.000000 2920.000000 -212.000000) (1728.000000 2920.000000 -208.000000) (1728.000000 2924.000000 -208.000000) 
3 4 21 (1728.000000 2920.000000 -212.000000) (1728.000000 2916.000000 -208.000000) (1728.000000 2920.000000 -208.000000) 
4 4 5 (1728.000000 2924.000000 -216.000000) (1792.000000 2924.000000 -216.000000) (1792.000000 2916.000000 -208.000000) (1728.000000 2916.000000 -208.000000) 
4 5 48 (1792.000000 2924.000000 -216.000000) (1792.000000 2908.000000 -216.000000) (1728.000000 2908.000000 -216.000000) (1728.000000 2924.000000 -216.000000) 
3 5 26 (1740.000000 2908.000000 -200.000000) (1728.000000 2908.000000 -200.000000) (1728.000000 2908.000000 -212.000000) 
5 5 23 (1768.000000 2908.000000 -200.000000) (1740.000000 2908.000000 -200.000000) (1728.000000 2908.000000 -212.000000) (1728.000000 2908.000000 -216.000000) (1768.000000 2908.000000 -216.000000) 
4 5 22 (1792.000000 2908.000000 -216.000000) (1792.000000 2908.000000 -200.000000) (1768.000000 2908.000000 -200.000000) (1768.000000 2908.000000 -216.000000) 
3 5 20 (1728.000000 2924.000000 -216.000000) (1728.000000 2920.000000 -216.000000) (1728.000000 2920.000000 -212.000000) 
4 5 21 (1728.000000 2920.000000 -216.000000) (1728.000000 2908.000000 -216.000000) (1728.000000 2908.000000 -200.000000) (1728.000000 2920.000000 -212.000000) 
4 6 25 (1728.000000 2908.000000 -168.000000) (1700.000000 2908.000000 -168.000000) (1692.000000 2908.000000 -176.000000) (1728.000000 2908.000000 -176.000000) 
4 6 26 (1692.000000 2908.000000 -176.000000) (1688.000000 2908.000000 -180.000000) (1728.000000 2908.000000 -180.000000) (1728.000000 2908.000000 -176.000000) 
4 6 8 (1688.000000 2924.000000 -180.000000) (1688.000000 2928.000000 -180.000000) (1708.000000 2928.000000 -180.000000) (1708.000000 2924.000000 -180.000000) 
4 6 7 (1712.000000 2928.000000 -180.000000) (1728.000000 2928.000000 -180.000000) (1728.000000 2924.000000 -180.000000) (1712.000000 2924.000000 -180.000000) 
4 6 9 (1728.000000 2908.000000 -180.000000) (1688.000000 2908.000000 -180.000000) (1688.000000 2924.000000 -180.000000) (1728.000000 2924.000000 -180.000000) 
4 6 41 (1688.000000 2908.000000 -180.000000) (1700.000000 2908.000000 -168.000000) (1700.000000 2928.000000 -168.000000) (1688.000000 2928.000000 -180.000000) 
4 7 12 (1728.000000 2924.000000 -184.000000) (1728.000000 2920.000000 -184.000000) (1712.000000 2920.000000 -184.000000) (1712.000000 2924.000000 -184.000000) 
4 7 9 (1712.000000 2920.000000 -184.000000) (1728.000000 2920.000000 -184.000000) (1728.000000 2924.000000 -180.000000) (1712.000000 2924.000000 -180.000000) 
4 8 16 (1708.000000 2920.000000 -184.000000) (1704.000000 2920.000000 -184.000000) (1704.000000 2924.000000 -184.000000) (1708.000000 2924.000000 -184.000000) 
4 8 10 (1704.000000 2920.000000 -184.000000) (1684.000000 2920.000000 -184.000000) (1684.000000 2928.000000 -184.000000) (1704.000000 2928.000000 -184.000000) 
4 8 41 (1688.000000 2924.000000 -180.000000) (1688.000000 2928.000000 -180.000000) (1684.000000 2928.000000 -184.000000) (1684.000000 2920.000000 -184.000000) 
4 8 9 (1684.000000 2920.000000 -184.000000) (1708.000000 2920.000000 -184.000000) (1708.000000 2924.000000 -180.000000) (1688.000000 2924.000000 -180.000000) 
4 9 26 (1688.000000 2908.000000 -180.000000) (1684.000000 2908.000000 -184.000000) (1728.000000 2908.000000 -184.000000) (1728.000000 2908.000000 -180.000000) 
4 9 21 (1728.000000 2920.000000 -184.000000) (1728.000000 2908.000000 -184.000000) (1684.000000 2908.000000 -184.000000) (1684.000000 2920.000000 -184.000000) 
4 9 41 (1684.000000 2908.000000 -184.000000) (1688.000000 2908.000000 -180.000000) (1688.000000 2924.000000 -180.000000) (1684.000000 2920.000000 -184.000000) 
4 10 16 (1672.000000 2920.000000 -196.000000) (1672.000000 2924.000000 -196.000000) (1704.000000 2924.000000 -184.000000) (1704.000000 2920.000000 -184.000000) 
3 10 21 (1704.000000 2920.000000 -184.000000) (1684.000000 2920.000000 -184.000000) (1672.000000 2920.000000 -196.000000) 
4 10 41 (1672.000000 2920.000000 -196.000000) (1684.000000 2920.000000 -184.000000) (1684.000000 2928.000000 -184.000000) (1672.000000 2928.000000 -196.000000) 
4 11 17 (1724.000000 2928.000000 -196.000000) (1728.000000 2928.000000 -193.000000) (1728.000000 2924.000000 -193.000000) (1724.000000 2924.000000 -196.000000) 
3 11 13 (1712.000000 2924.000000 -192.000000) (1712.000000 2928.000000 -192.000000) (1712.000000 2928.000000 -196.000000) 
4 11 14 (1712.000000 2928.000000 -205.000000) (1712.000000 2924.000000 -205.000000) (1712.000000 2924.000000 -192.000000) (1712.000000 2928.000000 -196.000000) 
4 11 12 (1712.000000 2924.000000 -205.000000) (1728.000000 2924.000000 -193.000000) (1728.000000 2924.000000 -188.000000) (1712.000000 2924.000000 -188.000000) 
4 12 20 (1728.000000 2920.000000 -193.000000) (1712.000000 2920.000000 -205.000000) (1712.000000 2924.000000 -205.000000) (1728.000000 2924.000000 -193.000000) 
4 12 14 (1712.000000 2924.000000 -205.000000) (1712.000000 2920.000000 -205.000000) (1712.000000 2920.000000 -188.000000) (1712.000000 2924.000000 -192.000000) 
4 12 21 (1712.000000 2920.000000 -205.000000) (1728.000000 2920.000000 -193.000000) (1728.000000 2920.000000 -184.000000) (1712.000000 2920.000000 -184.000000) 
3 13 15 (1708.000000 2928.000000 -192.000000) (1708.000000 2928.000000 -196.000000) (1708.000000 2924.000000 -192.000000) 
4 13 14 (1708.000000 2924.000000 -192.000000) (1708.000000 2928.000000 -196.000000) (1712.000000 2928.000000 -196.000000) (1712.000000 2924.000000 -192.000000) 
4 14 20 (1712.000000 2920.000000 -205.000000) (1708.000000 2920.000000 -208.000000) (1708.000000 2924.000000 -208.000000) (1712.000000 2924.000000 -205.000000) 
4 14 15 (1708.000000 2928.000000 -196.000000) (1708.000000 2928.000000 -208.000000) (1708.000000 2924.000000 -208.000000) (1708.000000 2924.000000 -192.000000) 
4 14 16 (1708.000000 2924.000000 -208.000000) (1708.000000 2920.000000 -208.000000) (1708.000000 2920.000000 -188.000000) (1708.000000 2924.000000 -192.000000) 
4 14 21 (1708.000000 2920.000000 -208.000000) (1712.000000 2920.000000 -205.000000) (1712.000000 2920.000000 -188.000000) (1708.000000 2920.000000 -188.000000) 
4 15 46 (1658.666667 2928.000000 -216.000000) (1697.333333 2928.000000 -216.000000) (1697.333333 2924.000000 -216.000000) (1658.666667 2924.000000 -216.000000) 
4 15 19 (1697.333333 2924.000000 -216.000000) (1697.333333 2928.000000 -216.000000) (1708.000000 2928.000000 -208.000000) (1708.000000 2924.000000 -208.000000) 
7 15 16 (1658.666667 2924.000000 -216.000000) (1697.333333 2924.000000 -216.000000) (1708.000000 2924.000000 -208.000000) (1708.000000 2924.000000 -188.000000) (1704.000000 2924.000000 -188.000000) (1672.000000 2924.000000 -200.000000) (1660.000000 2924.000000 -212.000000) 
4 16 48 (1654.666667 2920.000000 -216.000000) (1654.666667 2924.000000 -216.000000) (1697.333333 2924.000000 -216.000000) (1697.333333 2920.000000 -216.000000) 
4 16 42 (1656.000000 2920.000000 -212.000000) (1656.000000 2924.000000 -212.000000) (1654.666667 2924.000000 -216.000000) (1654.666667 2920.000000 -216.000000) 
4 16 20 (1708.000000 2920.000000 -208.000000) (1697.333333 2920.000000 -216.000000) (1697.333333 2924.000000 -216.000000) (1708.000000 2924.000000 -208.000000) 
4 16 41 (1656.000000 2924.000000 -212.000000) (1656.000000 2920.000000 -212.000000) (1672.000000 2920.000000 -196.000000) (1672.000000 2924.000000 -196.000000) 
7 16 21 (1654.666667 2920.000000 -216.000000) (1697.333333 2920.000000 -216.000000) (1708.000000 2920.000000 -208.000000) (1708.000000 2920.000000 -184.000000) (1704.000000 2920.000000 -184.000000) (1672.000000 2920.000000 -196.000000) (1656.000000 2920.000000 -212.000000) 
3 17 20 (1728.000000 2924.000000 -196.000000) (1728.000000 2924.000000 -193.000000) (1724.000000 2924.000000 -196.000000) 
4 18 45 (1708.000000 2928.000000 -216.000000) (1728.000000 2928.000000 -216.000000) (1728.000000 2924.000000 -216.000000) (1708.000000 2924.000000 -216.000000) 
5 18 20 (1728.000000 2924.000000 -216.000000) (1728.000000 2924.000000 -200.000000) (1724.000000 2924.000000 -200.000000) (1712.000000 2924.000000 -208.000000) (1708.000000 2924.000000 -216.000000) 
4 19 46 (1697.333333 2928.000000 -216.000000) (1704.000000 2928.000000 -216.000000) (1704.000000 2924.000000 -216.000000) (1697.333333 2924.000000 -216.000000) 
3 19 20 (1708.000000 2924.000000 -208.000000) (1697.333333 2924.000000 -216.000000) (1704.000000 2924.000000 -216.000000) 
4 20 48 (1728.000000 2924.000000 -216.000000) (1728.000000 2920.000000 -216.000000) (1697.333333 2920.000000 -216.000000) (1697.333333 2924.000000 -216.000000) 
3 20 21 (1697.333333 2920.000000 -216.000000) (1728.000000 2920.000000 -216.000000) (1728.000000 2920.000000 -193.000000) 
4 21 48 (1654.666667 2908.000000 -216.000000) (1654.666667 2920.000000 -216.000000) (1728.000000 2920.000000 -216.000000) (1728.000000 2908.000000 -216.000000) 
4 21 42 (1656.000000 2908.000000 -212.000000) (1656.000000 2920.000000 -212.000000) (1654.666667 2920.000000 -216.000000) (1654.666667 2908.000000 -216.000000) 
6 21 26 (1684.000000 2908.000000 -184.000000) (1656.000000 2908.000000 -212.000000) (1654.666667 2908.000000 -216.000000) (1724.000000 2908.000000 -216.000000) (1728.000000 2908.000000 -212.000000) (1728.000000 2908.000000 -184.000000) 
3 21 23 (1724.000000 2908.000000 -216.000000) (1728.000000 2908.000000 -216.000000) (1728.000000 2908.000000 -212.000000) 
4 21 41 (1656.000000 2920.000000 -212.000000) (1656.000000 2908.000000 -212.000000) (1684.000000 2908.000000 -184.000000) (1684.000000 2920.000000 -184.000000) 
4 22 48 (1768.000000 2908.000000 -216.000000) (1792.000000 2908.000000 -216.000000) (1792.000000 2824.000000 -216.000000) (1768.000000 2824.000000 -216.000000) 
4 22 40 (1768.000000 2824.000000 -216.000000) (1792.000000 2824.000000 -216.000000) (1792.000000 2816.000000 -200.000000) (1768.000000 2816.000000 -200.000000) 
4 22 27 (1792.000000 2824.000000 -184.000000) (1792.000000 2832.000000 -168.000000) (1776.000000 2832.000000 -168.000000) (1768.000000 2824.000000 -184.000000) 
4 22 29 (1792.000000 2816.000000 -200.000000) (1792.000000 2824.000000 -184.000000) (1768.000000 2824.000000 -184.000000) (1768.000000 2816.000000 -200.000000) 
5 22 23 (1768.000000 2908.000000 -172.000000) (1768.000000 2908.000000 -216.000000) (1768.000000 2824.000000 -216.000000) (1768.000000 2816.000000 -200.000000) (1768.000000 2830.000000 -172.000000) 
4 23 48 (1724.000000 2908.000000 -216.000000) (1768.000000 2908.000000 -216.000000) (1768.000000 2824.000000 -216.000000) (1724.000000 2824.000000 -216.000000) 
4 23 40 (1724.000000 2824.000000 -216.000000) (1768.000000 2824.000000 -216.000000) (1768.000000 2816.000000 -200.000000) (1740.000000 2816.000000 -200.000000) 
4 23 29 (1740.000000 2816.000000 -200.000000) (1768.000000 2816.000000 -200.000000) (1768.000000 2824.000000 -184.000000) (1756.000000 2824.000000 -184.000000) 
5 23 26 (1724.000000 2908.000000 -216.000000) (1724.000000 2824.000000 -216.000000) (1740.000000 2816.000000 -200.000000) (1764.000000 2828.000000 -176.000000) (1764.000000 2908.000000 -176.000000) 
4 24 25 (1752.000000 2830.000000 -172.000000) (1748.000000 2832.000000 -168.000000) (1748.000000 2908.000000 -168.000000) (1752.000000 2908.000000 -172.000000) 
4 25 28 (1744.000000 2832.000000 -168.000000) (1700.000000 2832.000000 -168.000000) (1692.000000 2828.000000 -176.000000) (1748.000000 2828.000000 -176.000000) 
4 25 26 (1692.000000 2908.000000 -176.000000) (1756.000000 2908.000000 -176.000000) (1756.000000 2828.000000 -176.000000) (1692.000000 2828.000000 -176.000000) 
4 25 41 (1692.000000 2828.000000 -176.000000) (1700.000000 2832.000000 -168.000000) (1700.000000 2908.000000 -168.000000) (1692.000000 2908.000000 -176.000000) 
4 26 48 (1654.666667 2824.000000 -216.000000) (1654.666667 2908.000000 -216.000000) (1724.000000 2908.000000 -216.000000) (1724.000000 2824.000000 -216.000000) 
4 26 42 (1656.000000 2822.000000 -212.000000) (1656.000000 2908.000000 -212.000000) (1654.666667 2908.000000 -216.000000) (1654.666667 2824.000000 -216.000000) 
5 26 40 (1654.666667 2824.000000 -216.000000) (1724.000000 2824.000000 -216.000000) (1740.000000 2816.000000 -200.000000) (1668.000000 2816.000000 -200.000000) (1656.000000 2822.000000 -212.000000) 
4 26 28 (1692.000000 2828.000000 -176.000000) (1684.000000 2824.000000 -184.000000) (1752.000000 2824.000000 -184.000000) (1748.000000 2828.000000 -176.000000) 
4 26 29 (1684.000000 2824.000000 -184.000000) (1668.000000 2816.000000 -200.000000) (1740.000000 2816.000000 -200.000000) (1756.000000 2824.000000 -184.000000) 
5 26 41 (1656.000000 2908.000000 -212.000000) (1656.000000 2822.000000 -212.000000) (1668.000000 2816.000000 -200.000000) (1692.000000 2828.000000 -176.000000) (1692.000000 2908.000000 -176.000000) 
4 27 30 (1792.000000 2804.000000 -176.000000) (1792.000000 2800.000000 -168.000000) (1776.000000 2800.000000 -168.000000) (1772.000000 2804.000000 -176.000000) 
4 27 40 (1792.000000 2808.000000 -184.000000) (1792.000000 2804.000000 -176.000000) (1772.000000 2804.000000 -176.000000) (1768.000000 2808.000000 -184.000000) 
4 27 29 (1792.000000 2808.000000 -184.000000) (1768.000000 2808.000000 -184.000000) (1768.000000 2824.000000 -184.000000) (1792.000000 2824.000000 -184.000000) 
5 28 37 (1744.000000 2800.000000 -168.000000) (1720.000000 2800.000000 -168.000000) (1720.000000 2802.000000 -172.000000) (1724.000000 2804.000000 -176.000000) (1748.000000 2804.000000 -176.000000) 
3 28 38 (1720.000000 2802.000000 -172.000000) (1720.000000 2804.000000 -176.000000) (1724.000000 2804.000000 -176.000000) 
4 28 39 (1720.000000 2800.000000 -168.000000) (1700.000000 2800.000000 -168.000000) (1692.000000 2804.000000 -176.000000) (1720.000000 2804.000000 -176.000000) 
4 28 40 (1692.000000 2804.000000 -176.000000) (1684.000000 2808.000000 -184.000000) (1752.000000 2808.000000 -184.000000) (1748.000000 2804.000000 -176.000000) 
4 28 41 (1684.000000 2808.000000 -184.000000) (1700.000000 2800.000000 -168.000000) (1700.000000 2832.000000 -168.000000) (1684.000000 2824.000000 -184.000000) 
4 28 29 (1752.000000 2808.000000 -184.000000) (1684.000000 2808.000000 -184.000000) (1684.000000 2824.000000 -184.000000) (1752.000000 2824.000000 -184.000000) 
4 29 40 (1792.000000 2816.000000 -200.000000) (1792.000000 2808.000000 -184.000000) (1684.000000 2808.000000 -184.000000) (1668.000000 2816.000000 -200.000000) 
3 29 41 (1668.000000 2816.000000 -200.000000) (1684.000000 2808.000000 -184.000000) (1684.000000 2824.000000 -184.000000) 
4 30 250 (1784.000000 2416.000000 -168.000000) (1768.000000 2416.000000 -168.000000) (1768.000000 2416.000000 -176.000000) (1784.000000 2416.000000 -176.000000) 
4 30 249 (1792.000000 2416.000000 -168.000000) (1784.000000 2416.000000 -168.000000) (1784.000000 2416.000000 -176.000000) (1792.000000 2416.000000 -176.000000) 
4 30 32 (1768.000000 2416.000000 -172.000000) (1768.000000 2416.000000 -168.000000) (1768.000000 2680.000000 -168.000000) (1768.000000 2680.000000 -172.000000) 
4 30 31 (1768.000000 2416.000000 -176.000000) (1768.000000 2416.000000 -172.000000) (1768.000000 2802.000000 -172.000000) (1768.000000 2804.000000 -176.000000) 
4 30 40 (1768.000000 2804.000000 -176.000000) (1792.000000 2804.000000 -176.000000) (1792.000000 2416.000000 -176.000000) (1768.000000 2416.000000 -176.000000) 
3 31 250 (1764.000000 2416.000000 -176.000000) (1768.000000 2416.000000 -176.000000) (1768.000000 2416.000000 -172.000000) 
3 31 34 (1764.000000 2680.000000 -176.000000) (1764.000000 2666.000000 -176.000000) (1768.000000 2680.000000 -172.000000) 
4 31 32 (1764.000000 2666.000000 -176.000000) (1764.000000 2416.000000 -176.000000) (1768.000000 2416.000000 -172.000000) (1768.000000 2680.000000 -172.000000) 
4 31 40 (1764.000000 2804.000000 -176.000000) (1768.000000 2804.000000 -176.000000) (1768.000000 2416.000000 -176.000000) (1764.000000 2416.000000 -176.000000) 
4 32 251 (1760.000000 2416.000000 -168.000000) (1740.000000 2416.000000 -168.000000) (1732.000000 2416.000000 -176.000000) (1760.000000 2416.000000 -176.000000) 
5 32 250 (1768.000000 2416.000000 -168.000000) (1760.000000 2416.000000 -168.000000) (1760.000000 2416.000000 -176.000000) (1764.000000 2416.000000 -176.000000) (1768.000000 2416.000000 -172.000000) 
4 32 34 (1768.000000 2680.000000 -172.000000) (1764.000000 2666.000000 -176.000000) (1732.000000 2554.000000 -176.000000) (1736.000000 2568.000000 -172.000000) 
4 32 33 (1736.000000 2416.000000 -172.000000) (1740.000000 2416.000000 -168.000000) (1740.000000 2582.000000 -168.000000) (1736.000000 2568.000000 -172.000000) 
4 32 40 (1764.000000 2666.000000 -176.000000) (1764.000000 2416.000000 -176.000000) (1732.000000 2416.000000 -176.000000) (1732.000000 2554.000000 -176.000000) 
3 33 252 (1740.000000 2416.000000 -168.000000) (1736.000000 2416.000000 -168.000000) (1736.000000 2416.000000 -172.000000) 
4 34 40 (1764.000000 2680.000000 -176.000000) (1764.000000 2666.000000 -176.000000) (1732.000000 2554.000000 -176.000000) (1732.000000 2568.000000 -176.000000) 
4 35 37 (1752.000000 2680.000000 -172.000000) (1752.000000 2802.000000 -172.000000) (1752.000000 2804.000000 -176.000000) (1752.000000 2666.000000 -176.000000) 
4 35 40 (1752.000000 2804.000000 -176.000000) (1756.000000 2804.000000 -176.000000) (1756.000000 2680.000000 -176.000000) (1752.000000 2666.000000 -176.000000) 
4 36 37 (1752.000000 2694.000000 -168.000000) (1752.000000 2680.000000 -172.000000) (1720.000000 2568.000000 -172.000000) (1720.000000 2582.000000 -168.000000) 
3 36 39 (1720.000000 2568.000000 -168.000000) (1720.000000 2582.000000 -168.000000) (1720.000000 2568.000000 -172.000000) 
4 37 39 (1720.000000 2582.000000 -168.000000) (1720.000000 2800.000000 -168.000000) (1720.000000 2802.000000 -172.000000) (1720.000000 2568.000000 -172.000000) 
4 37 40 (1724.000000 2804.000000 -176.000000) (1752.000000 2804.000000 -176.000000) (1752.000000 2666.000000 -176.000000) (1724.000000 2568.000000 -176.000000) 
4 37 38 (1720.000000 2802.000000 -172.000000) (1724.000000 2804.000000 -176.000000) (1724.000000 2568.000000 -176.000000) (1720.000000 2568.000000 -172.000000) 
3 38 254 (1720.000000 2416.000000 -172.000000) (1720.000000 2416.000000 -176.000000) (1724.000000 2416.000000 -176.000000) 
4 38 39 (1720.000000 2416.000000 -176.000000) (1720.000000 2416.000000 -172.000000) (1720.000000 2802.000000 -172.000000) (1720.000000 2804.000000 -176.000000) 
4 38 40 (1720.000000 2804.000000 -176.000000) (1724.000000 2804.000000 -176.000000) (1724.000000 2416.000000 -176.000000) (1720.000000 2416.000000 -176.000000) 
4 39 266 (1712.000000 2416.000000 -168.000000) (1700.000000 2416.000000 -168.000000) (1692.000000 2416.000000 -176.000000) (1708.000000 2416.000000 -176.000000) 
5 39 254 (1716.000000 2416.000000 -168.000000) (1712.000000 2416.000000 -168.000000) (1708.000000 2416.000000 -176.000000) (1720.000000 2416.000000 -176.000000) (1720.000000 2416.000000 -172.000000) 
3 39 253 (1720.000000 2416.000000 -168.000000) (1716.000000 2416.000000 -168.000000) (1720.000000 2416.000000 -172.000000) 
4 39 40 (1692.000000 2416.000000 -176.000000) (1692.000000 2804.000000 -176.000000) (1720.000000 2804.000000 -176.000000) (1720.000000 2416.000000 -176.000000) 
4 39 41 (1692.000000 2416.000000 -176.000000) (1700.000000 2416.000000 -168.000000) (1700.000000 2800.000000 -168.000000) (1692.000000 2804.000000 -176.000000) 
4 40 272 (1686.666667 2416.000000 -181.333333) (1664.000000 2416.000000 -204.000000) (1694.000000 2416.000000 -204.000000) (1696.000000 2416.000000 -200.000000) 
5 40 273 (1664.000000 2416.000000 -204.000000) (1656.000000 2416.000000 -212.000000) (1654.666667 2416.000000 -216.000000) (1688.000000 2416.000000 -216.000000) (1694.000000 2416.000000 -204.000000) 
5 40 266 (1692.000000 2416.000000 -176.000000) (1686.666667 2416.000000 -181.333333) (1688.000000 2416.000000 -184.000000) (1704.000000 2416.000000 -184.000000) (1708.000000 2416.000000 -176.000000) 
3 40 267 (1688.000000 2416.000000 -184.000000) (1696.000000 2416.000000 -200.000000) (1704.000000 2416.000000 -184.000000) 
4 40 259 (1688.000000 2416.000000 -216.000000) (1760.000000 2416.000000 -216.000000) (1760.000000 2416.000000 -176.000000) (1708.000000 2416.000000 -176.000000) 
4 40 250 (1760.000000 2416.000000 -216.000000) (1784.000000 2416.000000 -216.000000) (1784.000000 2416.000000 -176.000000) (1760.000000 2416.000000 -176.000000) 
4 40 249 (1784.000000 2416.000000 -216.000000) (1792.000000 2416.000000 -216.000000) (1792.000000 2416.000000 -176.000000) (1784.000000 2416.000000 -176.000000) 
4 40 103 (1792.000000 2416.000000 -216.000000) (1654.666667 2416.000000 -216.000000) (1654.666667 2424.000000 -216.000000) (1792.000000 2424.000000 -216.000000) 
4 40 102 (1654.666667 2424.000000 -216.000000) (1654.666667 2656.000000 -216.000000) (1792.000000 2656.000000 -216.000000) (1792.000000 2424.000000 -216.000000) 
4 40 48 (1654.666667 2656.000000 -216.000000) (1654.666667 2824.000000 -216.000000) (1792.000000 2824.000000 -216.000000) (1792.000000 2656.000000 -216.000000) 
4 40 43 (1654.666667 2416.000000 -216.000000) (1656.000000 2416.000000 -212.000000) (1656.000000 2688.000000 -212.000000) (1654.666667 2688.000000 -216.000000) 
4 40 42 (1656.000000 2688.000000 -212.000000) (1656.000000 2822.000000 -212.000000) (1654.666667 2824.000000 -216.000000) (1654.666667 2688.000000 -216.000000) 
4 40 41 (1656.000000 2822.000000 -212.000000) (1656.000000 2416.000000 -212.000000) (1692.000000 2416.000000 -176.000000) (1692.000000 2804.000000 -176.000000) 
4 41 270 (1680.000000 2416.000000 -168.000000) (1670.666667 2416.000000 -168.000000) (1668.000000 2416.000000 -176.000000) (1684.000000 2416.000000 -176.000000) 
5 41 272 (1668.000000 2416.000000 -176.000000) (1658.666667 2416.000000 -204.000000) (1664.000000 2416.000000 -204.000000) (1686.666667 2416.000000 -181.333333) (1684.000000 2416.000000 -176.000000) 
3 41 273 (1658.666667 2416.000000 -204.000000) (1656.000000 2416.000000 -212.000000) (1664.000000 2416.000000 -204.000000) 
3 41 266 (1700.000000 2416.000000 -168.000000) (1680.000000 2416.000000 -168.000000) (1686.666667 2416.000000 -181.333333) 
4 41 43 (1656.000000 2416.000000 -212.000000) (1670.666667 2416.000000 -168.000000) (1670.666667 2688.000000 -168.000000) (1656.000000 2688.000000 -212.000000) 
4 41 42 (1670.666667 2688.000000 -168.000000) (1670.666667 2928.000000 -168.000000) (1656.000000 2928.000000 -212.000000) (1656.000000 2688.000000 -212.000000) 
4 42 47 (1584.000000 2928.000000 -216.000000) (1654.666667 2928.000000 -216.000000) (1654.666667 2924.000000 -216.000000) (1584.000000 2924.000000 -216.000000) 
4 42 48 (1654.666667 2924.000000 -216.000000) (1654.666667 2688.000000 -216.000000) (1584.000000 2688.000000 -216.000000) (1584.000000 2924.000000 -216.000000) 
4 42 43 (1584.000000 2688.000000 -216.000000) (1654.666667 2688.000000 -216.000000) (1670.666667 2688.000000 -168.000000) (1632.000000 2688.000000 -168.000000) 
4 43 270 (1670.666667 2416.000000 -168.000000) (1600.000000 2416.000000 -168.000000) (1592.000000 2416.000000 -176.000000) (1668.000000 2416.000000 -176.000000) 
5 43 272 (1592.000000 2416.000000 -176.000000) (1568.000000 2416.000000 -200.000000) (1568.000000 2416.000000 -204.000000) (1658.666667 2416.000000 -204.000000) (1668.000000 2416.000000 -176.000000) 
4 43 273 (1568.000000 2416.000000 -204.000000) (1568.000000 2416.000000 -216.000000) (1654.666667 2416.000000 -216.000000) (1658.666667 2416.000000 -204.000000) 
4 43 197 (1568.000000 2416.000000 -216.000000) (1568.000000 2416.000000 -200.000000) (1568.000000 2656.000000 -200.000000) (1568.000000 2656.000000 -216.000000) 
3 43 178 (1568.000000 2656.000000 -200.000000) (1568.000000 2672.000000 -216.000000) (1568.000000 2656.000000 -216.000000) 
4 43 103 (1654.666667 2416.000000 -216.000000) (1568.000000 2416.000000 -216.000000) (1568.000000 2424.000000 -216.000000) (1654.666667 2424.000000 -216.000000) 
4 43 102 (1568.000000 2424.000000 -216.000000) (1568.000000 2656.000000 -216.000000) (1654.666667 2656.000000 -216.000000) (1654.666667 2424.000000 -216.000000) 
4 43 99 (1568.000000 2656.000000 -216.000000) (1568.000000 2672.000000 -216.000000) (1584.000000 2688.000000 -216.000000) (1584.000000 2656.000000 -216.000000) 
4 43 48 (1584.000000 2688.000000 -216.000000) (1654.666667 2688.000000 -216.000000) (1654.666667 2656.000000 -216.000000) (1584.000000 2656.000000 -216.000000) 
4 43 44 (1568.000000 2480.000000 -200.000000) (1568.000000 2416.000000 -200.000000) (1600.000000 2416.000000 -168.000000) (1600.000000 2448.000000 -168.000000) 
4 44 270 (1600.000000 2416.000000 -168.000000) (1568.000000 2416.000000 -168.000000) (1568.000000 2416.000000 -176.000000) (1592.000000 2416.000000 -176.000000) 
3 44 272 (1568.000000 2416.000000 -176.000000) (1568.000000 2416.000000 -200.000000) (1592.000000 2416.000000 -176.000000) 
4 44 198 (1568.000000 2416.000000 -200.000000) (1568.000000 2416.000000 -168.000000) (1568.000000 2448.000000 -168.000000) (1568.000000 2480.000000 -200.000000) 
3 45 50 (1712.000000 2928.000000 -224.000000) (1716.000000 2928.000000 -224.000000) (1712.000000 2924.000000 -224.000000) 
4 45 49 (1716.000000 2928.000000 -224.000000) (1856.000000 2928.000000 -224.000000) (1856.000000 2924.000000 -224.000000) (1712.000000 2924.000000 -224.000000) 
4 45 48 (1856.000000 2924.000000 -224.000000) (1856.000000 2924.000000 -216.000000) (1708.000000 2924.000000 -216.000000) (1708.000000 2924.000000 -224.000000) 
3 46 53 (1660.000000 2928.000000 -224.000000) (1664.000000 2928.000000 -224.000000) (1660.000000 2924.000000 -224.000000) 
4 46 52 (1664.000000 2928.000000 -224.000000) (1700.000000 2928.000000 -224.000000) (1700.000000 2924.000000 -224.000000) (1660.000000 2924.000000 -224.000000) 
4 46 48 (1704.000000 2924.000000 -216.000000) (1658.666667 2924.000000 -216.000000) (1656.000000 2924.000000 -224.000000) (1704.000000 2924.000000 -224.000000) 
3 47 54 (1644.000000 2928.000000 -224.000000) (1648.000000 2928.000000 -224.000000) (1648.000000 2924.000000 -224.000000) 
4 47 55 (1584.000000 2924.000000 -224.000000) (1584.000000 2928.000000 -224.000000) (1644.000000 2928.000000 -224.000000) (1648.000000 2924.000000 -224.000000) 
4 47 48 (1654.666667 2924.000000 -216.000000) (1584.000000 2924.000000 -216.000000) (1584.000000 2924.000000 -224.000000) (1652.000000 2924.000000 -224.000000) 
4 48 102 (1856.000000 2656.000000 -224.000000) (1856.000000 2656.000000 -216.000000) (1584.000000 2656.000000 -216.000000) (1584.000000 2656.000000 -224.000000) 
4 48 99 (1584.000000 2688.000000 -224.000000) (1584.000000 2656.000000 -224.000000) (1584.000000 2656.000000 -216.000000) (1584.000000 2688.000000 -216.000000) 
4 48 98 (1584.000000 2656.000000 -224.000000) (1584.000000 2706.000000 -224.000000) (1588.000000 2706.000000 -224.000000) (1588.000000 2656.000000 -224.000000) 
4 48 95 (1588.000000 2710.000000 -224.000000) (1720.000000 2710.000000 -224.000000) (1720.000000 2666.000000 -224.000000) (1588.000000 2666.000000 -224.000000) 
4 48 94 (1720.000000 2710.000000 -224.000000) (1732.000000 2710.000000 -224.000000) (1732.000000 2666.000000 -224.000000) (1720.000000 2666.000000 -224.000000) 
4 48 97 (1732.000000 2666.000000 -224.000000) (1732.000000 2656.000000 -224.000000) (1588.000000 2656.000000 -224.000000) (1588.000000 2666.000000 -224.000000) 
4 48 92 (1736.000000 2706.000000 -224.000000) (1736.000000 2656.000000 -224.000000) (1732.000000 2656.000000 -224.000000) (1732.000000 2706.000000 -224.000000) 
4 48 90 (1736.000000 2710.000000 -224.000000) (1800.000000 2710.000000 -224.000000) (1800.000000 2706.000000 -224.000000) (1736.000000 2706.000000 -224.000000) 
4 48 91 (1804.000000 2706.000000 -224.000000) (1804.000000 2656.000000 -224.000000) (1736.000000 2656.000000 -224.000000) (1736.000000 2706.000000 -224.000000) 
4 48 88 (1804.000000 2710.000000 -224.000000) (1852.000000 2710.000000 -224.000000) (1852.000000 2656.000000 -224.000000) (1804.000000 2656.000000 -224.000000) 
4 48 87 (1856.000000 2706.000000 -224.000000) (1856.000000 2656.000000 -224.000000) (1852.000000 2656.000000 -224.000000) (1852.000000 2706.000000 -224.000000) 
3 48 51 (1700.000000 2924.000000 -224.000000) (1704.000000 2920.000000 -224.000000) (1700.000000 2920.000000 -224.000000) 
4 48 49 (1712.000000 2924.000000 -224.000000) (1856.000000 2924.000000 -224.000000) (1856.000000 2920.000000 -224.000000) (1708.000000 2920.000000 -224.000000) 
4 48 52 (1660.000000 2924.000000 -224.000000) (1700.000000 2924.000000 -224.000000) (1700.000000 2920.000000 -224.000000) (1656.000000 2920.000000 -224.000000) 
4 48 55 (1584.000000 2920.000000 -224.000000) (1584.000000 2924.000000 -224.000000) (1648.000000 2924.000000 -224.000000) (1652.000000 2920.000000 -224.000000) 
4 48 56 (1584.000000 2710.000000 -224.000000) (1584.000000 2920.000000 -224.000000) (1856.000000 2920.000000 -224.000000) (1856.000000 2710.000000 -224.000000) 
4 49 57 (1716.000000 2928.000000 -228.000000) (1856.000000 2928.000000 -228.000000) (1856.000000 2924.000000 -228.000000) (1712.000000 2924.000000 -228.000000) 
4 49 60 (1856.000000 2924.000000 -228.000000) (1856.000000 2920.000000 -228.000000) (1708.000000 2920.000000 -228.000000) (1712.000000 2924.000000 -228.000000) 
4 49 50 (1716.000000 2928.000000 -228.000000) (1712.000000 2924.000000 -228.000000) (1712.000000 2924.000000 -224.000000) (1716.000000 2928.000000 -224.000000) 
4 49 56 (1708.000000 2920.000000 -228.000000) (1856.000000 2920.000000 -228.000000) (1856.000000 2920.000000 -224.000000) (1708.000000 2920.000000 -224.000000) 
3 50 57 (1712.000000 2928.000000 -228.000000) (1716.000000 2928.000000 -228.000000) (1712.000000 2924.000000 -228.000000) 
3 51 60 (1704.000000 2920.000000 -228.000000) (1700.000000 2920.000000 -228.000000) (1700.000000 2924.000000 -228.000000) 
4 51 52 (1700.000000 2924.000000 -228.000000) (1700.000000 2920.000000 -228.000000) (1700.000000 2920.000000 -224.000000) (1700.000000 2924.000000 -224.000000) 
4 51 56 (1700.000000 2920.000000 -228.000000) (1704.000000 2920.000000 -228.000000) (1704.000000 2920.000000 -224.000000) (1700.000000 2920.000000 -224.000000) 
4 52 58 (1664.000000 2928.000000 -228.000000) (1700.000000 2928.000000 -228.000000) (1700.000000 2924.000000 -228.000000) (1660.000000 2924.000000 -228.000000) 
4 52 60 (1700.000000 2924.000000 -228.000000) (1700.000000 2920.000000 -228.000000) (1656.000000 2920.000000 -228.000000) (1660.000000 2924.000000 -228.000000) 
4 52 53 (1664.000000 2928.000000 -228.000000) (1660.000000 2924.000000 -228.000000) (1660.000000 2924.000000 -224.000000) (1664.000000 2928.000000 -224.000000) 
4 52 56 (1656.000000 2920.000000 -228.000000) (1700.000000 2920.000000 -228.000000) (1700.000000 2920.000000 -224.000000) (1656.000000 2920.000000 -224.000000) 
3 53 58 (1660.000000 2928.000000 -228.000000) (1664.000000 2928.000000 -228.000000) (1660.000000 2924.000000 -228.000000) 
3 54 59 (1644.000000 2928.000000 -228.000000) (1648.000000 2928.000000 -228.000000) (1648.000000 2924.000000 -228.000000) 
4 54 55 (1644.000000 2928.000000 -228.000000) (1648.000000 2924.000000 -228.000000) (1648.000000 2924.000000 -224.000000) (1644.000000 2928.000000 -224.000000) 
4 55 59 (1584.000000 2924.000000 -228.000000) (1584.000000 2928.000000 -228.000000) (1644.000000 2928.000000 -228.000000) (1648.000000 2924.000000 -228.000000) 
4 55 60 (1584.000000 2920.000000 -228.000000) (1584.000000 2924.000000 -228.000000) (1648.000000 2924.000000 -228.000000) (1652.000000 2920.000000 -228.000000) 
4 55 56 (1584.000000 2920.000000 -224.000000) (1584.000000 2920.000000 -228.000000) (1652.000000 2920.000000 -228.000000) (1652.000000 2920.000000 -224.000000) 
4 56 95 (1720.000000 2710.000000 -224.000000) (1588.000000 2710.000000 -224.000000) (1588.000000 2711.333333 -228.000000) (1720.000000 2711.333333 -228.000000) 
4 56 94 (1732.000000 2710.000000 -224.000000) (1720.000000 2710.000000 -224.000000) (1720.000000 2711.333333 -228.000000) (1732.000000 2711.333333 -228.000000) 
4 56 90 (1800.000000 2710.000000 -224.000000) (1736.000000 2710.000000 -224.000000) (1736.000000 2711.333333 -228.000000) (1800.000000 2711.333333 -228.000000) 
4 56 88 (1852.000000 2710.000000 -224.000000) (1804.000000 2710.000000 -224.000000) (1804.000000 2711.333333 -228.000000) (1852.000000 2711.333333 -228.000000) 
4 56 60 (1856.000000 2711.333333 -228.000000) (1584.000000 2711.333333 -228.000000) (1584.000000 2920.000000 -228.000000) (1856.000000 2920.000000 -228.000000) 
3 57 62 (1712.000000 2928.000000 -260.000000) (1716.000000 2928.000000 -260.000000) (1712.000000 2924.000000 -260.000000) 
4 57 61 (1716.000000 2928.000000 -260.000000) (1856.000000 2928.000000 -260.000000) (1856.000000 2924.000000 -260.000000) (1712.000000 2924.000000 -260.000000) 
4 57 60 (1708.000000 2924.000000 -260.000000) (1856.000000 2924.000000 -260.000000) (1856.000000 2924.000000 -228.000000) (1708.000000 2924.000000 -228.000000) 
3 58 65 (1660.000000 2928.000000 -260.000000) (1664.000000 2928.000000 -260.000000) (1660.000000 2924.000000 -260.000000) 
4 58 64 (1664.000000 2928.000000 -260.000000) (1700.000000 2928.000000 -260.000000) (1700.000000 2924.000000 -260.000000) (1660.000000 2924.000000 -260.000000) 
4 58 60 (1656.000000 2924.000000 -260.000000) (1704.000000 2924.000000 -260.000000) (1704.000000 2924.000000 -228.000000) (1656.000000 2924.000000 -228.000000) 
4 59 67 (1584.000000 2924.000000 -260.000000) (1584.000000 2928.000000 -260.000000) (1648.000000 2928.000000 -260.000000) (1648.000000 2924.000000 -260.000000) 
4 59 60 (1584.000000 2924.000000 -260.000000) (1652.000000 2924.000000 -260.000000) (1652.000000 2924.000000 -228.000000) (1584.000000 2924.000000 -228.000000) 
4 60 100 (1584.000000 2880.000000 -260.000000) (1584.000000 2832.000000 -260.000000) (1584.000000 2832.000000 -236.000000) (1584.000000 2880.000000 -236.000000) 
4 60 95 (1720.000000 2711.333333 -228.000000) (1588.000000 2711.333333 -228.000000) (1588.000000 2714.000000 -236.000000) (1720.000000 2714.000000 -236.000000) 
4 60 94 (1732.000000 2711.333333 -228.000000) (1720.000000 2711.333333 -228.000000) (1720.000000 2714.000000 -236.000000) (1732.000000 2714.000000 -236.000000) 
4 60 93 (1588.000000 2714.000000 -236.000000) (1588.000000 2718.000000 -248.000000) (1732.000000 2718.000000 -248.000000) (1732.000000 2714.000000 -236.000000) 
4 60 90 (1800.000000 2711.333333 -228.000000) (1736.000000 2711.333333 -228.000000) (1736.000000 2718.000000 -248.000000) (1800.000000 2718.000000 -248.000000) 
4 60 88 (1852.000000 2711.333333 -228.000000) (1804.000000 2711.333333 -228.000000) (1804.000000 2718.000000 -248.000000) (1852.000000 2718.000000 -248.000000) 
4 60 86 (1856.000000 2722.000000 -260.000000) (1856.000000 2718.000000 -248.000000) (1584.000000 2718.000000 -248.000000) (1584.000000 2722.000000 -260.000000) 
4 60 64 (1660.000000 2924.000000 -260.000000) (1700.000000 2924.000000 -260.000000) (1700.000000 2920.000000 -260.000000) (1656.000000 2920.000000 -260.000000) 
3 60 63 (1700.000000 2924.000000 -260.000000) (1704.000000 2920.000000 -260.000000) (1700.000000 2920.000000 -260.000000) 
4 60 61 (1712.000000 2924.000000 -260.000000) (1856.000000 2924.000000 -260.000000) (1856.000000 2920.000000 -260.000000) (1708.000000 2920.000000 -260.000000) 
3 60 66 (1648.000000 2924.000000 -260.000000) (1652.000000 2920.000000 -260.000000) (1648.000000 2920.000000 -260.000000) 
4 60 67 (1584.000000 2920.000000 -260.000000) (1584.000000 2924.000000 -260.000000) (1648.000000 2924.000000 -260.000000) (1648.000000 2920.000000 -260.000000) 
4 60 68 (1584.000000 2722.000000 -260.000000) (1584.000000 2920.000000 -260.000000) (1856.000000 2920.000000 -260.000000) (1856.000000 2722.000000 -260.000000) 
4 61 72 (1813.570000 2928.000000 -264.000000) (1856.000000 2928.000000 -264.000000) (1856.000000 2920.000000 -264.000000) (1818.188938 2920.000000 -264.000000) 
4 61 69 (1716.000000 2928.000000 -264.000000) (1813.570000 2928.000000 -264.000000) (1799.713333 2920.000000 -264.000000) (1708.000000 2920.000000 -264.000000) 
4 61 62 (1716.000000 2928.000000 -264.000000) (1712.000000 2924.000000 -264.000000) (1712.000000 2924.000000 -260.000000) (1716.000000 2928.000000 -260.000000) 
4 61 68 (1708.000000 2920.000000 -264.000000) (1856.000000 2920.000000 -264.000000) (1856.000000 2920.000000 -260.000000) (1708.000000 2920.000000 -260.000000) 
3 62 69 (1712.000000 2928.000000 -264.000000) (1716.000000 2928.000000 -264.000000) (1712.000000 2924.000000 -264.000000) 
3 63 76 (1704.000000 2920.000000 -264.000000) (1700.000000 2920.000000 -264.000000) (1700.000000 2924.000000 -264.000000) 
4 63 64 (1700.000000 2924.000000 -264.000000) (1700.000000 2920.000000 -264.000000) (1700.000000 2920.000000 -260.000000) (1700.000000 2924.000000 -260.000000) 
4 63 68 (1700.000000 2920.000000 -264.000000) (1704.000000 2920.000000 -264.000000) (1704.000000 2920.000000 -260.000000) (1700.000000 2920.000000 -260.000000) 
4 64 75 (1664.000000 2928.000000 -264.000000) (1700.000000 2928.000000 -264.000000) (1700.000000 2924.000000 -264.000000) (1660.000000 2924.000000 -264.000000) 
4 64 76 (1700.000000 2924.000000 -264.000000) (1700.000000 2920.000000 -264.000000) (1656.000000 2920.000000 -264.000000) (1660.000000 2924.000000 -264.000000) 
4 64 65 (1664.000000 2928.000000 -264.000000) (1660.000000 2924.000000 -264.000000) (1660.000000 2924.000000 -260.000000) (1664.000000 2928.000000 -260.000000) 
4 64 68 (1656.000000 2920.000000 -264.000000) (1700.000000 2920.000000 -264.000000) (1700.000000 2920.000000 -260.000000) (1656.000000 2920.000000 -260.000000) 
3 65 75 (1660.000000 2928.000000 -264.000000) (1664.000000 2928.000000 -264.000000) (1660.000000 2924.000000 -264.000000) 
3 66 78 (1652.000000 2920.000000 -264.000000) (1648.000000 2920.000000 -264.000000) (1648.000000 2924.000000 -264.000000) 
4 66 67 (1648.000000 2924.000000 -264.000000) (1648.000000 2920.000000 -264.000000) (1648.000000 2920.000000 -260.000000) (1648.000000 2924.000000 -260.000000) 
4 66 68 (1648.000000 2920.000000 -264.000000) (1652.000000 2920.000000 -264.000000) (1652.000000 2920.000000 -260.000000) (1648.000000 2920.000000 -260.000000) 
4 67 78 (1584.000000 2920.000000 -264.000000) (1584.000000 2928.000000 -264.000000) (1648.000000 2928.000000 -264.000000) (1648.000000 2920.000000 -264.000000) 
4 67 68 (1584.000000 2920.000000 -264.000000) (1648.000000 2920.000000 -264.000000) (1648.000000 2920.000000 -260.000000) (1584.000000 2920.000000 -260.000000) 
4 68 100 (1584.000000 2880.000000 -264.000000) (1584.000000 2832.000000 -264.000000) (1584.000000 2832.000000 -260.000000) (1584.000000 2880.000000 -260.000000) 
4 68 86 (1856.000000 2723.333333 -264.000000) (1856.000000 2722.000000 -260.000000) (1584.000000 2722.000000 -260.000000) (1584.000000 2723.333333 -264.000000) 
4 68 76 (1704.000000 2723.333333 -264.000000) (1652.000000 2723.333333 -264.000000) (1652.000000 2920.000000 -264.000000) (1704.000000 2920.000000 -264.000000) 
4 68 78 (1652.000000 2723.333333 -264.000000) (1584.000000 2723.333333 -264.000000) (1584.000000 2920.000000 -264.000000) (1652.000000 2920.000000 -264.000000) 
4 68 72 (1818.188938 2920.000000 -264.000000) (1856.000000 2920.000000 -264.000000) (1856.000000 2860.122935 -264.000000) (1853.570000 2858.720000 -264.000000) 
3 68 73 (1856.000000 2860.122935 -264.000000) (1856.000000 2758.512000 -264.000000) (1812.000000 2834.720000 -264.000000) 
5 68 74 (1856.000000 2723.333333 -264.000000) (1704.000000 2723.333333 -264.000000) (1704.000000 2864.740919 -264.000000) (1772.000000 2904.000000 -264.000000) (1856.000000 2758.512000 -264.000000) 
4 68 70 (1704.000000 2864.740919 -264.000000) (1704.000000 2920.000000 -264.000000) (1708.000000 2920.000000 -264.000000) (1708.000000 2867.050277 -264.000000) 
3 68 69 (1708.000000 2920.000000 -264.000000) (1799.713333 2920.000000 -264.000000) (1708.000000 2867.050277 -264.000000) 
4 69 74 (1772.000000 2904.000000 -264.000000) (1708.000000 2867.050277 -264.000000) (1708.000000 2867.050277 -276.000000) (1772.000000 2904.000000 -276.000000) 
4 69 70 (1708.000000 2924.000000 -276.000000) (1708.000000 2867.050277 -276.000000) (1708.000000 2867.050277 -264.000000) (1708.000000 2924.000000 -264.000000) 
3 69 71 (1708.000000 2928.000000 -276.000000) (1813.570000 2928.000000 -276.000000) (1708.000000 2867.050277 -276.000000) 
4 70 76 (1704.000000 2864.740919 -276.000000) (1704.000000 2864.740919 -264.000000) (1704.000000 2924.000000 -264.000000) (1704.000000 2924.000000 -276.000000) 
4 70 74 (1708.000000 2867.050277 -264.000000) (1704.000000 2864.740919 -264.000000) (1704.000000 2864.740919 -276.000000) (1708.000000 2867.050277 -276.000000) 
4 70 71 (1704.000000 2864.740919 -276.000000) (1704.000000 2924.000000 -276.000000) (1708.000000 2924.000000 -276.000000) (1708.000000 2867.050277 -276.000000) 
3 71 81 (1730.430000 2880.000000 -312.000000) (1704.000000 2864.740919 -312.000000) (1704.000000 2880.000000 -312.000000) 
5 71 80 (1704.000000 2928.000000 -312.000000) (1768.000000 2928.000000 -312.000000) (1768.000000 2901.690642 -312.000000) (1730.430000 2880.000000 -312.000000) (1704.000000 2880.000000 -312.000000) 
4 71 77 (1704.000000 2928.000000 -312.000000) (1704.000000 2864.740919 -312.000000) (1704.000000 2864.740919 -276.000000) (1704.000000 2928.000000 -276.000000) 
4 71 74 (1704.000000 2864.740919 -312.000000) (1772.000000 2904.000000 -312.000000) (1772.000000 2904.000000 -276.000000) (1704.000000 2864.740919 -276.000000) 
4 72 79 (1848.000000 2928.000000 -312.000000) (1856.000000 2928.000000 -312.000000) (1856.000000 2880.000000 -312.000000) (1848.000000 2880.000000 -312.000000) 
4 72 73 (1853.570000 2858.720000 -312.000000) (1856.000000 2860.122935 -312.000000) (1856.000000 2860.122935 -264.000000) (1853.570000 2858.720000 -264.000000) 
3 73 85 (1856.000000 2800.000000 -312.000000) (1856.000000 2758.512000 -312.000000) (1832.046189 2800.000000 -312.000000) 
4 73 74 (1812.000000 2834.720000 -312.000000) (1856.000000 2758.512000 -312.000000) (1856.000000 2758.512000 -264.000000) (1812.000000 2834.720000 -264.000000) 
4 74 86 (1856.000000 2739.333333 -312.000000) (1856.000000 2723.333333 -264.000000) (1704.000000 2723.333333 -264.000000) (1704.000000 2739.333333 -312.000000) 
6 74 81 (1704.000000 2800.000000 -312.000000) (1704.000000 2864.740919 -312.000000) (1730.430000 2880.000000 -312.000000) (1785.856813 2880.000000 -312.000000) (1808.000000 2841.648000 -312.000000) (1808.000000 2800.000000 -312.000000) 
5 74 85 (1856.000000 2758.512000 -312.000000) (1856.000000 2739.333333 -312.000000) (1704.000000 2739.333333 -312.000000) (1704.000000 2800.000000 -312.000000) (1832.046189 2800.000000 -312.000000) 
3 74 80 (1730.430000 2880.000000 -312.000000) (1768.000000 2901.690642 -312.000000) (1768.000000 2880.000000 -312.000000) 
4 74 76 (1704.000000 2727.333333 -276.000000) (1704.000000 2723.333333 -264.000000) (1704.000000 2864.740919 -264.000000) (1704.000000 2864.740919 -276.000000) 
4 74 77 (1704.000000 2864.740919 -312.000000) (1704.000000 2739.333333 -312.000000) (1704.000000 2727.333333 -276.000000) (1704.000000 2864.740919 -276.000000) 
4 75 76 (1656.000000 2924.000000 -276.000000) (1704.000000 2924.000000 -276.000000) (1704.000000 2924.000000 -264.000000) (1656.000000 2924.000000 -264.000000) 
4 75 77 (1656.000000 2928.000000 -276.000000) (1704.000000 2928.000000 -276.000000) (1704.000000 2924.000000 -276.000000) (1656.000000 2924.000000 -276.000000) 
4 76 86 (1704.000000 2723.333333 -264.000000) (1652.000000 2723.333333 -264.000000) (1652.000000 2727.333333 -276.000000) (1704.000000 2727.333333 -276.000000) 
4 76 77 (1704.000000 2727.333333 -276.000000) (1652.000000 2727.333333 -276.000000) (1652.000000 2924.000000 -276.000000) (1704.000000 2924.000000 -276.000000) 
4 76 78 (1652.000000 2924.000000 -276.000000) (1652.000000 2727.333333 -276.000000) (1652.000000 2723.333333 -264.000000) (1652.000000 2924.000000 -264.000000) 
4 77 86 (1652.000000 2727.333333 -276.000000) (1652.000000 2739.333333 -312.000000) (1704.000000 2739.333333 -312.000000) (1704.000000 2727.333333 -276.000000) 
4 77 81 (1704.000000 2880.000000 -312.000000) (1704.000000 2800.000000 -312.000000) (1652.000000 2800.000000 -312.000000) (1652.000000 2880.000000 -312.000000) 
4 77 85 (1704.000000 2800.000000 -312.000000) (1704.000000 2739.333333 -312.000000) (1652.000000 2739.333333 -312.000000) (1652.000000 2800.000000 -312.000000) 
4 77 80 (1652.000000 2928.000000 -312.000000) (1704.000000 2928.000000 -312.000000) (1704.000000 2880.000000 -312.000000) (1652.000000 2880.000000 -312.000000) 
4 77 78 (1652.000000 2928.000000 -276.000000) (1652.000000 2928.000000 -312.000000) (1652.000000 2739.333333 -312.000000) (1652.000000 2727.333333 -276.000000) 
4 78 100 (1584.000000 2880.000000 -284.000000) (1584.000000 2832.000000 -284.000000) (1584.000000 2832.000000 -264.000000) (1584.000000 2880.000000 -264.000000) 
4 78 86 (1652.000000 2723.333333 -264.000000) (1584.000000 2723.333333 -264.000000) (1584.000000 2739.333333 -312.000000) (1652.000000 2739.333333 -312.000000) 
4 78 81 (1584.000000 2800.000000 -312.000000) (1584.000000 2880.000000 -312.000000) (1652.000000 2880.000000 -312.000000) (1652.000000 2800.000000 -312.000000) 
4 78 85 (1584.000000 2739.333333 -312.000000) (1584.000000 2800.000000 -312.000000) (1652.000000 2800.000000 -312.000000) (1652.000000 2739.333333 -312.000000) 
4 78 80 (1584.000000 2880.000000 -312.000000) (1584.000000 2928.000000 -312.000000) (1652.000000 2928.000000 -312.000000) (1652.000000 2880.000000 -312.000000) 
4 80 82 (1584.000000 2880.000000 -360.000000) (1768.000000 2880.000000 -360.000000) (1768.000000 2880.000000 -328.000000) (1584.000000 2880.000000 -328.000000) 
4 80 81 (1768.000000 2880.000000 -328.000000) (1768.000000 2880.000000 -312.000000) (1584.000000 2880.000000 -312.000000) (1584.000000 2880.000000 -328.000000) 
4 81 84 (1632.000000 2800.000000 -328.000000) (1584.000000 2800.000000 -328.000000) (1584.000000 2824.000000 -328.000000) (1632.000000 2824.000000 -328.000000) 
4 81 83 (1808.000000 2800.000000 -328.000000) (1632.000000 2800.000000 -328.000000) (1632.000000 2872.000000 -328.000000) (1808.000000 2872.000000 -328.000000) 
4 81 82 (1584.000000 2872.000000 -328.000000) (1584.000000 2880.000000 -328.000000) (1808.000000 2880.000000 -328.000000) (1808.000000 2872.000000 -328.000000) 
4 81 85 (1584.000000 2800.000000 -312.000000) (1584.000000 2800.000000 -328.000000) (1808.000000 2800.000000 -328.000000) (1808.000000 2800.000000 -312.000000) 
4 82 83 (1632.000000 2872.000000 -360.000000) (1808.000000 2872.000000 -360.000000) (1808.000000 2872.000000 -328.000000) (1632.000000 2872.000000 -328.000000) 
4 83 84 (1632.000000 2824.000000 -360.000000) (1632.000000 2800.000000 -360.000000) (1632.000000 2800.000000 -328.000000) (1632.000000 2824.000000 -328.000000) 
4 83 85 (1632.000000 2800.000000 -360.000000) (1808.000000 2800.000000 -360.000000) (1808.000000 2800.000000 -328.000000) (1632.000000 2800.000000 -328.000000) 
4 84 85 (1584.000000 2800.000000 -328.000000) (1584.000000 2800.000000 -360.000000) (1632.000000 2800.000000 -360.000000) (1632.000000 2800.000000 -328.000000) 
4 85 86 (1584.000000 2755.333333 -360.000000) (1856.000000 2755.333333 -360.000000) (1856.000000 2739.333333 -312.000000) (1584.000000 2739.333333 -312.000000) 
4 86 93 (1732.000000 2718.000000 -248.000000) (1588.000000 2718.000000 -248.000000) (1588.000000 2718.000000 -360.000000) (1732.000000 2718.000000 -360.000000) 
4 86 89 (1804.000000 2718.000000 -248.000000) (1800.000000 2718.000000 -248.000000) (1800.000000 2718.000000 -260.000000) (1804.000000 2718.000000 -260.000000) 
4 86 90 (1800.000000 2718.000000 -248.000000) (1736.000000 2718.000000 -248.000000) (1736.000000 2718.000000 -260.000000) (1800.000000 2718.000000 -260.000000) 
4 86 91 (1736.000000 2718.000000 -260.000000) (1736.000000 2718.000000 -360.000000) (1804.000000 2718.000000 -360.000000) (1804.000000 2718.000000 -260.000000) 
4 86 88 (1852.000000 2718.000000 -248.000000) (1804.000000 2718.000000 -248.000000) (1804.000000 2718.000000 -360.000000) (1852.000000 2718.000000 -360.000000) 
4 87 104 (1852.000000 2656.000000 -360.000000) (1856.000000 2656.000000 -360.000000) (1856.000000 2656.000000 -344.000000) (1852.000000 2656.000000 -344.000000) 
4 87 102 (1856.000000 2656.000000 -344.000000) (1856.000000 2656.000000 -224.000000) (1852.000000 2656.000000 -224.000000) (1852.000000 2656.000000 -344.000000) 
5 87 88 (1852.000000 2714.000000 -360.000000) (1852.000000 2656.000000 -360.000000) (1852.000000 2656.000000 -224.000000) (1852.000000 2706.000000 -224.000000) (1852.000000 2714.000000 -248.000000) 
4 88 104 (1804.000000 2656.000000 -360.000000) (1852.000000 2656.000000 -360.000000) (1852.000000 2656.000000 -344.000000) (1804.000000 2656.000000 -344.000000) 
4 88 102 (1852.000000 2656.000000 -344.000000) (1852.000000 2656.000000 -224.000000) (1804.000000 2656.000000 -224.000000) (1804.000000 2656.000000 -344.000000) 
3 88 89 (1804.000000 2718.000000 -248.000000) (1804.000000 2718.000000 -260.000000) (1804.000000 2714.000000 -248.000000) 
5 88 91 (1804.000000 2718.000000 -260.000000) (1804.000000 2718.000000 -360.000000) (1804.000000 2656.000000 -360.000000) (1804.000000 2656.000000 -224.000000) (1804.000000 2706.000000 -224.000000) 
3 89 90 (1800.000000 2718.000000 -248.000000) (1800.000000 2718.000000 -260.000000) (1800.000000 2714.000000 -248.000000) 
4 89 91 (1800.000000 2718.000000 -260.000000) (1804.000000 2718.000000 -260.000000) (1804.000000 2714.000000 -248.000000) (1800.000000 2714.000000 -248.000000) 
4 90 91 (1736.000000 2706.000000 -224.000000) (1736.000000 2718.000000 -260.000000) (1800.000000 2718.000000 -260.000000) (1800.000000 2706.000000 -224.000000) 
4 91 104 (1736.000000 2656.000000 -360.000000) (1804.000000 2656.000000 -360.000000) (1804.000000 2656.000000 -344.000000) (1736.000000 2656.000000 -344.000000) 
4 91 102 (1804.000000 2656.000000 -344.000000) (1804.000000 2656.000000 -224.000000) (1736.000000 2656.000000 -224.000000) (1736.000000 2656.000000 -344.000000) 
5 91 92 (1736.000000 2714.000000 -360.000000) (1736.000000 2656.000000 -360.000000) (1736.000000 2656.000000 -224.000000) (1736.000000 2706.000000 -224.000000) (1736.000000 2714.000000 -248.000000) 
4 92 104 (1732.000000 2656.000000 -360.000000) (1736.000000 2656.000000 -360.000000) (1736.000000 2656.000000 -344.000000) (1732.000000 2656.000000 -344.000000) 
4 92 102 (1736.000000 2656.000000 -344.000000) (1736.000000 2656.000000 -224.000000) (1732.000000 2656.000000 -224.000000) (1732.000000 2656.000000 -344.000000) 
5 92 94 (1732.000000 2714.000000 -360.000000) (1732.000000 2666.000000 -360.000000) (1732.000000 2666.000000 -224.000000) (1732.000000 2706.000000 -224.000000) (1732.000000 2714.000000 -248.000000) 
4 92 97 (1732.000000 2666.000000 -360.000000) (1732.000000 2656.000000 -360.000000) (1732.000000 2656.000000 -224.000000) (1732.000000 2666.000000 -224.000000) 
4 93 96 (1588.000000 2714.000000 -312.000000) (1588.000000 2714.000000 -360.000000) (1640.000000 2714.000000 -360.000000) (1640.000000 2714.000000 -312.000000) 
4 93 95 (1588.000000 2714.000000 -236.000000) (1588.000000 2714.000000 -312.000000) (1720.000000 2714.000000 -312.000000) (1720.000000 2714.000000 -236.000000) 
4 93 94 (1720.000000 2714.000000 -360.000000) (1732.000000 2714.000000 -360.000000) (1732.000000 2714.000000 -236.000000) (1720.000000 2714.000000 -236.000000) 
5 94 95 (1720.000000 2666.000000 -312.000000) (1720.000000 2666.000000 -224.000000) (1720.000000 2710.000000 -224.000000) (1720.000000 2714.000000 -236.000000) (1720.000000 2714.000000 -312.000000) 
4 94 97 (1720.000000 2666.000000 -360.000000) (1732.000000 2666.000000 -360.000000) (1732.000000 2666.000000 -224.000000) (1720.000000 2666.000000 -224.000000) 
5 95 98 (1588.000000 2714.000000 -248.000000) (1588.000000 2714.000000 -312.000000) (1588.000000 2666.000000 -312.000000) (1588.000000 2666.000000 -224.000000) (1588.000000 2706.000000 -224.000000) 
4 95 96 (1640.000000 2666.000000 -312.000000) (1588.000000 2666.000000 -312.000000) (1588.000000 2714.000000 -312.000000) (1640.000000 2714.000000 -312.000000) 
4 95 97 (1720.000000 2666.000000 -312.000000) (1720.000000 2666.000000 -224.000000) (1588.000000 2666.000000 -224.000000) (1588.000000 2666.000000 -312.000000) 
4 96 98 (1588.000000 2714.000000 -312.000000) (1588.000000 2714.000000 -360.000000) (1588.000000 2666.000000 -360.000000) (1588.000000 2666.000000 -312.000000) 
4 96 97 (1588.000000 2666.000000 -360.000000) (1640.000000 2666.000000 -360.000000) (1640.000000 2666.000000 -312.000000) (1588.000000 2666.000000 -312.000000) 
4 97 104 (1588.000000 2656.000000 -360.000000) (1732.000000 2656.000000 -360.000000) (1732.000000 2656.000000 -344.000000) (1588.000000 2656.000000 -344.000000) 
4 97 102 (1732.000000 2656.000000 -344.000000) (1732.000000 2656.000000 -224.000000) (1588.000000 2656.000000 -224.000000) (1588.000000 2656.000000 -344.000000) 
4 97 98 (1588.000000 2666.000000 -360.000000) (1588.000000 2656.000000 -360.000000) (1588.000000 2656.000000 -224.000000) (1588.000000 2666.000000 -224.000000) 
4 98 104 (1584.000000 2656.000000 -360.000000) (1588.000000 2656.000000 -360.000000) (1588.000000 2656.000000 -344.000000) (1584.000000 2656.000000 -344.000000) 
4 98 102 (1588.000000 2656.000000 -344.000000) (1588.000000 2656.000000 -224.000000) (1584.000000 2656.000000 -224.000000) (1584.000000 2656.000000 -344.000000) 
4 98 99 (1584.000000 2688.000000 -360.000000) (1584.000000 2656.000000 -360.000000) (1584.000000 2656.000000 -224.000000) (1584.000000 2688.000000 -224.000000) 
4 99 178 (1568.000000 2656.000000 -216.000000) (1568.000000 2672.000000 -216.000000) (1568.000000 2672.000000 -360.000000) (1568.000000 2656.000000 -360.000000) 
4 99 104 (1568.000000 2656.000000 -360.000000) (1584.000000 2656.000000 -360.000000) (1584.000000 2656.000000 -344.000000) (1568.000000 2656.000000 -344.000000) 
4 99 102 (1584.000000 2656.000000 -344.000000) (1584.000000 2656.000000 -216.000000) (1568.000000 2656.000000 -216.000000) (1568.000000 2656.000000 -344.000000) 
4 100 193 (1568.000000 2858.000000 -284.000000) (1568.000000 2854.000000 -284.000000) (1568.000000 2854.000000 -264.000000) (1568.000000 2858.000000 -264.000000) 
4 100 192 (1568.000000 2880.000000 -264.000000) (1568.000000 2880.000000 -284.000000) (1568.000000 2858.000000 -284.000000) (1568.000000 2858.000000 -264.000000) 
4 100 196 (1568.000000 2854.000000 -284.000000) (1568.000000 2832.000000 -284.000000) (1568.000000 2832.000000 -264.000000) (1568.000000 2854.000000 -264.000000) 
4 100 188 (1568.000000 2832.000000 -240.000000) (1568.000000 2832.000000 -236.000000) (1568.000000 2852.000000 -258.000000) (1568.000000 2852.000000 -262.000000) 
4 100 191 (1568.000000 2852.000000 -264.000000) (1568.000000 2832.000000 -264.000000) (1568.000000 2832.000000 -240.000000) (1568.000000 2852.000000 -262.000000) 
3 100 187 (1568.000000 2832.000000 -236.000000) (1568.000000 2852.000000 -236.000000) (1568.000000 2852.000000 -258.000000) 
4 100 184 (1568.000000 2860.000000 -264.000000) (1568.000000 2852.000000 -264.000000) (1568.000000 2852.000000 -236.000000) (1568.000000 2860.000000 -236.000000) 
4 100 180 (1568.000000 2880.000000 -236.000000) (1568.000000 2880.000000 -240.000000) (1568.000000 2860.000000 -262.000000) (1568.000000 2860.000000 -258.000000) 
3 100 183 (1568.000000 2880.000000 -236.000000) (1568.000000 2860.000000 -258.000000) (1568.000000 2860.000000 -236.000000) 
4 100 179 (1568.000000 2880.000000 -240.000000) (1568.000000 2880.000000 -264.000000) (1568.000000 2860.000000 -264.000000) (1568.000000 2860.000000 -262.000000) 
4 101 102 (1944.000000 2465.333333 -344.000000) (1944.000000 2465.333333 -216.000000) (1904.000000 2552.000000 -216.000000) (1904.000000 2552.000000 -344.000000) 
4 102 209 (1568.000000 2424.000000 -216.000000) (1568.000000 2454.000000 -216.000000) (1568.000000 2454.000000 -344.000000) (1568.000000 2424.000000 -344.000000) 
4 102 202 (1568.000000 2480.000000 -288.000000) (1568.000000 2480.000000 -344.000000) (1568.000000 2454.000000 -344.000000) (1568.000000 2454.000000 -288.000000) 
4 102 201 (1568.000000 2454.000000 -216.000000) (1568.000000 2480.000000 -216.000000) (1568.000000 2480.000000 -288.000000) (1568.000000 2454.000000 -288.000000) 
4 102 199 (1568.000000 2480.000000 -216.000000) (1568.000000 2656.000000 -216.000000) (1568.000000 2656.000000 -344.000000) (1568.000000 2480.000000 -344.000000) 
4 102 104 (1568.000000 2568.000000 -344.000000) (1568.000000 2656.000000 -344.000000) (1856.000000 2656.000000 -344.000000) (1896.615385 2568.000000 -344.000000) 
4 102 103 (1568.000000 2424.000000 -216.000000) (1568.000000 2424.000000 -344.000000) (1904.000000 2424.000000 -344.000000) (1904.000000 2424.000000 -216.000000) 
4 103 287 (1568.000000 2416.000000 -296.000000) (1568.000000 2416.000000 -344.000000) (1616.000000 2416.000000 -344.000000) (1616.000000 2416.000000 -296.000000) 
4 103 286 (1568.000000 2416.000000 -234.000000) (1568.000000 2416.000000 -296.000000) (1616.000000 2416.000000 -296.000000) (1616.000000 2416.000000 -234.000000) 
4 103 285 (1616.000000 2416.000000 -344.000000) (1904.000000 2416.000000 -344.000000) (1904.000000 2416.000000 -234.000000) (1616.000000 2416.000000 -234.000000) 
4 103 277 (1568.000000 2416.000000 -230.000000) (1568.000000 2416.000000 -234.000000) (1904.000000 2416.000000 -234.000000) (1904.000000 2416.000000 -230.000000) 
4 103 273 (1688.000000 2416.000000 -216.000000) (1568.000000 2416.000000 -216.000000) (1568.000000 2416.000000 -230.000000) (1681.000000 2416.000000 -230.000000) 
4 103 259 (1760.000000 2416.000000 -216.000000) (1688.000000 2416.000000 -216.000000) (1681.000000 2416.000000 -230.000000) (1760.000000 2416.000000 -230.000000) 
4 103 250 (1784.000000 2416.000000 -216.000000) (1760.000000 2416.000000 -216.000000) (1760.000000 2416.000000 -230.000000) (1784.000000 2416.000000 -230.000000) 
4 103 249 (1904.000000 2416.000000 -216.000000) (1784.000000 2416.000000 -216.000000) (1784.000000 2416.000000 -230.000000) (1904.000000 2416.000000 -230.000000) 
4 103 209 (1568.000000 2416.000000 -344.000000) (1568.000000 2416.000000 -216.000000) (1568.000000 2424.000000 -216.000000) (1568.000000 2424.000000 -344.000000) 
4 104 200 (1568.000000 2568.000000 -344.000000) (1568.000000 2656.000000 -344.000000) (1568.000000 2656.000000 -360.000000) (1568.000000 2640.000000 -360.000000) 
4 105 107 (824.000000 3200.000000 -432.000000) (1000.000000 3200.000000 -432.000000) (1000.000000 3200.000000 -304.000000) (824.000000 3200.000000 -304.000000) 
4 106 107 (1016.000000 3160.000000 -396.000000) (1016.000000 3160.000000 -372.000000) (1016.000000 3184.000000 -372.000000) (1016.000000 3184.000000 -396.000000) 
4 107 176 (808.000000 3152.000000 -432.000000) (970.000000 3152.000000 -432.000000) (970.000000 3152.000000 -352.000000) (808.000000 3152.000000 -352.000000) 
4 107 175 (970.000000 3152.000000 -352.000000) (970.000000 3152.000000 -304.000000) (808.000000 3152.000000 -304.000000) (808.000000 3152.000000 -352.000000) 
4 107 170 (970.000000 3152.000000 -432.000000) (1016.000000 3152.000000 -432.000000) (1016.000000 3152.000000 -304.000000) (970.000000 3152.000000 -304.000000) 
3 108 401 (656.000000 3146.000000 -184.000000) (656.000000 3146.000000 -186.000000) (656.000000 3145.000000 -184.000000) 
4 108 399 (656.000000 3141.000000 -176.000000) (656.000000 3146.000000 -176.000000) (656.000000 3146.000000 -184.000000) (656.000000 3145.000000 -184.000000) 
4 108 397 (656.000000 3146.000000 -176.000000) (656.000000 3152.000000 -176.000000) (656.000000 3152.000000 -198.000000) (656.000000 3146.000000 -186.000000) 
4 108 138 (780.000000 3146.400000 -186.800000) (780.000000 3145.000000 -184.000000) (656.000000 3145.000000 -184.000000) (656.000000 3146.400000 -186.800000) 
4 108 137 (656.000000 3152.000000 -198.000000) (780.000000 3152.000000 -198.000000) (780.000000 3146.400000 -186.800000) (656.000000 3146.400000 -186.800000) 
4 108 136 (780.000000 3145.000000 -184.000000) (780.000000 3141.000000 -176.000000) (656.000000 3141.000000 -176.000000) (656.000000 3145.000000 -184.000000) 
4 108 132 (788.000000 3144.000000 -182.000000) (788.000000 3141.000000 -176.000000) (780.000000 3141.000000 -176.000000) (780.000000 3144.000000 -182.000000) 
4 108 131 (788.000000 3148.500000 -191.000000) (788.000000 3146.000000 -186.000000) (780.000000 3146.000000 -186.000000) (780.000000 3148.500000 -191.000000) 
4 108 130 (780.000000 3152.000000 -198.000000) (788.000000 3152.000000 -198.000000) (788.000000 3148.500000 -191.000000) (780.000000 3148.500000 -191.000000) 
4 108 117 (1096.000000 3146.400000 -186.800000) (1096.000000 3145.000000 -184.000000) (788.000000 3145.000000 -184.000000) (788.000000 3146.400000 -186.800000) 
4 108 116 (788.000000 3152.000000 -198.000000) (1096.000000 3152.000000 -198.000000) (1096.000000 3146.400000 -186.800000) (788.000000 3146.400000 -186.800000) 
4 108 115 (1096.000000 3145.000000 -184.000000) (1096.000000 3141.000000 -176.000000) (788.000000 3141.000000 -176.000000) (788.000000 3145.000000 -184.000000) 
4 108 111 (1104.000000 3144.000000 -182.000000) (1104.000000 3141.000000 -176.000000) (1096.000000 3141.000000 -176.000000) (1096.000000 3144.000000 -182.000000) 
4 108 110 (1104.000000 3148.500000 -191.000000) (1104.000000 3146.000000 -186.000000) (1096.000000 3146.000000 -186.000000) (1096.000000 3148.500000 -191.000000) 
4 108 109 (1096.000000 3152.000000 -198.000000) (1104.000000 3152.000000 -198.000000) (1104.000000 3148.500000 -191.000000) (1096.000000 3148.500000 -191.000000) 
4 109 151 (1096.000000 3152.000000 -200.000000) (1104.000000 3152.000000 -200.000000) (1104.000000 3144.000000 -200.000000) (1096.000000 3144.000000 -200.000000) 
3 109 116 (1096.000000 3145.000000 -198.000000) (1096.000000 3148.500000 -191.000000) (1096.000000 3152.000000 -198.000000) 
4 109 129 (1096.000000 3152.000000 -200.000000) (1096.000000 3144.000000 -200.000000) (1096.000000 3145.000000 -198.000000) (1096.000000 3152.000000 -198.000000) 
4 109 110 (1104.000000 3146.000000 -196.000000) (1104.000000 3148.500000 -191.000000) (1096.000000 3148.500000 -191.000000) (1096.000000 3146.000000 -196.000000) 
3 110 117 (1096.000000 3146.000000 -186.000000) (1096.000000 3146.400000 -186.800000) (1096.000000 3146.000000 -187.500000) 
4 110 116 (1096.000000 3146.400000 -186.800000) (1096.000000 3148.500000 -191.000000) (1096.000000 3146.000000 -196.000000) (1096.000000 3146.000000 -187.500000) 
4 111 115 (1096.000000 3066.000000 -182.000000) (1096.000000 3066.000000 -176.000000) (1096.000000 3141.000000 -176.000000) (1096.000000 3144.000000 -182.000000) 
4 111 112 (1104.000000 3066.000000 -182.000000) (1096.000000 3066.000000 -182.000000) (1096.000000 3068.000000 -182.000000) (1104.000000 3068.000000 -182.000000) 
4 111 114 (1096.000000 3066.000000 -176.000000) (1096.000000 3066.000000 -182.000000) (1104.000000 3066.000000 -182.000000) (1104.000000 3066.000000 -176.000000) 
3 112 128 (1096.000000 3066.000000 -186.000000) (1096.000000 3066.000000 -184.000000) (1096.000000 3067.000000 -184.000000) 
4 112 115 (1096.000000 3066.000000 -184.000000) (1096.000000 3066.000000 -182.000000) (1096.000000 3068.000000 -182.000000) (1096.000000 3067.000000 -184.000000) 
4 112 114 (1096.000000 3066.000000 -182.000000) (1096.000000 3066.000000 -186.000000) (1104.000000 3066.000000 -186.000000) (1104.000000 3066.000000 -182.000000) 
4 113 151 (1104.000000 3068.000000 -200.000000) (1104.000000 3066.000000 -200.000000) (1096.000000 3066.000000 -200.000000) (1096.000000 3068.000000 -200.000000) 
3 113 127 (1096.000000 3066.000000 -198.000000) (1096.000000 3066.000000 -196.000000) (1096.000000 3067.000000 -198.000000) 
4 113 129 (1096.000000 3068.000000 -200.000000) (1096.000000 3066.000000 -200.000000) (1096.000000 3066.000000 -198.000000) (1096.000000 3067.000000 -198.000000) 
4 113 114 (1096.000000 3066.000000 -196.000000) (1096.000000 3066.000000 -200.000000) (1104.000000 3066.000000 -200.000000) (1104.000000 3066.000000 -196.000000) 
4 114 230 (1096.000000 2960.000000 -200.000000) (1104.000000 2960.000000 -200.000000) (1104.000000 2960.000000 -176.000000) (1096.000000 2960.000000 -176.000000) 
4 114 154 (1104.000000 3028.000000 -200.000000) (1104.000000 2996.000000 -200.000000) (1096.000000 2996.000000 -200.000000) (1096.000000 3028.000000 -200.000000) 
4 114 156 (1104.000000 2996.000000 -200.000000) (1104.000000 2976.000000 -200.000000) (1096.000000 2976.000000 -200.000000) (1096.000000 2996.000000 -200.000000) 
4 114 151 (1104.000000 3066.000000 -200.000000) (1104.000000 3028.000000 -200.000000) (1096.000000 3028.000000 -200.000000) (1096.000000 3066.000000 -200.000000) 
4 114 157 (1104.000000 2976.000000 -200.000000) (1104.000000 2960.000000 -200.000000) (1096.000000 2960.000000 -200.000000) (1096.000000 2976.000000 -200.000000) 
3 114 127 (1096.000000 3066.000000 -194.500000) (1096.000000 3066.000000 -198.000000) (1096.000000 3064.000000 -198.000000) 
5 114 128 (1096.000000 2960.000000 -198.000000) (1096.000000 2960.000000 -184.000000) (1096.000000 3066.000000 -184.000000) (1096.000000 3066.000000 -194.500000) (1096.000000 3064.000000 -198.000000) 
4 114 115 (1096.000000 2960.000000 -184.000000) (1096.000000 2960.000000 -176.000000) (1096.000000 3066.000000 -176.000000) (1096.000000 3066.000000 -184.000000) 
4 114 129 (1096.000000 3066.000000 -200.000000) (1096.000000 2960.000000 -200.000000) (1096.000000 2960.000000 -198.000000) (1096.000000 3066.000000 -198.000000) 
4 115 235 (808.000000 2960.000000 -176.000000) (792.000000 2960.000000 -176.000000) (792.000000 2960.000000 -184.000000) (808.000000 2960.000000 -184.000000) 
4 115 236 (792.000000 2960.000000 -176.000000) (788.000000 2960.000000 -176.000000) (788.000000 2960.000000 -184.000000) (792.000000 2960.000000 -184.000000) 
4 115 232 (838.000000 2960.000000 -176.000000) (808.000000 2960.000000 -176.000000) (808.000000 2960.000000 -184.000000) (838.000000 2960.000000 -184.000000) 
4 115 231 (1016.000000 2960.000000 -176.000000) (838.000000 2960.000000 -176.000000) (838.000000 2960.000000 -184.000000) (1016.000000 2960.000000 -184.000000) 
4 115 230 (1096.000000 2960.000000 -184.000000) (1096.000000 2960.000000 -176.000000) (1016.000000 2960.000000 -176.000000) (1016.000000 2960.000000 -184.000000) 
4 115 133 (788.000000 3067.000000 -184.000000) (788.000000 3066.000000 -184.000000) (788.000000 3066.000000 -182.000000) (788.000000 3068.000000 -182.000000) 
4 115 132 (788.000000 3141.000000 -176.000000) (788.000000 3144.000000 -182.000000) (788.000000 3066.000000 -182.000000) (788.000000 3066.000000 -176.000000) 
4 115 135 (788.000000 3066.000000 -184.000000) (788.000000 2960.000000 -184.000000) (788.000000 2960.000000 -176.000000) (788.000000 3066.000000 -176.000000) 
4 115 128 (1096.000000 2960.000000 -184.000000) (788.000000 2960.000000 -184.000000) (788.000000 3072.000000 -184.000000) (1096.000000 3072.000000 -184.000000) 
4 115 124 (788.000000 3084.000000 -184.000000) (788.000000 3092.000000 -184.000000) (1096.000000 3092.000000 -184.000000) (1096.000000 3084.000000 -184.000000) 
4 115 125 (788.000000 3080.000000 -184.000000) (788.000000 3084.000000 -184.000000) (1096.000000 3084.000000 -184.000000) (1096.000000 3080.000000 -184.000000) 
4 115 123 (788.000000 3100.000000 -184.000000) (788.000000 3108.000000 -184.000000) (1096.000000 3108.000000 -184.000000) (1096.000000 3100.000000 -184.000000) 
4 115 121 (788.000000 3108.000000 -184.000000) (788.000000 3112.000000 -184.000000) (1096.000000 3112.000000 -184.000000) (1096.000000 3108.000000 -184.000000) 
4 115 120 (788.000000 3120.000000 -184.000000) (788.000000 3124.000000 -184.000000) (1096.000000 3124.000000 -184.000000) (1096.000000 3120.000000 -184.000000) 
4 115 118 (788.000000 3124.000000 -184.000000) (788.000000 3132.000000 -184.000000) (1096.000000 3132.000000 -184.000000) (1096.000000 3124.000000 -184.000000) 
4 115 117 (788.000000 3140.000000 -184.000000) (788.000000 3145.000000 -184.000000) (1096.000000 3145.000000 -184.000000) (1096.000000 3140.000000 -184.000000) 
4 116 131 (788.000000 3146.400000 -186.800000) (788.000000 3148.500000 -191.000000) (788.000000 3146.000000 -196.000000) (788.000000 3146.000000 -187.500000) 
3 116 130 (788.000000 3148.500000 -191.000000) (788.000000 3152.000000 -198.000000) (788.000000 3145.000000 -198.000000) 
4 116 117 (788.000000 3146.400000 -186.800000) (788.000000 3144.000000 -191.000000) (1096.000000 3144.000000 -191.000000) (1096.000000 3146.400000 -186.800000) 
4 116 129 (788.000000 3140.000000 -198.000000) (788.000000 3152.000000 -198.000000) (1096.000000 3152.000000 -198.000000) (1096.000000 3140.000000 -198.000000) 
3 117 131 (788.000000 3146.000000 -186.000000) (788.000000 3146.400000 -186.800000) (788.000000 3146.000000 -187.500000) 
4 118 120 (788.000000 3124.000000 -184.000000) (788.000000 3126.000000 -187.500000) (1096.000000 3126.000000 -187.500000) (1096.000000 3124.000000 -184.000000) 
4 118 119 (788.000000 3126.000000 -187.500000) (788.000000 3128.000000 -191.000000) (1096.000000 3128.000000 -191.000000) (1096.000000 3126.000000 -187.500000) 
4 119 120 (788.000000 3126.000000 -187.500000) (788.000000 3124.000000 -191.000000) (1096.000000 3124.000000 -191.000000) (1096.000000 3126.000000 -187.500000) 
4 119 129 (788.000000 3120.000000 -198.000000) (788.000000 3132.000000 -198.000000) (1096.000000 3132.000000 -198.000000) (1096.000000 3120.000000 -198.000000) 
4 121 123 (1096.000000 3106.000000 -187.500000) (1096.000000 3108.000000 -184.000000) (788.000000 3108.000000 -184.000000) (788.000000 3106.000000 -187.500000) 
4 121 122 (788.000000 3106.000000 -187.500000) (788.000000 3108.000000 -191.000000) (1096.000000 3108.000000 -191.000000) (1096.000000 3106.000000 -187.500000) 
4 122 123 (1096.000000 3104.000000 -191.000000) (1096.000000 3106.000000 -187.500000) (788.000000 3106.000000 -187.500000) (788.000000 3104.000000 -191.000000) 
4 122 129 (788.000000 3100.000000 -198.000000) (788.000000 3112.000000 -198.000000) (1096.000000 3112.000000 -198.000000) (1096.000000 3100.000000 -198.000000) 
4 124 125 (1096.000000 3088.000000 -191.000000) (1096.000000 3084.000000 -184.000000) (788.000000 3084.000000 -184.000000) (788.000000 3088.000000 -191.000000) 
4 125 126 (1096.000000 3088.000000 -198.000000) (1096.000000 3084.000000 -191.000000) (788.000000 3084.000000 -191.000000) (788.000000 3088.000000 -198.000000) 
4 125 129 (788.000000 3088.000000 -198.000000) (788.000000 3092.000000 -198.000000) (1096.000000 3092.000000 -198.000000) (1096.000000 3088.000000 -198.000000) 
4 126 129 (788.000000 3080.000000 -198.000000) (788.000000 3088.000000 -198.000000) (1096.000000 3088.000000 -198.000000) (1096.000000 3080.000000 -198.000000) 
3 127 134 (788.000000 3067.000000 -198.000000) (788.000000 3066.000000 -198.000000) (788.000000 3066.000000 -196.000000) 
3 127 135 (788.000000 3066.000000 -198.000000) (788.000000 3064.000000 -198.000000) (788.000000 3066.000000 -194.500000) 
4 127 128 (1096.000000 3064.000000 -198.000000) (1096.000000 3068.000000 -191.000000) (788.000000 3068.000000 -191.000000) (788.000000 3064.000000 -198.000000) 
4 127 129 (788.000000 3064.000000 -198.000000) (788.000000 3072.000000 -198.000000) (1096.000000 3072.000000 -198.000000) (1096.000000 3064.000000 -198.000000) 
4 128 235 (808.000000 2960.000000 -184.000000) (792.000000 2960.000000 -184.000000) (792.000000 2960.000000 -198.000000) (808.000000 2960.000000 -198.000000) 
4 128 236 (792.000000 2960.000000 -184.000000) (788.000000 2960.000000 -184.000000) (788.000000 2960.000000 -198.000000) (792.000000 2960.000000 -198.000000) 
4 128 232 (838.000000 2960.000000 -184.000000) (808.000000 2960.000000 -184.000000) (808.000000 2960.000000 -198.000000) (838.000000 2960.000000 -198.000000) 
4 128 231 (1016.000000 2960.000000 -184.000000) (838.000000 2960.000000 -184.000000) (838.000000 2960.000000 -198.000000) (1016.000000 2960.000000 -198.000000) 
4 128 230 (1096.000000 2960.000000 -198.000000) (1096.000000 2960.000000 -184.000000) (1016.000000 2960.000000 -184.000000) (1016.000000 2960.000000 -198.000000) 
3 128 133 (788.000000 3066.000000 -184.000000) (788.000000 3067.000000 -184.000000) (788.000000 3066.000000 -186.000000) 
5 128 135 (788.000000 3064.000000 -198.000000) (788.000000 2960.000000 -198.000000) (788.000000 2960.000000 -184.000000) (788.000000 3066.000000 -184.000000) (788.000000 3066.000000 -194.500000) 
4 128 129 (788.000000 2960.000000 -198.000000) (788.000000 3064.000000 -198.000000) (1096.000000 3064.000000 -198.000000) (1096.000000 2960.000000 -198.000000) 
4 129 235 (792.000000 2960.000000 -200.000000) (808.000000 2960.000000 -200.000000) (808.000000 2960.000000 -198.000000) (792.000000 2960.000000 -198.000000) 
4 129 236 (788.000000 2960.000000 -200.000000) (792.000000 2960.000000 -200.000000) (792.000000 2960.000000 -198.000000) (788.000000 2960.000000 -198.000000) 
4 129 232 (808.000000 2960.000000 -200.000000) (838.000000 2960.000000 -200.000000) (838.000000 2960.000000 -198.000000) (808.000000 2960.000000 -198.000000) 
4 129 231 (838.000000 2960.000000 -200.000000) (1016.000000 2960.000000 -200.000000) (1016.000000 2960.000000 -198.000000) (838.000000 2960.000000 -198.000000) 
4 129 230 (1016.000000 2960.000000 -200.000000) (1096.000000 2960.000000 -200.000000) (1096.000000 2960.000000 -198.000000) (1016.000000 2960.000000 -198.000000) 
4 129 160 (1088.000000 3100.000000 -200.000000) (1088.000000 3004.000000 -200.000000) (788.000000 3004.000000 -200.000000) (788.000000 3100.000000 -200.000000) 
4 129 165 (1088.000000 3004.000000 -200.000000) (1088.000000 2960.000000 -200.000000) (788.000000 2960.000000 -200.000000) (788.000000 3004.000000 -200.000000) 
4 129 159 (788.000000 3152.000000 -200.000000) (1088.000000 3152.000000 -200.000000) (1088.000000 3100.000000 -200.000000) (788.000000 3100.000000 -200.000000) 
4 129 154 (1096.000000 3028.000000 -200.000000) (1096.000000 2996.000000 -200.000000) (1088.000000 2996.000000 -200.000000) (1088.000000 3028.000000 -200.000000) 
4 129 156 (1096.000000 2996.000000 -200.000000) (1096.000000 2976.000000 -200.000000) (1088.000000 2976.000000 -200.000000) (1088.000000 2996.000000 -200.000000) 
4 129 151 (1088.000000 3152.000000 -200.000000) (1096.000000 3152.000000 -200.000000) (1096.000000 3028.000000 -200.000000) (1088.000000 3028.000000 -200.000000) 
4 129 157 (1096.000000 2976.000000 -200.000000) (1096.000000 2960.000000 -200.000000) (1088.000000 2960.000000 -200.000000) (1088.000000 2976.000000 -200.000000) 
4 129 134 (788.000000 3068.000000 -200.000000) (788.000000 3066.000000 -200.000000) (788.000000 3066.000000 -198.000000) (788.000000 3067.000000 -198.000000) 
4 129 135 (788.000000 3066.000000 -200.000000) (788.000000 2960.000000 -200.000000) (788.000000 2960.000000 -198.000000) (788.000000 3066.000000 -198.000000) 
4 129 130 (788.000000 3152.000000 -198.000000) (788.000000 3152.000000 -200.000000) (788.000000 3144.000000 -200.000000) (788.000000 3145.000000 -198.000000) 
4 130 159 (780.000000 3152.000000 -200.000000) (788.000000 3152.000000 -200.000000) (788.000000 3144.000000 -200.000000) (780.000000 3144.000000 -200.000000) 
3 130 137 (780.000000 3145.000000 -198.000000) (780.000000 3148.500000 -191.000000) (780.000000 3152.000000 -198.000000) 
4 130 150 (780.000000 3152.000000 -200.000000) (780.000000 3144.000000 -200.000000) (780.000000 3145.000000 -198.000000) (780.000000 3152.000000 -198.000000) 
4 130 131 (788.000000 3146.000000 -196.000000) (788.000000 3148.500000 -191.000000) (780.000000 3148.500000 -191.000000) (780.000000 3146.000000 -196.000000) 
3 131 138 (780.000000 3146.000000 -186.000000) (780.000000 3146.400000 -186.800000) (780.000000 3146.000000 -187.500000) 
4 131 137 (780.000000 3146.400000 -186.800000) (780.000000 3148.500000 -191.000000) (780.000000 3146.000000 -196.000000) (780.000000 3146.000000 -187.500000) 
4 132 136 (780.000000 3066.000000 -182.000000) (780.000000 3066.000000 -176.000000) (780.000000 3141.000000 -176.000000) (780.000000 3144.000000 -182.000000) 
4 132 133 (788.000000 3066.000000 -182.000000) (780.000000 3066.000000 -182.000000) (780.000000 3068.000000 -182.000000) (788.000000 3068.000000 -182.000000) 
4 132 135 (780.000000 3066.000000 -176.000000) (780.000000 3066.000000 -182.000000) (788.000000 3066.000000 -182.000000) (788.000000 3066.000000 -176.000000) 
3 133 149 (780.000000 3066.000000 -186.000000) (780.000000 3066.000000 -184.000000) (780.000000 3067.000000 -184.000000) 
4 133 136 (780.000000 3066.000000 -184.000000) (780.000000 3066.000000 -182.000000) (780.000000 3068.000000 -182.000000) (780.000000 3067.000000 -184.000000) 
4 133 135 (780.000000 3066.000000 -182.000000) (780.000000 3066.000000 -186.000000) (788.000000 3066.000000 -186.000000) (788.000000 3066.000000 -182.000000) 
4 134 160 (788.000000 3068.000000 -200.000000) (788.000000 3066.000000 -200.000000) (780.000000 3066.000000 -200.000000) (780.000000 3068.000000 -200.000000) 
3 134 148 (780.000000 3066.000000 -198.000000) (780.000000 3066.000000 -196.000000) (780.000000 3067.000000 -198.000000) 
4 134 150 (780.000000 3068.000000 -200.000000) (780.000000 3066.000000 -200.000000) (780.000000 3066.000000 -198.000000) (780.000000 3067.000000 -198.000000) 
4 134 135 (780.000000 3066.000000 -196.000000) (780.000000 3066.000000 -200.000000) (788.000000 3066.000000 -200.000000) (788.000000 3066.000000 -196.000000) 
4 135 237 (780.000000 2960.000000 -200.000000) (788.000000 2960.000000 -200.000000) (788.000000 2960.000000 -176.000000) (780.000000 2960.000000 -176.000000) 
4 135 160 (788.000000 3066.000000 -200.000000) (788.000000 3004.000000 -200.000000) (780.000000 3004.000000 -200.000000) (780.000000 3066.000000 -200.000000) 
4 135 165 (788.000000 3004.000000 -200.000000) (788.000000 2960.000000 -200.000000) (780.000000 2960.000000 -200.000000) (780.000000 3004.000000 -200.000000) 
3 135 148 (780.000000 3066.000000 -194.500000) (780.000000 3066.000000 -198.000000) (780.000000 3064.000000 -198.000000) 
5 135 149 (780.000000 2960.000000 -198.000000) (780.000000 2960.000000 -184.000000) (780.000000 3066.000000 -184.000000) (780.000000 3066.000000 -194.500000) (780.000000 3064.000000 -198.000000) 
4 135 136 (780.000000 2960.000000 -184.000000) (780.000000 2960.000000 -176.000000) (780.000000 3066.000000 -176.000000) (780.000000 3066.000000 -184.000000) 
4 135 150 (780.000000 3066.000000 -200.000000) (780.000000 2960.000000 -200.000000) (780.000000 2960.000000 -198.000000) (780.000000 3066.000000 -198.000000) 
4 136 475 (656.000000 2960.000000 -184.000000) (656.000000 2960.000000 -176.000000) (656.000000 2996.000000 -176.000000) (656.000000 3004.000000 -184.000000) 
4 136 471 (656.000000 2996.000000 -176.000000) (656.000000 3066.000000 -176.000000) (656.000000 3066.000000 -184.000000) (656.000000 3004.000000 -184.000000) 
4 136 399 (656.000000 3071.000000 -176.000000) (656.000000 3141.000000 -176.000000) (656.000000 3145.000000 -184.000000) (656.000000 3067.000000 -184.000000) 
4 136 468 (656.000000 3066.000000 -176.000000) (656.000000 3071.000000 -176.000000) (656.000000 3067.000000 -184.000000) (656.000000 3066.000000 -184.000000) 
4 136 237 (656.000000 2960.000000 -176.000000) (656.000000 2960.000000 -184.000000) (780.000000 2960.000000 -184.000000) (780.000000 2960.000000 -176.000000) 
4 136 149 (780.000000 2960.000000 -184.000000) (656.000000 2960.000000 -184.000000) (656.000000 3072.000000 -184.000000) (780.000000 3072.000000 -184.000000) 
4 136 145 (656.000000 3084.000000 -184.000000) (656.000000 3092.000000 -184.000000) (780.000000 3092.000000 -184.000000) (780.000000 3084.000000 -184.000000) 
4 136 146 (656.000000 3080.000000 -184.000000) (656.000000 3084.000000 -184.000000) (780.000000 3084.000000 -184.000000) (780.000000 3080.000000 -184.000000) 
4 136 144 (656.000000 3100.000000 -184.000000) (656.000000 3108.000000 -184.000000) (780.000000 3108.000000 -184.000000) (780.000000 3100.000000 -184.000000) 
4 136 142 (656.000000 3108.000000 -184.000000) (656.000000 3112.000000 -184.000000) (780.000000 3112.000000 -184.000000) (780.000000 3108.000000 -184.000000) 
4 136 141 (656.000000 3120.000000 -184.000000) (656.000000 3124.000000 -184.000000) (780.000000 3124.000000 -184.000000) (780.000000 3120.000000 -184.000000) 
4 136 139 (656.000000 3124.000000 -184.000000) (656.000000 3132.000000 -184.000000) (780.000000 3132.000000 -184.000000) (780.000000 3124.000000 -184.000000) 
4 136 138 (656.000000 3140.000000 -184.000000) (656.000000 3145.000000 -184.000000) (780.000000 3145.000000 -184.000000) (780.000000 3140.000000 -184.000000) 
3 137 400 (656.000000 3146.000000 -198.000000) (656.000000 3140.000000 -198.000000) (656.000000 3146.000000 -187.500000) 
4 137 397 (656.000000 3146.400000 -186.800000) (656.000000 3152.000000 -198.000000) (656.000000 3146.000000 -198.000000) (656.000000 3146.000000 -187.500000) 
4 137 138 (780.000000 3144.000000 -191.000000) (780.000000 3146.400000 -186.800000) (656.000000 3146.400000 -186.800000) (656.000000 3144.000000 -191.000000) 
4 137 150 (656.000000 3152.000000 -198.000000) (780.000000 3152.000000 -198.000000) (780.000000 3140.000000 -198.000000) (656.000000 3140.000000 -198.000000) 
5 138 401 (656.000000 3140.000000 -184.000000) (656.000000 3145.000000 -184.000000) (656.000000 3146.000000 -186.000000) (656.000000 3146.000000 -187.500000) (656.000000 3144.000000 -191.000000) 
3 138 397 (656.000000 3146.000000 -186.000000) (656.000000 3146.400000 -186.800000) (656.000000 3146.000000 -187.500000) 
3 139 402 (656.000000 3124.000000 -184.000000) (656.000000 3132.000000 -184.000000) (656.000000 3128.000000 -191.000000) 
4 139 141 (656.000000 3124.000000 -184.000000) (656.000000 3126.000000 -187.500000) (780.000000 3126.000000 -187.500000) (780.000000 3124.000000 -184.000000) 
4 139 140 (656.000000 3126.000000 -187.500000) (656.000000 3128.000000 -191.000000) (780.000000 3128.000000 -191.000000) (780.000000 3126.000000 -187.500000) 
3 140 403 (656.000000 3126.000000 -187.500000) (656.000000 3132.000000 -198.000000) (656.000000 3120.000000 -198.000000) 
4 140 141 (656.000000 3126.000000 -187.500000) (656.000000 3124.000000 -191.000000) (780.000000 3124.000000 -191.000000) (780.000000 3126.000000 -187.500000) 
4 140 150 (780.000000 3132.000000 -198.000000) (780.000000 3120.000000 -198.000000) (656.000000 3120.000000 -198.000000) (656.000000 3132.000000 -198.000000) 
4 141 404 (656.000000 3120.000000 -184.000000) (656.000000 3124.000000 -184.000000) (656.000000 3126.000000 -187.500000) (656.000000 3124.000000 -191.000000) 
4 142 405 (656.000000 3108.000000 -184.000000) (656.000000 3112.000000 -184.000000) (656.000000 3108.000000 -191.000000) (656.000000 3106.000000 -187.500000) 
4 142 144 (780.000000 3106.000000 -187.500000) (780.000000 3108.000000 -184.000000) (656.000000 3108.000000 -184.000000) (656.000000 3106.000000 -187.500000) 
4 142 143 (656.000000 3106.000000 -187.500000) (656.000000 3108.000000 -191.000000) (780.000000 3108.000000 -191.000000) (780.000000 3106.000000 -187.500000) 
3 143 406 (656.000000 3112.000000 -198.000000) (656.000000 3100.000000 -198.000000) (656.000000 3106.000000 -187.500000) 
4 143 144 (780.000000 3104.000000 -191.000000) (780.000000 3106.000000 -187.500000) (656.000000 3106.000000 -187.500000) (656.000000 3104.000000 -191.000000) 
4 143 150 (780.000000 3112.000000 -198.000000) (780.000000 3100.000000 -198.000000) (656.000000 3100.000000 -198.000000) (656.000000 3112.000000 -198.000000) 
3 144 407 (656.000000 3100.000000 -184.000000) (656.000000 3108.000000 -184.000000) (656.000000 3104.000000 -191.000000) 
3 145 408 (656.000000 3084.000000 -184.000000) (656.000000 3092.000000 -184.000000) (656.000000 3088.000000 -191.000000) 
4 145 146 (780.000000 3088.000000 -191.000000) (780.000000 3084.000000 -184.000000) (656.000000 3084.000000 -184.000000) (656.000000 3088.000000 -191.000000) 
4 146 409 (656.000000 3080.000000 -184.000000) (656.000000 3084.000000 -184.000000) (656.000000 3092.000000 -198.000000) (656.000000 3088.000000 -198.000000) 
4 146 147 (656.000000 3084.000000 -191.000000) (656.000000 3088.000000 -198.000000) (780.000000 3088.000000 -198.000000) (780.000000 3084.000000 -191.000000) 
4 146 150 (780.000000 3092.000000 -198.000000) (780.000000 3088.000000 -198.000000) (656.000000 3088.000000 -198.000000) (656.000000 3092.000000 -198.000000) 
3 147 410 (656.000000 3084.000000 -191.000000) (656.000000 3088.000000 -198.000000) (656.000000 3080.000000 -198.000000) 
4 147 150 (780.000000 3088.000000 -198.000000) (780.000000 3080.000000 -198.000000) (656.000000 3080.000000 -198.000000) (656.000000 3088.000000 -198.000000) 
3 148 471 (656.000000 3066.000000 -198.000000) (656.000000 3064.000000 -198.000000) (656.000000 3066.000000 -194.500000) 
4 148 411 (656.000000 3072.000000 -198.000000) (656.000000 3066.000000 -198.000000) (656.000000 3066.000000 -194.500000) (656.000000 3068.000000 -191.000000) 
4 148 149 (656.000000 3068.000000 -191.000000) (656.000000 3064.000000 -198.000000) (780.000000 3064.000000 -198.000000) (780.000000 3068.000000 -191.000000) 
4 148 150 (780.000000 3072.000000 -198.000000) (780.000000 3064.000000 -198.000000) (656.000000 3064.000000 -198.000000) (656.000000 3072.000000 -198.000000) 
3 149 472 (656.000000 3012.000000 -192.000000) (656.000000 3018.000000 -198.000000) (656.000000 3006.000000 -198.000000) 
5 149 475 (656.000000 2960.000000 -198.000000) (656.000000 2960.000000 -184.000000) (656.000000 3004.000000 -184.000000) (656.000000 3012.000000 -192.000000) (656.000000 3006.000000 -198.000000) 
5 149 471 (656.000000 3004.000000 -184.000000) (656.000000 3066.000000 -184.000000) (656.000000 3066.000000 -194.500000) (656.000000 3064.000000 -198.000000) (656.000000 3018.000000 -198.000000) 
4 149 412 (656.000000 3067.000000 -184.000000) (656.000000 3072.000000 -184.000000) (656.000000 3066.000000 -194.500000) (656.000000 3066.000000 -186.000000) 
3 149 468 (656.000000 3066.000000 -184.000000) (656.000000 3067.000000 -184.000000) (656.000000 3066.000000 -186.000000) 
4 149 237 (656.000000 2960.000000 -184.000000) (656.000000 2960.000000 -198.000000) (780.000000 2960.000000 -198.000000) (780.000000 2960.000000 -184.000000) 
4 149 150 (780.000000 3064.000000 -198.000000) (780.000000 2960.000000 -198.000000) (656.000000 2960.000000 -198.000000) (656.000000 3064.000000 -198.000000) 
4 150 472 (656.000000 3006.000000 -198.000000) (656.000000 3018.000000 -198.000000) (656.000000 3020.000000 -200.000000) (656.000000 3004.000000 -200.000000) 
4 150 475 (656.000000 2960.000000 -200.000000) (656.000000 2960.000000 -198.000000) (656.000000 3006.000000 -198.000000) (656.000000 3004.000000 -200.000000) 
4 150 471 (656.000000 3018.000000 -198.000000) (656.000000 3066.000000 -198.000000) (656.000000 3066.000000 -200.000000) (656.000000 3020.000000 -200.000000) 
4 150 413 (656.000000 3066.000000 -198.000000) (656.000000 3146.000000 -198.000000) (656.000000 3146.000000 -200.000000) (656.000000 3066.000000 -200.000000) 
4 150 397 (656.000000 3146.000000 -198.000000) (656.000000 3152.000000 -198.000000) (656.000000 3152.000000 -200.000000) (656.000000 3146.000000 -200.000000) 
4 150 237 (656.000000 2960.000000 -198.000000) (656.000000 2960.000000 -200.000000) (780.000000 2960.000000 -200.000000) (780.000000 2960.000000 -198.000000) 
4 150 160 (656.000000 3004.000000 -200.000000) (656.000000 3100.000000 -200.000000) (780.000000 3100.000000 -200.000000) (780.000000 3004.000000 -200.000000) 
4 150 165 (656.000000 2960.000000 -200.000000) (656.000000 3004.000000 -200.000000) (780.000000 3004.000000 -200.000000) (780.000000 2960.000000 -200.000000) 
4 150 159 (656.000000 3100.000000 -200.000000) (656.000000 3152.000000 -200.000000) (780.000000 3152.000000 -200.000000) (780.000000 3100.000000 -200.000000) 
4 151 170 (1088.000000 3090.666667 -262.666667) (1088.000000 3104.000000 -256.000000) (1104.000000 3104.000000 -256.000000) (1104.000000 3090.666667 -262.666667) 
4 151 167 (1088.000000 3136.000000 -240.000000) (1088.000000 3152.000000 -232.000000) (1104.000000 3152.000000 -232.000000) (1104.000000 3136.000000 -240.000000) 
4 151 168 (1088.000000 3104.000000 -256.000000) (1088.000000 3136.000000 -240.000000) (1104.000000 3136.000000 -240.000000) (1104.000000 3104.000000 -256.000000) 
3 151 161 (1088.000000 3064.000000 -236.000000) (1088.000000 3036.000000 -208.000000) (1088.000000 3092.000000 -208.000000) 
4 151 160 (1088.000000 3036.000000 -208.000000) (1088.000000 3028.000000 -200.000000) (1088.000000 3100.000000 -200.000000) (1088.000000 3092.000000 -208.000000) 
5 151 159 (1088.000000 3152.000000 -200.000000) (1088.000000 3152.000000 -232.000000) (1088.000000 3090.666667 -262.666667) (1088.000000 3064.000000 -236.000000) (1088.000000 3100.000000 -200.000000) 
4 151 154 (1104.000000 3032.000000 -204.000000) (1104.000000 3028.000000 -200.000000) (1088.000000 3028.000000 -200.000000) (1088.000000 3032.000000 -204.000000) 
4 151 152 (1088.000000 3090.666667 -262.666667) (1104.000000 3090.666667 -262.666667) (1104.000000 3048.000000 -220.000000) (1088.000000 3048.000000 -220.000000) 
4 152 170 (1088.000000 3048.000000 -284.000000) (1088.000000 3090.666667 -262.666667) (1104.000000 3090.666667 -262.666667) (1104.000000 3048.000000 -284.000000) 
3 152 162 (1088.000000 3048.000000 -252.000000) (1088.000000 3048.000000 -228.000000) (1088.000000 3060.000000 -240.000000) 
4 152 161 (1088.000000 3048.000000 -228.000000) (1088.000000 3048.000000 -220.000000) (1088.000000 3064.000000 -236.000000) (1088.000000 3060.000000 -240.000000) 
4 152 159 (1088.000000 3090.666667 -262.666667) (1088.000000 3048.000000 -284.000000) (1088.000000 3048.000000 -252.000000) (1088.000000 3064.000000 -236.000000) 
4 152 153 (1088.000000 3048.000000 -260.000000) (1088.000000 3048.000000 -276.000000) (1104.000000 3048.000000 -276.000000) (1104.000000 3048.000000 -260.000000) 
4 152 155 (1088.000000 3048.000000 -276.000000) (1088.000000 3048.000000 -284.000000) (1104.000000 3048.000000 -284.000000) (1104.000000 3048.000000 -276.000000) 
3 153 159 (1088.000000 3048.000000 -260.000000) (1088.000000 3048.000000 -276.000000) (1088.000000 3032.000000 -276.000000) 
4 153 155 (1088.000000 3032.000000 -276.000000) (1088.000000 3048.000000 -276.000000) (1104.000000 3048.000000 -276.000000) (1104.000000 3032.000000 -276.000000) 
4 154 160 (1088.000000 3004.000000 -200.000000) (1088.000000 3028.000000 -200.000000) (1088.000000 3032.000000 -204.000000) (1088.000000 3000.000000 -204.000000) 
4 154 165 (1088.000000 2992.000000 -204.000000) (1088.000000 2996.000000 -200.000000) (1088.000000 3004.000000 -200.000000) (1088.000000 3000.000000 -204.000000) 
4 154 156 (1104.000000 2992.000000 -204.000000) (1104.000000 2996.000000 -200.000000) (1088.000000 2996.000000 -200.000000) (1088.000000 2992.000000 -204.000000) 
4 155 170 (1088.000000 3016.000000 -300.000000) (1088.000000 3048.000000 -284.000000) (1104.000000 3048.000000 -284.000000) (1104.000000 3016.000000 -300.000000) 
3 155 166 (1088.000000 3008.000000 -292.000000) (1088.000000 2992.000000 -276.000000) (1088.000000 3024.000000 -276.000000) 
5 155 159 (1088.000000 3048.000000 -284.000000) (1088.000000 3016.000000 -300.000000) (1088.000000 3008.000000 -292.000000) (1088.000000 3024.000000 -276.000000) (1088.000000 3048.000000 -276.000000) 
4 155 158 (1088.000000 3016.000000 -300.000000) (1104.000000 3016.000000 -300.000000) (1104.000000 2992.000000 -276.000000) (1088.000000 2992.000000 -276.000000) 
3 156 165 (1088.000000 2976.000000 -220.000000) (1088.000000 2976.000000 -200.000000) (1088.000000 2996.000000 -200.000000) 
4 156 157 (1088.000000 2976.000000 -200.000000) (1088.000000 2976.000000 -220.000000) (1104.000000 2976.000000 -220.000000) (1104.000000 2976.000000 -200.000000) 
4 157 230 (1104.000000 2960.000000 -244.000000) (1104.000000 2960.000000 -200.000000) (1088.000000 2960.000000 -200.000000) (1088.000000 2960.000000 -244.000000) 
3 157 164 (1088.000000 2976.000000 -260.000000) (1088.000000 2960.000000 -244.000000) (1088.000000 2976.000000 -228.000000) 
4 157 165 (1088.000000 2960.000000 -244.000000) (1088.000000 2960.000000 -200.000000) (1088.000000 2976.000000 -200.000000) (1088.000000 2976.000000 -228.000000) 
4 157 158 (1104.000000 2976.000000 -260.000000) (1104.000000 2960.000000 -244.000000) (1088.000000 2960.000000 -244.000000) (1088.000000 2976.000000 -260.000000) 
4 158 230 (1088.000000 2960.000000 -328.000000) (1104.000000 2960.000000 -328.000000) (1104.000000 2960.000000 -244.000000) (1088.000000 2960.000000 -244.000000) 
4 158 170 (1104.000000 2960.000000 -328.000000) (1088.000000 2960.000000 -328.000000) (1088.000000 3016.000000 -300.000000) (1104.000000 3016.000000 -300.000000) 
3 158 163 (1088.000000 2980.000000 -264.000000) (1088.000000 2988.000000 -272.000000) (1088.000000 2980.000000 -272.000000) 
4 158 164 (1088.000000 2960.000000 -272.000000) (1088.000000 2960.000000 -244.000000) (1088.000000 2980.000000 -264.000000) (1088.000000 2980.000000 -272.000000) 
5 158 166 (1088.000000 2984.000000 -316.000000) (1088.000000 2960.000000 -328.000000) (1088.000000 2960.000000 -272.000000) (1088.000000 2988.000000 -272.000000) (1088.000000 3008.000000 -292.000000) 
3 158 159 (1088.000000 3016.000000 -300.000000) (1088.000000 2984.000000 -316.000000) (1088.000000 3008.000000 -292.000000) 
3 159 470 (656.000000 3028.000000 -272.000000) (656.000000 3066.000000 -234.000000) (656.000000 3066.000000 -272.000000) 
4 159 480 (656.000000 3066.000000 -275.000000) (656.000000 2984.000000 -316.000000) (656.000000 3028.000000 -272.000000) (656.000000 3066.000000 -272.000000) 
5 159 413 (656.000000 3100.000000 -200.000000) (656.000000 3146.000000 -200.000000) (656.000000 3146.000000 -235.000000) (656.000000 3066.000000 -275.000000) (656.000000 3066.000000 -234.000000) 
4 159 397 (656.000000 3146.000000 -200.000000) (656.000000 3152.000000 -200.000000) (656.000000 3152.000000 -232.000000) (656.000000 3146.000000 -235.000000) 
4 159 175 (656.000000 2984.000000 -316.000000) (656.000000 3104.000000 -256.000000) (922.000000 3104.000000 -256.000000) (802.000000 2984.000000 -316.000000) 
3 159 171 (824.000000 2984.000000 -316.000000) (802.000000 2984.000000 -316.000000) (813.000000 2995.000000 -310.500000) 
5 159 170 (922.000000 3104.000000 -256.000000) (1088.000000 3104.000000 -256.000000) (1088.000000 2984.000000 -316.000000) (824.000000 2984.000000 -316.000000) (813.000000 2995.000000 -310.500000) 
4 159 167 (944.000000 3152.000000 -232.000000) (1088.000000 3152.000000 -232.000000) (1088.000000 3136.000000 -240.000000) (944.000000 3136.000000 -240.000000) 
4 159 168 (1088.000000 3136.000000 -240.000000) (1088.000000 3104.000000 -256.000000) (880.000000 3104.000000 -256.000000) (880.000000 3136.000000 -240.000000) 
4 159 169 (656.000000 3104.000000 -256.000000) (656.000000 3152.000000 -232.000000) (880.000000 3152.000000 -232.000000) (880.000000 3104.000000 -256.000000) 
4 159 162 (1088.000000 3044.000000 -256.000000) (1088.000000 3060.000000 -240.000000) (656.000000 3060.000000 -240.000000) (656.000000 3044.000000 -256.000000) 
4 159 161 (1088.000000 3060.000000 -240.000000) (1088.000000 3092.000000 -208.000000) (656.000000 3092.000000 -208.000000) (656.000000 3060.000000 -240.000000) 
4 159 160 (1088.000000 3092.000000 -208.000000) (1088.000000 3100.000000 -200.000000) (656.000000 3100.000000 -200.000000) (656.000000 3092.000000 -208.000000) 
4 159 166 (656.000000 2984.000000 -316.000000) (1088.000000 2984.000000 -316.000000) (1088.000000 3028.000000 -272.000000) (656.000000 3028.000000 -272.000000) 
4 160 472 (656.000000 2996.000000 -208.000000) (656.000000 3004.000000 -200.000000) (656.000000 3020.000000 -200.000000) (656.000000 3028.000000 -208.000000) 
4 160 471 (656.000000 3020.000000 -200.000000) (656.000000 3066.000000 -200.000000) (656.000000 3066.000000 -208.000000) (656.000000 3028.000000 -208.000000) 
4 160 413 (656.000000 3066.000000 -200.000000) (656.000000 3100.000000 -200.000000) (656.000000 3092.000000 -208.000000) (656.000000 3066.000000 -208.000000) 
4 160 161 (656.000000 3028.000000 -208.000000) (656.000000 3092.000000 -208.000000) (1088.000000 3092.000000 -208.000000) (1088.000000 3028.000000 -208.000000) 
4 160 165 (1088.000000 2996.000000 -208.000000) (1088.000000 3004.000000 -200.000000) (656.000000 3004.000000 -200.000000) (656.000000 2996.000000 -208.000000) 
4 161 471 (656.000000 3028.000000 -208.000000) (656.000000 3066.000000 -208.000000) (656.000000 3066.000000 -234.000000) (656.000000 3060.000000 -240.000000) 
3 161 413 (656.000000 3066.000000 -208.000000) (656.000000 3092.000000 -208.000000) (656.000000 3066.000000 -234.000000) 
4 161 162 (656.000000 3060.000000 -240.000000) (1088.000000 3060.000000 -240.000000) (1088.000000 3044.000000 -224.000000) (656.000000 3044.000000 -224.000000) 
3 162 473 (656.000000 3044.000000 -224.000000) (656.000000 3060.000000 -240.000000) (656.000000 3044.000000 -256.000000) 
3 163 479 (656.000000 2996.000000 -272.000000) (656.000000 2980.000000 -272.000000) (656.000000 2980.000000 -256.000000) 
4 163 164 (656.000000 2980.000000 -272.000000) (1088.000000 2980.000000 -272.000000) (1088.000000 2980.000000 -256.000000) (656.000000 2980.000000 -256.000000) 
4 163 166 (656.000000 2980.000000 -272.000000) (656.000000 2996.000000 -272.000000) (1088.000000 2996.000000 -272.000000) (1088.000000 2980.000000 -272.000000) 
4 164 479 (656.000000 2960.000000 -272.000000) (656.000000 2960.000000 -256.000000) (656.000000 2980.000000 -256.000000) (656.000000 2980.000000 -272.000000) 
4 164 474 (656.000000 2960.000000 -256.000000) (656.000000 2960.000000 -244.000000) (656.000000 2980.000000 -224.000000) (656.000000 2980.000000 -256.000000) 
4 164 241 (656.000000 2960.000000 -256.000000) (656.000000 2960.000000 -272.000000) (728.000000 2960.000000 -272.000000) (728.000000 2960.000000 -256.000000) 
4 164 240 (728.000000 2960.000000 -272.000000) (788.000000 2960.000000 -272.000000) (788.000000 2960.000000 -256.000000) (728.000000 2960.000000 -256.000000) 
4 164 239 (656.000000 2960.000000 -244.000000) (656.000000 2960.000000 -256.000000) (720.000000 2960.000000 -256.000000) (720.000000 2960.000000 -244.000000) 
4 164 238 (784.000000 2960.000000 -256.000000) (788.000000 2960.000000 -256.000000) (788.000000 2960.000000 -244.000000) (784.000000 2960.000000 -244.000000) 
4 164 235 (792.000000 2960.000000 -272.000000) (808.000000 2960.000000 -272.000000) (808.000000 2960.000000 -244.000000) (792.000000 2960.000000 -244.000000) 
4 164 236 (788.000000 2960.000000 -272.000000) (792.000000 2960.000000 -272.000000) (792.000000 2960.000000 -244.000000) (788.000000 2960.000000 -244.000000) 
4 164 232 (808.000000 2960.000000 -272.000000) (838.000000 2960.000000 -272.000000) (838.000000 2960.000000 -244.000000) (808.000000 2960.000000 -244.000000) 
4 164 231 (838.000000 2960.000000 -272.000000) (1016.000000 2960.000000 -272.000000) (1016.000000 2960.000000 -244.000000) (838.000000 2960.000000 -244.000000) 
4 164 230 (1016.000000 2960.000000 -272.000000) (1088.000000 2960.000000 -272.000000) (1088.000000 2960.000000 -244.000000) (1016.000000 2960.000000 -244.000000) 
4 164 165 (656.000000 2960.000000 -244.000000) (1088.000000 2960.000000 -244.000000) (1088.000000 2980.000000 -224.000000) (656.000000 2980.000000 -224.000000) 
4 164 166 (1088.000000 2960.000000 -272.000000) (656.000000 2960.000000 -272.000000) (656.000000 2980.000000 -272.000000) (1088.000000 2980.000000 -272.000000) 
3 165 475 (656.000000 2960.000000 -244.000000) (656.000000 2960.000000 -200.000000) (656.000000 3004.000000 -200.000000) 
4 165 239 (656.000000 2960.000000 -240.000000) (656.000000 2960.000000 -244.000000) (720.000000 2960.000000 -244.000000) (720.000000 2960.000000 -240.000000) 
4 165 238 (784.000000 2960.000000 -244.000000) (788.000000 2960.000000 -244.000000) (788.000000 2960.000000 -240.000000) (784.000000 2960.000000 -240.000000) 
4 165 237 (656.000000 2960.000000 -200.000000) (656.000000 2960.000000 -240.000000) (788.000000 2960.000000 -240.000000) (788.000000 2960.000000 -200.000000) 
4 165 235 (792.000000 2960.000000 -244.000000) (808.000000 2960.000000 -244.000000) (808.000000 2960.000000 -200.000000) (792.000000 2960.000000 -200.000000) 
4 165 236 (788.000000 2960.000000 -244.000000) (792.000000 2960.000000 -244.000000) (792.000000 2960.000000 -200.000000) (788.000000 2960.000000 -200.000000) 
4 165 232 (808.000000 2960.000000 -244.000000) (838.000000 2960.000000 -244.000000) (838.000000 2960.000000 -200.000000) (808.000000 2960.000000 -200.000000) 
4 165 231 (838.000000 2960.000000 -244.000000) (1016.000000 2960.000000 -244.000000) (1016.000000 2960.000000 -200.000000) (838.000000 2960.000000 -200.000000) 
4 165 230 (1016.000000 2960.000000 -244.000000) (1088.000000 2960.000000 -244.000000) (1088.000000 2960.000000 -200.000000) (1016.000000 2960.000000 -200.000000) 
4 166 480 (656.000000 2960.000000 -328.000000) (656.000000 2960.000000 -272.000000) (656.000000 3028.000000 -272.000000) (656.000000 2984.000000 -316.000000) 
4 166 241 (656.000000 2960.000000 -272.000000) (656.000000 2960.000000 -328.000000) (728.000000 2960.000000 -328.000000) (728.000000 2960.000000 -272.000000) 
4 166 240 (728.000000 2960.000000 -328.000000) (788.000000 2960.000000 -328.000000) (788.000000 2960.000000 -272.000000) (728.000000 2960.000000 -272.000000) 
4 166 235 (792.000000 2960.000000 -328.000000) (808.000000 2960.000000 -328.000000) (808.000000 2960.000000 -272.000000) (792.000000 2960.000000 -272.000000) 
4 166 236 (788.000000 2960.000000 -328.000000) (792.000000 2960.000000 -328.000000) (792.000000 2960.000000 -272.000000) (788.000000 2960.000000 -272.000000) 
4 166 232 (808.000000 2960.000000 -328.000000) (838.000000 2960.000000 -328.000000) (838.000000 2960.000000 -272.000000) (808.000000 2960.000000 -272.000000) 
4 166 231 (838.000000 2960.000000 -328.000000) (1016.000000 2960.000000 -328.000000) (1016.000000 2960.000000 -272.000000) (838.000000 2960.000000 -272.000000) 
4 166 230 (1016.000000 2960.000000 -328.000000) (1088.000000 2960.000000 -328.000000) (1088.000000 2960.000000 -272.000000) (1016.000000 2960.000000 -272.000000) 
4 166 175 (778.000000 2960.000000 -328.000000) (656.000000 2960.000000 -328.000000) (656.000000 2984.000000 -316.000000) (802.000000 2984.000000 -316.000000) 
5 166 171 (848.000000 2960.000000 -328.000000) (792.000000 2960.000000 -328.000000) (792.000000 2974.000000 -321.000000) (802.000000 2984.000000 -316.000000) (824.000000 2984.000000 -316.000000) 
4 166 170 (1088.000000 2960.000000 -328.000000) (848.000000 2960.000000 -328.000000) (824.000000 2984.000000 -316.000000) (1088.000000 2984.000000 -316.000000) 
3 166 174 (792.000000 2960.000000 -328.000000) (778.000000 2960.000000 -328.000000) (792.000000 2974.000000 -321.000000) 
4 167 175 (944.000000 3152.000000 -256.000000) (970.000000 3152.000000 -256.000000) (954.000000 3136.000000 -256.000000) (944.000000 3136.000000 -256.000000) 
4 167 170 (970.000000 3152.000000 -256.000000) (1104.000000 3152.000000 -256.000000) (1104.000000 3136.000000 -256.000000) (954.000000 3136.000000 -256.000000) 
4 167 168 (944.000000 3136.000000 -256.000000) (1104.000000 3136.000000 -256.000000) (1104.000000 3136.000000 -240.000000) (944.000000 3136.000000 -240.000000) 
4 168 175 (922.000000 3104.000000 -256.000000) (880.000000 3104.000000 -256.000000) (880.000000 3136.000000 -256.000000) (954.000000 3136.000000 -256.000000) 
4 168 170 (1104.000000 3104.000000 -256.000000) (922.000000 3104.000000 -256.000000) (954.000000 3136.000000 -256.000000) (1104.000000 3136.000000 -256.000000) 
3 168 169 (880.000000 3136.000000 -256.000000) (880.000000 3104.000000 -256.000000) (880.000000 3136.000000 -240.000000) 
3 169 413 (656.000000 3104.000000 -256.000000) (656.000000 3146.000000 -235.000000) (656.000000 3146.000000 -256.000000) 
4 169 397 (656.000000 3146.000000 -235.000000) (656.000000 3152.000000 -232.000000) (656.000000 3152.000000 -256.000000) (656.000000 3146.000000 -256.000000) 
4 169 175 (880.000000 3104.000000 -256.000000) (656.000000 3104.000000 -256.000000) (656.000000 3152.000000 -256.000000) (880.000000 3152.000000 -256.000000) 
4 170 231 (848.000000 2960.000000 -432.000000) (1016.000000 2960.000000 -432.000000) (1016.000000 2960.000000 -328.000000) (848.000000 2960.000000 -328.000000) 
4 170 230 (1016.000000 2960.000000 -432.000000) (1104.000000 2960.000000 -432.000000) (1104.000000 2960.000000 -328.000000) (1016.000000 2960.000000 -328.000000) 
4 170 176 (970.000000 3152.000000 -352.000000) (970.000000 3152.000000 -432.000000) (813.000000 2995.000000 -432.000000) (813.000000 2995.000000 -352.000000) 
5 170 175 (813.000000 2995.000000 -310.500000) (922.000000 3104.000000 -256.000000) (970.000000 3152.000000 -256.000000) (970.000000 3152.000000 -352.000000) (813.000000 2995.000000 -352.000000) 
4 170 173 (834.000000 2974.000000 -432.000000) (848.000000 2960.000000 -432.000000) (848.000000 2960.000000 -376.000000) (834.000000 2974.000000 -376.000000) 
4 170 172 (813.000000 2995.000000 -376.000000) (813.000000 2995.000000 -432.000000) (822.000000 2986.000000 -432.000000) (822.000000 2986.000000 -376.000000) 
4 170 171 (813.000000 2995.000000 -310.500000) (813.000000 2995.000000 -376.000000) (848.000000 2960.000000 -376.000000) (848.000000 2960.000000 -328.000000) 
4 171 235 (808.000000 2960.000000 -328.000000) (792.000000 2960.000000 -328.000000) (792.000000 2960.000000 -376.000000) (808.000000 2960.000000 -376.000000) 
4 171 232 (838.000000 2960.000000 -328.000000) (808.000000 2960.000000 -328.000000) (808.000000 2960.000000 -376.000000) (838.000000 2960.000000 -376.000000) 
4 171 231 (848.000000 2960.000000 -376.000000) (848.000000 2960.000000 -328.000000) (838.000000 2960.000000 -328.000000) (838.000000 2960.000000 -376.000000) 
4 171 176 (813.000000 2995.000000 -352.000000) (813.000000 2995.000000 -376.000000) (792.000000 2974.000000 -376.000000) (792.000000 2974.000000 -352.000000) 
4 171 175 (792.000000 2974.000000 -321.000000) (813.000000 2995.000000 -310.500000) (813.000000 2995.000000 -352.000000) (792.000000 2974.000000 -352.000000) 
3 171 173 (848.000000 2960.000000 -376.000000) (834.000000 2960.000000 -376.000000) (834.000000 2974.000000 -376.000000) 
3 171 172 (804.000000 2986.000000 -376.000000) (813.000000 2995.000000 -376.000000) (822.000000 2986.000000 -376.000000) 
4 171 174 (792.000000 2960.000000 -376.000000) (792.000000 2960.000000 -328.000000) (792.000000 2974.000000 -321.000000) (792.000000 2974.000000 -376.000000) 
4 172 176 (813.000000 2995.000000 -376.000000) (813.000000 2995.000000 -432.000000) (804.000000 2986.000000 -432.000000) (804.000000 2986.000000 -376.000000) 
4 173 233 (834.000000 2960.000000 -432.000000) (838.000000 2960.000000 -432.000000) (838.000000 2960.000000 -376.000000) (834.000000 2960.000000 -376.000000) 
4 173 231 (838.000000 2960.000000 -432.000000) (848.000000 2960.000000 -432.000000) (848.000000 2960.000000 -376.000000) (838.000000 2960.000000 -376.000000) 
4 174 240 (778.000000 2960.000000 -432.000000) (788.000000 2960.000000 -432.000000) (788.000000 2960.000000 -328.000000) (778.000000 2960.000000 -328.000000) 
4 174 236 (788.000000 2960.000000 -432.000000) (792.000000 2960.000000 -432.000000) (792.000000 2960.000000 -328.000000) (788.000000 2960.000000 -328.000000) 
4 174 176 (778.000000 2960.000000 -432.000000) (778.000000 2960.000000 -352.000000) (792.000000 2974.000000 -352.000000) (792.000000 2974.000000 -432.000000) 
4 174 175 (778.000000 2960.000000 -352.000000) (778.000000 2960.000000 -328.000000) (792.000000 2974.000000 -321.000000) (792.000000 2974.000000 -352.000000) 
4 175 480 (656.000000 2960.000000 -352.000000) (656.000000 2960.000000 -328.000000) (656.000000 3066.000000 -275.000000) (656.000000 3066.000000 -352.000000) 
5 175 413 (656.000000 3066.000000 -275.000000) (656.000000 3104.000000 -256.000000) (656.000000 3146.000000 -256.000000) (656.000000 3146.000000 -352.000000) (656.000000 3066.000000 -352.000000) 
4 175 397 (656.000000 3146.000000 -256.000000) (656.000000 3152.000000 -256.000000) (656.000000 3152.000000 -352.000000) (656.000000 3146.000000 -352.000000) 
4 175 241 (656.000000 2960.000000 -328.000000) (656.000000 2960.000000 -352.000000) (728.000000 2960.000000 -352.000000) (728.000000 2960.000000 -328.000000) 
4 175 240 (728.000000 2960.000000 -352.000000) (778.000000 2960.000000 -352.000000) (778.000000 2960.000000 -328.000000) (728.000000 2960.000000 -328.000000) 
4 175 177 (656.000000 3008.000000 -352.000000) (656.000000 3152.000000 -352.000000) (728.000000 3152.000000 -352.000000) (728.000000 3008.000000 -352.000000) 
4 175 176 (970.000000 3152.000000 -352.000000) (778.000000 2960.000000 -352.000000) (728.000000 2960.000000 -352.000000) (728.000000 3152.000000 -352.000000) 
4 176 240 (728.000000 2960.000000 -432.000000) (778.000000 2960.000000 -432.000000) (778.000000 2960.000000 -352.000000) (728.000000 2960.000000 -352.000000) 
4 176 177 (728.000000 3152.000000 -352.000000) (728.000000 3152.000000 -432.000000) (728.000000 3008.000000 -432.000000) (728.000000 3008.000000 -352.000000) 
4 177 481 (656.000000 3066.000000 -432.000000) (656.000000 3008.000000 -432.000000) (656.000000 3008.000000 -352.000000) (656.000000 3066.000000 -352.000000) 
4 177 413 (656.000000 3146.000000 -432.000000) (656.000000 3066.000000 -432.000000) (656.000000 3066.000000 -352.000000) (656.000000 3146.000000 -352.000000) 
4 177 397 (656.000000 3152.000000 -432.000000) (656.000000 3146.000000 -432.000000) (656.000000 3146.000000 -352.000000) (656.000000 3152.000000 -352.000000) 
4 178 200 (1552.000000 2656.000000 -360.000000) (1568.000000 2656.000000 -360.000000) (1568.000000 2656.000000 -344.000000) (1552.000000 2656.000000 -344.000000) 
4 178 199 (1568.000000 2656.000000 -344.000000) (1568.000000 2656.000000 -216.000000) (1552.000000 2656.000000 -216.000000) (1552.000000 2656.000000 -344.000000) 
3 178 197 (1568.000000 2656.000000 -216.000000) (1568.000000 2656.000000 -200.000000) (1552.000000 2656.000000 -216.000000) 
4 179 192 (1376.000000 2860.000000 -264.000000) (1376.000000 2880.000000 -264.000000) (1568.000000 2880.000000 -264.000000) (1568.000000 2860.000000 -264.000000) 
4 179 186 (1494.000000 2860.000000 -262.000000) (1376.000000 2860.000000 -262.000000) (1376.000000 2860.000000 -264.000000) (1494.000000 2860.000000 -264.000000) 
4 179 184 (1568.000000 2860.000000 -264.000000) (1568.000000 2860.000000 -262.000000) (1538.000000 2860.000000 -262.000000) (1538.000000 2860.000000 -264.000000) 
4 179 181 (1530.000000 2880.000000 -240.000000) (1498.000000 2880.000000 -240.000000) (1498.000000 2860.000000 -262.000000) (1530.000000 2860.000000 -262.000000) 
4 179 180 (1568.000000 2860.000000 -262.000000) (1568.000000 2880.000000 -240.000000) (1534.000000 2880.000000 -240.000000) (1534.000000 2860.000000 -262.000000) 
4 179 182 (1494.000000 2880.000000 -240.000000) (1376.000000 2880.000000 -240.000000) (1376.000000 2860.000000 -262.000000) (1494.000000 2860.000000 -262.000000) 
4 180 184 (1568.000000 2860.000000 -262.000000) (1568.000000 2860.000000 -258.000000) (1538.000000 2860.000000 -258.000000) (1538.000000 2860.000000 -262.000000) 
4 180 183 (1534.000000 2860.000000 -258.000000) (1568.000000 2860.000000 -258.000000) (1568.000000 2880.000000 -236.000000) (1534.000000 2880.000000 -236.000000) 
4 181 183 (1498.000000 2860.000000 -258.000000) (1530.000000 2860.000000 -258.000000) (1530.000000 2880.000000 -236.000000) (1498.000000 2880.000000 -236.000000) 
4 182 186 (1494.000000 2860.000000 -258.000000) (1376.000000 2860.000000 -258.000000) (1376.000000 2860.000000 -262.000000) (1494.000000 2860.000000 -262.000000) 
4 182 183 (1376.000000 2860.000000 -258.000000) (1494.000000 2860.000000 -258.000000) (1494.000000 2880.000000 -236.000000) (1376.000000 2880.000000 -236.000000) 
4 183 186 (1376.000000 2860.000000 -256.000000) (1376.000000 2860.000000 -258.000000) (1494.000000 2860.000000 -258.000000) (1494.000000 2860.000000 -256.000000) 
4 183 185 (1538.000000 2860.000000 -236.000000) (1376.000000 2860.000000 -236.000000) (1376.000000 2860.000000 -256.000000) (1538.000000 2860.000000 -256.000000) 
4 183 184 (1568.000000 2860.000000 -258.000000) (1568.000000 2860.000000 -236.000000) (1538.000000 2860.000000 -236.000000) (1538.000000 2860.000000 -258.000000) 
4 184 193 (1568.000000 2858.000000 -264.000000) (1568.000000 2854.000000 -264.000000) (1538.000000 2854.000000 -264.000000) (1538.000000 2858.000000 -264.000000) 
4 184 192 (1538.000000 2860.000000 -264.000000) (1568.000000 2860.000000 -264.000000) (1568.000000 2858.000000 -264.000000) (1538.000000 2858.000000 -264.000000) 
4 184 196 (1568.000000 2854.000000 -264.000000) (1568.000000 2852.000000 -264.000000) (1538.000000 2852.000000 -264.000000) (1538.000000 2854.000000 -264.000000) 
4 184 188 (1568.000000 2852.000000 -262.000000) (1568.000000 2852.000000 -258.000000) (1538.000000 2852.000000 -258.000000) (1538.000000 2852.000000 -262.000000) 
4 184 191 (1538.000000 2852.000000 -264.000000) (1568.000000 2852.000000 -264.000000) (1568.000000 2852.000000 -262.000000) (1538.000000 2852.000000 -262.000000) 
4 184 187 (1568.000000 2852.000000 -258.000000) (1568.000000 2852.000000 -236.000000) (1538.000000 2852.000000 -236.000000) (1538.000000 2852.000000 -258.000000) 
4 184 185 (1538.000000 2860.000000 -236.000000) (1538.000000 2860.000000 -256.000000) (1538.000000 2852.000000 -256.000000) (1538.000000 2852.000000 -236.000000) 
4 185 187 (1376.000000 2852.000000 -236.000000) (1376.000000 2852.000000 -256.000000) (1538.000000 2852.000000 -256.000000) (1538.000000 2852.000000 -236.000000) 
4 185 186 (1494.000000 2852.000000 -256.000000) (1376.000000 2852.000000 -256.000000) (1376.000000 2860.000000 -256.000000) (1494.000000 2860.000000 -256.000000) 
4 186 195 (1376.000000 2854.000000 -264.000000) (1376.000000 2858.000000 -264.000000) (1494.000000 2858.000000 -264.000000) (1494.000000 2854.000000 -264.000000) 
4 186 192 (1376.000000 2858.000000 -264.000000) (1376.000000 2860.000000 -264.000000) (1494.000000 2860.000000 -264.000000) (1494.000000 2858.000000 -264.000000) 
4 186 196 (1376.000000 2852.000000 -264.000000) (1376.000000 2854.000000 -264.000000) (1494.000000 2854.000000 -264.000000) (1494.000000 2852.000000 -264.000000) 
4 186 190 (1376.000000 2852.000000 -258.000000) (1376.000000 2852.000000 -262.000000) (1494.000000 2852.000000 -262.000000) (1494.000000 2852.000000 -258.000000) 
4 186 191 (1376.000000 2852.000000 -262.000000) (1376.000000 2852.000000 -264.000000) (1494.000000 2852.000000 -264.000000) (1494.000000 2852.000000 -262.000000) 
4 186 187 (1376.000000 2852.000000 -256.000000) (1376.000000 2852.000000 -258.000000) (1494.000000 2852.000000 -258.000000) (1494.000000 2852.000000 -256.000000) 
4 187 189 (1498.000000 2852.000000 -258.000000) (1530.000000 2852.000000 -258.000000) (1530.000000 2832.000000 -236.000000) (1498.000000 2832.000000 -236.000000) 
4 187 190 (1376.000000 2852.000000 -258.000000) (1494.000000 2852.000000 -258.000000) (1494.000000 2832.000000 -236.000000) (1376.000000 2832.000000 -236.000000) 
4 187 188 (1534.000000 2852.000000 -258.000000) (1568.000000 2852.000000 -258.000000) (1568.000000 2832.000000 -236.000000) (1534.000000 2832.000000 -236.000000) 
4 188 191 (1534.000000 2852.000000 -262.000000) (1568.000000 2852.000000 -262.000000) (1568.000000 2832.000000 -240.000000) (1534.000000 2832.000000 -240.000000) 
4 189 191 (1498.000000 2852.000000 -262.000000) (1530.000000 2852.000000 -262.000000) (1530.000000 2832.000000 -240.000000) (1498.000000 2832.000000 -240.000000) 
4 190 191 (1376.000000 2832.000000 -240.000000) (1376.000000 2852.000000 -262.000000) (1494.000000 2852.000000 -262.000000) (1494.000000 2832.000000 -240.000000) 
4 191 196 (1376.000000 2832.000000 -264.000000) (1376.000000 2852.000000 -264.000000) (1568.000000 2852.000000 -264.000000) (1568.000000 2832.000000 -264.000000) 
4 192 194 (1498.000000 2858.000000 -284.000000) (1530.000000 2858.000000 -284.000000) (1530.000000 2858.000000 -264.000000) (1498.000000 2858.000000 -264.000000) 
4 192 195 (1376.000000 2858.000000 -264.000000) (1376.000000 2858.000000 -284.000000) (1494.000000 2858.000000 -284.000000) (1494.000000 2858.000000 -264.000000) 
4 192 193 (1534.000000 2858.000000 -284.000000) (1568.000000 2858.000000 -284.000000) (1568.000000 2858.000000 -264.000000) (1534.000000 2858.000000 -264.000000) 
4 193 196 (1534.000000 2854.000000 -284.000000) (1568.000000 2854.000000 -284.000000) (1568.000000 2854.000000 -264.000000) (1534.000000 2854.000000 -264.000000) 
4 194 196 (1498.000000 2854.000000 -284.000000) (1530.000000 2854.000000 -284.000000) (1530.000000 2854.000000 -264.000000) (1498.000000 2854.000000 -264.000000) 
4 195 196 (1376.000000 2854.000000 -284.000000) (1494.000000 2854.000000 -284.000000) (1494.000000 2854.000000 -264.000000) (1376.000000 2854.000000 -264.000000) 
4 197 317 (1568.000000 2416.000000 -216.000000) (1568.000000 2416.000000 -204.000000) (1564.000000 2416.000000 -204.000000) (1552.000000 2416.000000 -216.000000) 
3 197 316 (1568.000000 2416.000000 -204.000000) (1568.000000 2416.000000 -200.000000) (1564.000000 2416.000000 -204.000000) 
4 197 209 (1568.000000 2454.000000 -216.000000) (1568.000000 2416.000000 -216.000000) (1552.000000 2416.000000 -216.000000) (1552.000000 2454.000000 -216.000000) 
4 197 201 (1568.000000 2480.000000 -216.000000) (1568.000000 2454.000000 -216.000000) (1552.000000 2454.000000 -216.000000) (1552.000000 2496.000000 -216.000000) 
4 197 199 (1552.000000 2656.000000 -216.000000) (1568.000000 2656.000000 -216.000000) (1568.000000 2480.000000 -216.000000) (1552.000000 2496.000000 -216.000000) 
4 197 198 (1552.000000 2496.000000 -216.000000) (1552.000000 2416.000000 -216.000000) (1568.000000 2416.000000 -200.000000) (1568.000000 2480.000000 -200.000000) 
4 198 318 (1472.000000 2416.000000 -204.000000) (1472.000000 2416.000000 -216.000000) (1552.000000 2416.000000 -216.000000) (1564.000000 2416.000000 -204.000000) 
4 198 313 (1568.000000 2416.000000 -176.000000) (1568.000000 2416.000000 -168.000000) (1472.000000 2416.000000 -168.000000) (1472.000000 2416.000000 -176.000000) 
5 198 316 (1568.000000 2416.000000 -200.000000) (1568.000000 2416.000000 -176.000000) (1472.000000 2416.000000 -176.000000) (1472.000000 2416.000000 -204.000000) (1564.000000 2416.000000 -204.000000) 
4 198 210 (1472.000000 2416.000000 -216.000000) (1472.000000 2416.000000 -168.000000) (1472.000000 2448.000000 -168.000000) (1472.000000 2496.000000 -216.000000) 
4 198 209 (1472.000000 2416.000000 -216.000000) (1472.000000 2454.000000 -216.000000) (1552.000000 2454.000000 -216.000000) (1552.000000 2416.000000 -216.000000) 
3 198 208 (1472.000000 2454.000000 -216.000000) (1472.000000 2466.000000 -216.000000) (1484.000000 2454.000000 -216.000000) 
5 198 201 (1472.000000 2466.000000 -216.000000) (1472.000000 2496.000000 -216.000000) (1552.000000 2496.000000 -216.000000) (1552.000000 2454.000000 -216.000000) (1484.000000 2454.000000 -216.000000) 
4 199 203 (1556.000000 2492.000000 -288.000000) (1552.000000 2496.000000 -288.000000) (1552.000000 2496.000000 -344.000000) (1556.000000 2492.000000 -344.000000) 
4 199 202 (1568.000000 2480.000000 -344.000000) (1568.000000 2480.000000 -288.000000) (1556.000000 2492.000000 -288.000000) (1556.000000 2492.000000 -344.000000) 
4 199 201 (1568.000000 2480.000000 -288.000000) (1568.000000 2480.000000 -216.000000) (1552.000000 2496.000000 -216.000000) (1552.000000 2496.000000 -288.000000) 
4 199 200 (1552.000000 2568.000000 -344.000000) (1552.000000 2656.000000 -344.000000) (1568.000000 2656.000000 -344.000000) (1568.000000 2568.000000 -344.000000) 
4 201 210 (1472.000000 2466.000000 -288.000000) (1472.000000 2466.000000 -216.000000) (1472.000000 2496.000000 -216.000000) (1472.000000 2496.000000 -288.000000) 
4 201 209 (1568.000000 2454.000000 -288.000000) (1568.000000 2454.000000 -216.000000) (1484.000000 2454.000000 -216.000000) (1484.000000 2454.000000 -288.000000) 
4 201 208 (1472.000000 2466.000000 -216.000000) (1472.000000 2466.000000 -288.000000) (1484.000000 2454.000000 -288.000000) (1484.000000 2454.000000 -216.000000) 
3 201 207 (1472.000000 2484.000000 -288.000000) (1472.000000 2496.000000 -288.000000) (1484.000000 2496.000000 -288.000000) 
3 201 206 (1502.000000 2496.000000 -288.000000) (1526.000000 2496.000000 -288.000000) (1514.000000 2484.000000 -288.000000) 
3 201 205 (1526.000000 2454.000000 -288.000000) (1502.000000 2454.000000 -288.000000) (1514.000000 2466.000000 -288.000000) 
3 201 204 (1556.000000 2466.000000 -288.000000) (1556.000000 2454.000000 -288.000000) (1544.000000 2454.000000 -288.000000) 
4 201 203 (1544.000000 2496.000000 -288.000000) (1552.000000 2496.000000 -288.000000) (1556.000000 2492.000000 -288.000000) (1556.000000 2484.000000 -288.000000) 
4 201 202 (1556.000000 2492.000000 -288.000000) (1568.000000 2480.000000 -288.000000) (1568.000000 2454.000000 -288.000000) (1556.000000 2454.000000 -288.000000) 
4 202 209 (1568.000000 2454.000000 -344.000000) (1568.000000 2454.000000 -288.000000) (1556.000000 2454.000000 -288.000000) (1556.000000 2454.000000 -344.000000) 
4 202 204 (1556.000000 2466.000000 -344.000000) (1556.000000 2454.000000 -344.000000) (1556.000000 2454.000000 -288.000000) (1556.000000 2466.000000 -288.000000) 
4 202 203 (1556.000000 2492.000000 -288.000000) (1556.000000 2492.000000 -344.000000) (1556.000000 2484.000000 -344.000000) (1556.000000 2484.000000 -288.000000) 
4 204 209 (1556.000000 2454.000000 -288.000000) (1544.000000 2454.000000 -288.000000) (1544.000000 2454.000000 -344.000000) (1556.000000 2454.000000 -344.000000) 
4 205 209 (1526.000000 2454.000000 -288.000000) (1502.000000 2454.000000 -288.000000) (1502.000000 2454.000000 -344.000000) (1526.000000 2454.000000 -344.000000) 
4 207 210 (1472.000000 2484.000000 -288.000000) (1472.000000 2496.000000 -288.000000) (1472.000000 2496.000000 -344.000000) (1472.000000 2484.000000 -344.000000) 
4 208 210 (1472.000000 2454.000000 -344.000000) (1472.000000 2454.000000 -216.000000) (1472.000000 2466.000000 -216.000000) (1472.000000 2466.000000 -344.000000) 
4 208 209 (1484.000000 2454.000000 -344.000000) (1484.000000 2454.000000 -216.000000) (1472.000000 2454.000000 -216.000000) (1472.000000 2454.000000 -344.000000) 
4 209 324 (1552.000000 2416.000000 -216.000000) (1472.000000 2416.000000 -216.000000) (1472.000000 2416.000000 -344.000000) (1552.000000 2416.000000 -344.000000) 
4 209 321 (1568.000000 2416.000000 -344.000000) (1568.000000 2416.000000 -296.000000) (1552.000000 2416.000000 -296.000000) (1552.000000 2416.000000 -344.000000) 
4 209 320 (1568.000000 2416.000000 -296.000000) (1568.000000 2416.000000 -264.000000) (1552.000000 2416.000000 -264.000000) (1552.000000 2416.000000 -296.000000) 
4 209 319 (1568.000000 2416.000000 -264.000000) (1568.000000 2416.000000 -216.000000) (1552.000000 2416.000000 -216.000000) (1552.000000 2416.000000 -264.000000) 
4 209 210 (1472.000000 2416.000000 -344.000000) (1472.000000 2416.000000 -216.000000) (1472.000000 2454.000000 -216.000000) (1472.000000 2454.000000 -344.000000) 
3 210 380 (1296.000000 2416.000000 -304.000000) (1472.000000 2416.000000 -344.000000) (1472.000000 2416.000000 -304.000000) 
4 210 325 (1296.000000 2416.000000 -128.000000) (1296.000000 2416.000000 -304.000000) (1472.000000 2416.000000 -304.000000) (1472.000000 2416.000000 -168.000000) 
4 210 243 (1296.000000 2416.000000 -304.000000) (1296.000000 2416.000000 -176.000000) (1296.000000 2480.000000 -176.000000) (1296.000000 2480.000000 -304.000000) 
4 210 242 (1296.000000 2480.000000 -176.000000) (1296.000000 2496.000000 -176.000000) (1296.000000 2496.000000 -304.000000) (1296.000000 2480.000000 -304.000000) 
4 210 211 (1296.000000 2416.000000 -176.000000) (1296.000000 2416.000000 -128.000000) (1296.000000 2448.000000 -128.000000) (1296.000000 2496.000000 -176.000000) 
5 211 347 (1016.000000 2416.000000 -176.000000) (1184.000000 2416.000000 -176.000000) (1164.000000 2416.000000 -136.000000) (988.000000 2416.000000 -136.000000) (988.000000 2416.000000 -148.000000) 
3 211 362 (988.000000 2416.000000 -136.000000) (976.000000 2416.000000 -136.000000) (988.000000 2416.000000 -148.000000) 
4 211 343 (1164.000000 2416.000000 -136.000000) (1160.000000 2416.000000 -128.000000) (968.000000 2416.000000 -128.000000) (976.000000 2416.000000 -136.000000) 
4 211 340 (1192.000000 2416.000000 -128.000000) (1160.000000 2416.000000 -128.000000) (1168.000000 2416.000000 -144.000000) (1184.000000 2416.000000 -144.000000) 
3 211 341 (1168.000000 2416.000000 -144.000000) (1176.000000 2416.000000 -160.000000) (1184.000000 2416.000000 -144.000000) 
5 211 325 (1184.000000 2416.000000 -176.000000) (1296.000000 2416.000000 -176.000000) (1296.000000 2416.000000 -128.000000) (1192.000000 2416.000000 -128.000000) (1176.000000 2416.000000 -160.000000) 
4 211 244 (1282.000000 2416.000000 -176.000000) (1186.000000 2416.000000 -176.000000) (1186.000000 2480.000000 -176.000000) (1282.000000 2480.000000 -176.000000) 
4 211 243 (1296.000000 2416.000000 -176.000000) (1282.000000 2416.000000 -176.000000) (1282.000000 2480.000000 -176.000000) (1296.000000 2480.000000 -176.000000) 
4 211 242 (1186.000000 2480.000000 -176.000000) (1186.000000 2496.000000 -176.000000) (1296.000000 2496.000000 -176.000000) (1296.000000 2480.000000 -176.000000) 
4 211 245 (1186.000000 2416.000000 -176.000000) (1016.000000 2416.000000 -176.000000) (1016.000000 2496.000000 -176.000000) (1186.000000 2496.000000 -176.000000) 
4 211 223 (1016.000000 2496.000000 -176.000000) (1016.000000 2416.000000 -176.000000) (968.000000 2416.000000 -128.000000) (968.000000 2448.000000 -128.000000) 
4 212 215 (944.000000 2796.000000 -160.000000) (1000.000000 2796.000000 -160.000000) (968.000000 2796.000000 -128.000000) (944.000000 2796.000000 -128.000000) 
4 212 213 (1008.000000 2804.000000 -168.000000) (1000.000000 2796.000000 -160.000000) (944.000000 2796.000000 -160.000000) (944.000000 2804.000000 -168.000000) 
4 212 214 (944.000000 2816.000000 -168.000000) (1008.000000 2816.000000 -168.000000) (1008.000000 2804.000000 -168.000000) (944.000000 2804.000000 -168.000000) 
3 213 228 (880.000000 2796.000000 -168.000000) (880.000000 2796.000000 -160.000000) (880.000000 2804.000000 -168.000000) 
4 213 219 (880.000000 2796.000000 -160.000000) (880.000000 2796.000000 -168.000000) (920.000000 2796.000000 -168.000000) (920.000000 2796.000000 -160.000000) 
4 213 215 (920.000000 2796.000000 -168.000000) (1008.000000 2796.000000 -168.000000) (1000.000000 2796.000000 -160.000000) (920.000000 2796.000000 -160.000000) 
4 213 214 (880.000000 2796.000000 -168.000000) (880.000000 2804.000000 -168.000000) (1008.000000 2804.000000 -168.000000) (1008.000000 2796.000000 -168.000000) 
4 214 234 (880.000000 2796.000000 -176.000000) (880.000000 2816.000000 -176.000000) (1016.000000 2816.000000 -176.000000) (1016.000000 2796.000000 -176.000000) 
4 214 228 (880.000000 2816.000000 -176.000000) (880.000000 2796.000000 -176.000000) (880.000000 2796.000000 -168.000000) (880.000000 2816.000000 -168.000000) 
4 214 219 (880.000000 2796.000000 -168.000000) (880.000000 2796.000000 -176.000000) (920.000000 2796.000000 -176.000000) (920.000000 2796.000000 -168.000000) 
4 214 215 (920.000000 2796.000000 -176.000000) (1016.000000 2796.000000 -176.000000) (1008.000000 2796.000000 -168.000000) (920.000000 2796.000000 -168.000000) 
4 215 234 (920.000000 2796.000000 -176.000000) (1016.000000 2796.000000 -176.000000) (1016.000000 2648.000000 -176.000000) (920.000000 2648.000000 -176.000000) 
4 215 223 (920.000000 2648.000000 -176.000000) (1016.000000 2648.000000 -176.000000) (1000.000000 2656.000000 -160.000000) (920.000000 2656.000000 -160.000000) 
4 215 220 (984.000000 2664.000000 -144.000000) (968.000000 2672.000000 -128.000000) (928.000000 2672.000000 -128.000000) (920.000000 2664.000000 -144.000000) 
4 215 222 (1000.000000 2656.000000 -160.000000) (984.000000 2664.000000 -144.000000) (920.000000 2664.000000 -144.000000) (920.000000 2656.000000 -160.000000) 
4 215 216 (920.000000 2796.000000 -132.000000) (920.000000 2796.000000 -148.000000) (920.000000 2662.000000 -148.000000) (920.000000 2670.000000 -132.000000) 
4 215 219 (920.000000 2796.000000 -148.000000) (920.000000 2796.000000 -176.000000) (920.000000 2648.000000 -176.000000) (920.000000 2662.000000 -148.000000) 
3 216 222 (920.000000 2662.000000 -148.000000) (920.000000 2664.000000 -144.000000) (916.000000 2664.000000 -144.000000) 
4 216 217 (912.000000 2796.000000 -140.000000) (912.000000 2666.000000 -140.000000) (916.000000 2668.000000 -136.000000) (916.000000 2796.000000 -136.000000) 
4 216 219 (920.000000 2662.000000 -148.000000) (912.000000 2666.000000 -140.000000) (912.000000 2796.000000 -140.000000) (920.000000 2796.000000 -148.000000) 
4 217 219 (912.000000 2666.000000 -140.000000) (908.000000 2668.000000 -136.000000) (908.000000 2796.000000 -136.000000) (912.000000 2796.000000 -140.000000) 
4 218 219 (904.000000 2670.000000 -132.000000) (900.000000 2672.000000 -128.000000) (900.000000 2796.000000 -128.000000) (904.000000 2796.000000 -132.000000) 
4 219 234 (880.000000 2648.000000 -176.000000) (880.000000 2796.000000 -176.000000) (920.000000 2796.000000 -176.000000) (920.000000 2648.000000 -176.000000) 
4 219 228 (880.000000 2796.000000 -176.000000) (880.000000 2648.000000 -176.000000) (880.000000 2672.000000 -128.000000) (880.000000 2796.000000 -128.000000) 
4 219 227 (880.000000 2648.000000 -176.000000) (920.000000 2648.000000 -176.000000) (920.000000 2656.000000 -160.000000) (880.000000 2656.000000 -160.000000) 
4 219 221 (896.000000 2672.000000 -128.000000) (880.000000 2672.000000 -128.000000) (880.000000 2664.000000 -144.000000) (904.000000 2664.000000 -144.000000) 
5 219 222 (920.000000 2656.000000 -160.000000) (920.000000 2662.000000 -148.000000) (916.000000 2664.000000 -144.000000) (880.000000 2664.000000 -144.000000) (880.000000 2656.000000 -160.000000) 
4 220 223 (920.000000 2648.000000 -144.000000) (984.000000 2648.000000 -144.000000) (968.000000 2640.000000 -128.000000) (928.000000 2640.000000 -128.000000) 
4 220 222 (920.000000 2664.000000 -144.000000) (984.000000 2664.000000 -144.000000) (984.000000 2648.000000 -144.000000) (920.000000 2648.000000 -144.000000) 
4 221 228 (880.000000 2640.000000 -128.000000) (880.000000 2672.000000 -128.000000) (880.000000 2664.000000 -144.000000) (880.000000 2648.000000 -144.000000) 
4 221 227 (880.000000 2640.000000 -128.000000) (880.000000 2648.000000 -144.000000) (904.000000 2648.000000 -144.000000) (896.000000 2640.000000 -128.000000) 
4 221 222 (880.000000 2648.000000 -144.000000) (880.000000 2664.000000 -144.000000) (904.000000 2664.000000 -144.000000) (904.000000 2648.000000 -144.000000) 
3 222 228 (880.000000 2664.000000 -144.000000) (880.000000 2656.000000 -160.000000) (880.000000 2648.000000 -144.000000) 
3 222 224 (920.000000 2650.000000 -148.000000) (920.000000 2648.000000 -144.000000) (916.000000 2648.000000 -144.000000) 
5 222 227 (880.000000 2648.000000 -144.000000) (880.000000 2656.000000 -160.000000) (920.000000 2656.000000 -160.000000) (920.000000 2650.000000 -148.000000) (916.000000 2648.000000 -144.000000) 
4 222 223 (920.000000 2656.000000 -160.000000) (1000.000000 2656.000000 -160.000000) (984.000000 2648.000000 -144.000000) (920.000000 2648.000000 -144.000000) 
3 223 364 (928.000000 2416.000000 -128.000000) (920.000000 2416.000000 -128.000000) (920.000000 2416.000000 -144.000000) 
3 223 347 (988.000000 2416.000000 -176.000000) (1016.000000 2416.000000 -176.000000) (988.000000 2416.000000 -148.000000) 
6 223 362 (920.000000 2416.000000 -176.000000) (988.000000 2416.000000 -176.000000) (988.000000 2416.000000 -148.000000) (976.000000 2416.000000 -136.000000) (924.000000 2416.000000 -136.000000) (920.000000 2416.000000 -144.000000) 
4 223 343 (976.000000 2416.000000 -136.000000) (968.000000 2416.000000 -128.000000) (928.000000 2416.000000 -128.000000) (924.000000 2416.000000 -136.000000) 
4 223 245 (1016.000000 2416.000000 -176.000000) (920.000000 2416.000000 -176.000000) (920.000000 2496.000000 -176.000000) (1016.000000 2496.000000 -176.000000) 
4 223 234 (920.000000 2496.000000 -176.000000) (920.000000 2648.000000 -176.000000) (1016.000000 2648.000000 -176.000000) (1016.000000 2496.000000 -176.000000) 
4 223 224 (920.000000 2642.000000 -132.000000) (920.000000 2650.000000 -148.000000) (920.000000 2416.000000 -148.000000) (920.000000 2416.000000 -132.000000) 
5 223 227 (920.000000 2650.000000 -148.000000) (920.000000 2656.000000 -160.000000) (920.000000 2648.000000 -176.000000) (920.000000 2416.000000 -176.000000) (920.000000 2416.000000 -148.000000) 
4 224 365 (920.000000 2416.000000 -144.000000) (920.000000 2416.000000 -132.000000) (912.000000 2416.000000 -140.000000) (918.666667 2416.000000 -146.666667) 
3 224 362 (920.000000 2416.000000 -148.000000) (920.000000 2416.000000 -144.000000) (918.666667 2416.000000 -146.666667) 
4 224 225 (912.000000 2646.000000 -140.000000) (912.000000 2416.000000 -140.000000) (916.000000 2416.000000 -136.000000) (916.000000 2644.000000 -136.000000) 
4 224 227 (920.000000 2416.000000 -148.000000) (912.000000 2416.000000 -140.000000) (912.000000 2646.000000 -140.000000) (920.000000 2650.000000 -148.000000) 
3 225 366 (908.000000 2416.000000 -136.000000) (912.000000 2416.000000 -140.000000) (916.000000 2416.000000 -136.000000) 
4 225 227 (912.000000 2416.000000 -140.000000) (908.000000 2416.000000 -136.000000) (908.000000 2644.000000 -136.000000) (912.000000 2646.000000 -140.000000) 
3 226 367 (904.000000 2416.000000 -128.000000) (900.000000 2416.000000 -128.000000) (904.000000 2416.000000 -132.000000) 
4 226 227 (904.000000 2416.000000 -132.000000) (900.000000 2416.000000 -128.000000) (900.000000 2640.000000 -128.000000) (904.000000 2642.000000 -132.000000) 
5 227 371 (880.000000 2416.000000 -176.000000) (904.000000 2416.000000 -176.000000) (912.000000 2416.000000 -160.000000) (896.000000 2416.000000 -128.000000) (880.000000 2416.000000 -128.000000) 
4 227 368 (912.000000 2416.000000 -160.000000) (918.666667 2416.000000 -146.666667) (900.000000 2416.000000 -128.000000) (896.000000 2416.000000 -128.000000) 
4 227 362 (904.000000 2416.000000 -176.000000) (920.000000 2416.000000 -176.000000) (920.000000 2416.000000 -148.000000) (918.666667 2416.000000 -146.666667) 
4 227 245 (920.000000 2416.000000 -176.000000) (880.000000 2416.000000 -176.000000) (880.000000 2496.000000 -176.000000) (920.000000 2496.000000 -176.000000) 
4 227 234 (880.000000 2496.000000 -176.000000) (880.000000 2648.000000 -176.000000) (920.000000 2648.000000 -176.000000) (920.000000 2496.000000 -176.000000) 
5 227 228 (880.000000 2648.000000 -176.000000) (880.000000 2416.000000 -176.000000) (880.000000 2416.000000 -128.000000) (880.000000 2640.000000 -128.000000) (880.000000 2656.000000 -160.000000) 
4 228 371 (808.000000 2416.000000 -176.000000) (880.000000 2416.000000 -176.000000) (880.000000 2416.000000 -128.000000) (856.000000 2416.000000 -128.000000) 
4 228 245 (880.000000 2416.000000 -176.000000) (808.000000 2416.000000 -176.000000) (808.000000 2496.000000 -176.000000) (880.000000 2496.000000 -176.000000) 
4 228 234 (808.000000 2496.000000 -176.000000) (808.000000 2816.000000 -176.000000) (880.000000 2816.000000 -176.000000) (880.000000 2496.000000 -176.000000) 
4 228 229 (856.000000 2416.000000 -128.000000) (856.000000 2448.000000 -128.000000) (808.000000 2496.000000 -176.000000) (808.000000 2416.000000 -176.000000) 
4 229 499 (656.000000 2416.000000 -176.000000) (656.000000 2416.000000 -128.000000) (656.000000 2448.000000 -128.000000) (656.000000 2496.000000 -176.000000) 
3 229 378 (656.000000 2416.000000 -128.000000) (656.000000 2416.000000 -144.000000) (664.000000 2416.000000 -128.000000) 
5 229 371 (656.000000 2416.000000 -144.000000) (656.000000 2416.000000 -176.000000) (808.000000 2416.000000 -176.000000) (856.000000 2416.000000 -128.000000) (664.000000 2416.000000 -128.000000) 
4 229 245 (808.000000 2416.000000 -176.000000) (656.000000 2416.000000 -176.000000) (656.000000 2496.000000 -176.000000) (808.000000 2496.000000 -176.000000) 
4 230 231 (1016.000000 2944.000000 -176.000000) (1016.000000 2960.000000 -176.000000) (1016.000000 2960.000000 -432.000000) (1016.000000 2944.000000 -432.000000) 
4 231 233 (838.000000 2960.000000 -432.000000) (834.000000 2956.000000 -432.000000) (834.000000 2956.000000 -376.000000) (838.000000 2960.000000 -376.000000) 
4 231 232 (822.000000 2944.000000 -376.000000) (822.000000 2944.000000 -176.000000) (838.000000 2960.000000 -176.000000) (838.000000 2960.000000 -376.000000) 
4 231 234 (822.000000 2944.000000 -432.000000) (1016.000000 2944.000000 -432.000000) (1016.000000 2944.000000 -176.000000) (822.000000 2944.000000 -176.000000) 
4 232 235 (808.000000 2960.000000 -176.000000) (808.000000 2960.000000 -376.000000) (808.000000 2944.000000 -376.000000) (808.000000 2944.000000 -176.000000) 
3 232 233 (834.000000 2960.000000 -376.000000) (838.000000 2960.000000 -376.000000) (834.000000 2956.000000 -376.000000) 
4 232 234 (808.000000 2944.000000 -176.000000) (808.000000 2944.000000 -376.000000) (822.000000 2944.000000 -376.000000) (822.000000 2944.000000 -176.000000) 
4 234 245 (1016.000000 2496.000000 -176.000000) (808.000000 2496.000000 -176.000000) (808.000000 2496.000000 -304.000000) (1016.000000 2496.000000 -304.000000) 
4 235 240 (804.000000 2944.000000 -376.000000) (804.000000 2944.000000 -256.000000) (792.000000 2956.000000 -256.000000) (792.000000 2956.000000 -376.000000) 
4 235 238 (804.000000 2944.000000 -256.000000) (804.000000 2944.000000 -232.000000) (792.000000 2956.000000 -238.000000) (792.000000 2956.000000 -256.000000) 
4 235 237 (804.000000 2944.000000 -232.000000) (804.000000 2944.000000 -176.000000) (792.000000 2956.000000 -176.000000) (792.000000 2956.000000 -238.000000) 
4 235 236 (792.000000 2960.000000 -176.000000) (792.000000 2960.000000 -376.000000) (792.000000 2956.000000 -376.000000) (792.000000 2956.000000 -176.000000) 
4 236 240 (788.000000 2960.000000 -256.000000) (788.000000 2960.000000 -432.000000) (792.000000 2956.000000 -432.000000) (792.000000 2956.000000 -256.000000) 
4 236 238 (788.000000 2960.000000 -240.000000) (788.000000 2960.000000 -256.000000) (792.000000 2956.000000 -256.000000) (792.000000 2956.000000 -238.000000) 
4 236 237 (792.000000 2956.000000 -176.000000) (788.000000 2960.000000 -176.000000) (788.000000 2960.000000 -240.000000) (792.000000 2956.000000 -238.000000) 
4 237 476 (656.000000 2944.000000 -176.000000) (656.000000 2960.000000 -176.000000) (656.000000 2960.000000 -240.000000) (656.000000 2944.000000 -232.000000) 
4 237 239 (720.000000 2944.000000 -232.000000) (656.000000 2944.000000 -232.000000) (656.000000 2960.000000 -240.000000) (720.000000 2960.000000 -240.000000) 
4 237 238 (804.000000 2944.000000 -232.000000) (784.000000 2944.000000 -232.000000) (784.000000 2960.000000 -240.000000) (788.000000 2960.000000 -240.000000) 
4 238 240 (784.000000 2960.000000 -256.000000) (788.000000 2960.000000 -256.000000) (804.000000 2944.000000 -256.000000) (784.000000 2944.000000 -256.000000) 
4 239 477 (656.000000 2960.000000 -240.000000) (656.000000 2960.000000 -256.000000) (656.000000 2944.000000 -256.000000) (656.000000 2944.000000 -232.000000) 
4 239 241 (656.000000 2944.000000 -256.000000) (656.000000 2960.000000 -256.000000) (720.000000 2960.000000 -256.000000) (720.000000 2944.000000 -256.000000) 
4 240 241 (728.000000 2944.000000 -352.000000) (728.000000 2944.000000 -256.000000) (728.000000 2960.000000 -256.000000) (728.000000 2960.000000 -352.000000) 
4 241 479 (656.000000 2960.000000 -256.000000) (656.000000 2960.000000 -272.000000) (656.000000 2944.000000 -272.000000) (656.000000 2944.000000 -256.000000) 
4 241 480 (656.000000 2960.000000 -272.000000) (656.000000 2960.000000 -352.000000) (656.000000 2944.000000 -352.000000) (656.000000 2944.000000 -272.000000) 
4 242 244 (1282.000000 2480.000000 -224.000000) (1282.000000 2480.000000 -176.000000) (1186.000000 2480.000000 -176.000000) (1186.000000 2480.000000 -224.000000) 
4 242 243 (1282.000000 2480.000000 -304.000000) (1296.000000 2480.000000 -304.000000) (1296.000000 2480.000000 -176.000000) (1282.000000 2480.000000 -176.000000) 
4 242 245 (1186.000000 2480.000000 -176.000000) (1186.000000 2496.000000 -176.000000) (1186.000000 2496.000000 -304.000000) (1186.000000 2480.000000 -304.000000) 
4 243 325 (1282.000000 2416.000000 -304.000000) (1296.000000 2416.000000 -304.000000) (1296.000000 2416.000000 -176.000000) (1282.000000 2416.000000 -176.000000) 
4 243 244 (1282.000000 2416.000000 -224.000000) (1282.000000 2416.000000 -176.000000) (1282.000000 2480.000000 -176.000000) (1282.000000 2480.000000 -224.000000) 
3 244 347 (1186.000000 2416.000000 -180.000000) (1186.000000 2416.000000 -224.000000) (1208.000000 2416.000000 -224.000000) 
5 244 325 (1282.000000 2416.000000 -224.000000) (1282.000000 2416.000000 -176.000000) (1186.000000 2416.000000 -176.000000) (1186.000000 2416.000000 -180.000000) (1208.000000 2416.000000 -224.000000) 
4 244 245 (1186.000000 2416.000000 -224.000000) (1186.000000 2416.000000 -176.000000) (1186.000000 2480.000000 -176.000000) (1186.000000 2480.000000 -224.000000) 
4 245 499 (656.000000 2416.000000 -304.000000) (656.000000 2416.000000 -176.000000) (656.000000 2496.000000 -176.000000) (656.000000 2496.000000 -304.000000) 
4 245 377 (656.000000 2416.000000 -256.000000) (656.000000 2416.000000 -304.000000) (816.000000 2416.000000 -304.000000) (816.000000 2416.000000 -256.000000) 
4 245 376 (816.000000 2416.000000 -304.000000) (840.000000 2416.000000 -304.000000) (864.000000 2416.000000 -256.000000) (816.000000 2416.000000 -256.000000) 
4 245 371 (656.000000 2416.000000 -176.000000) (656.000000 2416.000000 -256.000000) (864.000000 2416.000000 -256.000000) (904.000000 2416.000000 -176.000000) 
4 245 349 (1179.787679 2416.000000 -304.000000) (1186.000000 2416.000000 -304.000000) (1186.000000 2416.000000 -262.000000) (1179.787679 2416.000000 -262.000000) 
4 245 348 (988.000000 2416.000000 -304.000000) (1179.787679 2416.000000 -304.000000) (1179.787679 2416.000000 -262.000000) (988.000000 2416.000000 -262.000000) 
5 245 347 (1186.000000 2416.000000 -262.000000) (1186.000000 2416.000000 -180.000000) (1184.000000 2416.000000 -176.000000) (988.000000 2416.000000 -176.000000) (988.000000 2416.000000 -262.000000) 
4 245 362 (840.000000 2416.000000 -304.000000) (988.000000 2416.000000 -304.000000) (988.000000 2416.000000 -176.000000) (904.000000 2416.000000 -176.000000) 
3 245 325 (1186.000000 2416.000000 -180.000000) (1186.000000 2416.000000 -176.000000) (1184.000000 2416.000000 -176.000000) 
4 246 247 (1960.000000 2256.000000 -320.000000) (1960.000000 2256.000000 -248.000000) (1960.000000 2336.000000 -248.000000) (1960.000000 2336.000000 -320.000000) 
4 247 248 (1944.000000 2256.000000 -248.000000) (1944.000000 2336.000000 -248.000000) (1944.000000 2336.000000 -320.000000) (1944.000000 2256.000000 -320.000000) 
4 248 285 (1904.000000 2360.000000 -234.000000) (1904.000000 2360.000000 -344.000000) (1904.000000 2232.000000 -344.000000) (1904.000000 2232.000000 -234.000000) 
4 248 277 (1904.000000 2360.000000 -230.000000) (1904.000000 2360.000000 -234.000000) (1904.000000 2232.000000 -234.000000) (1904.000000 2232.000000 -230.000000) 
4 248 249 (1904.000000 2232.000000 -216.000000) (1904.000000 2360.000000 -216.000000) (1904.000000 2360.000000 -230.000000) (1904.000000 2232.000000 -230.000000) 
4 249 278 (1904.000000 2064.000000 -230.000000) (1784.000000 2064.000000 -230.000000) (1784.000000 2072.000000 -230.000000) (1904.000000 2072.000000 -230.000000) 
4 249 277 (1784.000000 2072.000000 -230.000000) (1784.000000 2416.000000 -230.000000) (1904.000000 2416.000000 -230.000000) (1904.000000 2072.000000 -230.000000) 
5 249 250 (1784.000000 2416.000000 -168.000000) (1784.000000 2416.000000 -230.000000) (1784.000000 2064.000000 -230.000000) (1784.000000 2064.000000 -216.000000) (1784.000000 2112.000000 -168.000000) 
4 250 278 (1784.000000 2064.000000 -230.000000) (1760.000000 2064.000000 -230.000000) (1760.000000 2072.000000 -230.000000) (1784.000000 2072.000000 -230.000000) 
4 250 277 (1760.000000 2072.000000 -230.000000) (1760.000000 2416.000000 -230.000000) (1784.000000 2416.000000 -230.000000) (1784.000000 2072.000000 -230.000000) 
4 250 263 (1760.000000 2068.000000 -230.000000) (1760.000000 2064.000000 -230.000000) (1760.000000 2064.000000 -208.000000) (1760.000000 2068.000000 -208.000000) 
4 250 262 (1760.000000 2084.000000 -230.000000) (1760.000000 2068.000000 -230.000000) (1760.000000 2068.000000 -208.000000) (1760.000000 2084.000000 -208.000000) 
3 250 260 (1760.000000 2084.000000 -200.000000) (1760.000000 2084.000000 -208.000000) (1760.000000 2076.000000 -208.000000) 
4 250 251 (1760.000000 2084.000000 -176.000000) (1760.000000 2084.000000 -168.000000) (1760.000000 2416.000000 -168.000000) (1760.000000 2416.000000 -176.000000) 
4 250 259 (1760.000000 2416.000000 -230.000000) (1760.000000 2084.000000 -230.000000) (1760.000000 2084.000000 -176.000000) (1760.000000 2416.000000 -176.000000) 
4 251 252 (1736.000000 2084.000000 -172.000000) (1740.000000 2084.000000 -168.000000) (1740.000000 2416.000000 -168.000000) (1736.000000 2416.000000 -172.000000) 
4 251 259 (1732.000000 2416.000000 -176.000000) (1760.000000 2416.000000 -176.000000) (1760.000000 2084.000000 -176.000000) (1732.000000 2084.000000 -176.000000) 
4 253 254 (1716.000000 2400.000000 -168.000000) (1716.000000 2416.000000 -168.000000) (1720.000000 2416.000000 -172.000000) (1720.000000 2400.000000 -172.000000) 
4 254 266 (1712.000000 2416.000000 -168.000000) (1708.000000 2416.000000 -176.000000) (1708.000000 2404.000000 -176.000000) (1712.000000 2408.000000 -168.000000) 
4 254 255 (1708.000000 2400.000000 -176.000000) (1724.000000 2400.000000 -176.000000) (1720.000000 2400.000000 -172.000000) (1710.000000 2400.000000 -172.000000) 
4 254 259 (1708.000000 2400.000000 -176.000000) (1708.000000 2416.000000 -176.000000) (1724.000000 2416.000000 -176.000000) (1724.000000 2400.000000 -176.000000) 
4 255 259 (1708.000000 2396.000000 -176.000000) (1708.000000 2400.000000 -176.000000) (1724.000000 2400.000000 -176.000000) (1724.000000 2396.000000 -176.000000) 
4 256 258 (1720.000000 2380.000000 -168.000000) (1712.000000 2380.000000 -168.000000) (1710.000000 2384.000000 -172.000000) (1720.000000 2384.000000 -172.000000) 
4 257 258 (1720.000000 2384.000000 -172.000000) (1720.000000 2388.000000 -176.000000) (1720.000000 2084.000000 -176.000000) (1720.000000 2084.000000 -172.000000) 
4 257 259 (1720.000000 2388.000000 -176.000000) (1724.000000 2388.000000 -176.000000) (1724.000000 2084.000000 -176.000000) (1720.000000 2084.000000 -176.000000) 
4 258 268 (1708.000000 2380.000000 -176.000000) (1708.000000 2084.000000 -176.000000) (1712.000000 2084.000000 -168.000000) (1712.000000 2376.000000 -168.000000) 
4 258 259 (1708.000000 2084.000000 -176.000000) (1708.000000 2388.000000 -176.000000) (1720.000000 2388.000000 -176.000000) (1720.000000 2084.000000 -176.000000) 
4 259 277 (1681.000000 2084.000000 -230.000000) (1681.000000 2416.000000 -230.000000) (1760.000000 2416.000000 -230.000000) (1760.000000 2084.000000 -230.000000) 
4 259 274 (1681.000000 2384.000000 -230.000000) (1681.000000 2084.000000 -230.000000) (1696.000000 2084.000000 -200.000000) (1696.000000 2384.000000 -200.000000) 
3 259 272 (1696.000000 2416.000000 -200.000000) (1694.000000 2416.000000 -204.000000) (1696.000000 2412.000000 -200.000000) 
5 259 273 (1694.000000 2416.000000 -204.000000) (1681.000000 2416.000000 -230.000000) (1681.000000 2384.000000 -230.000000) (1696.000000 2384.000000 -200.000000) (1696.000000 2412.000000 -200.000000) 
4 259 266 (1708.000000 2416.000000 -176.000000) (1704.000000 2416.000000 -184.000000) (1704.000000 2400.000000 -184.000000) (1708.000000 2404.000000 -176.000000) 
4 259 267 (1704.000000 2416.000000 -184.000000) (1696.000000 2416.000000 -200.000000) (1696.000000 2392.000000 -200.000000) (1704.000000 2384.000000 -184.000000) 
4 259 268 (1696.000000 2392.000000 -200.000000) (1696.000000 2084.000000 -200.000000) (1708.000000 2084.000000 -176.000000) (1708.000000 2380.000000 -176.000000) 
4 259 262 (1681.000000 2084.000000 -230.000000) (1760.000000 2084.000000 -230.000000) (1760.000000 2084.000000 -208.000000) (1692.000000 2084.000000 -208.000000) 
4 259 260 (1760.000000 2084.000000 -208.000000) (1760.000000 2084.000000 -200.000000) (1696.000000 2084.000000 -200.000000) (1692.000000 2084.000000 -208.000000) 
3 260 274 (1696.000000 2084.000000 -200.000000) (1692.000000 2084.000000 -208.000000) (1692.000000 2076.000000 -208.000000) 
4 260 262 (1692.000000 2076.000000 -208.000000) (1692.000000 2084.000000 -208.000000) (1760.000000 2084.000000 -208.000000) (1760.000000 2076.000000 -208.000000) 
3 260 261 (1696.000000 2084.000000 -200.000000) (1692.000000 2076.000000 -208.000000) (1696.000000 2076.000000 -208.000000) 
4 261 276 (1692.000000 2064.000000 -208.000000) (1696.000000 2064.000000 -200.000000) (1696.000000 2080.000000 -200.000000) (1692.000000 2072.000000 -208.000000) 
4 261 274 (1696.000000 2080.000000 -200.000000) (1696.000000 2084.000000 -200.000000) (1692.000000 2076.000000 -208.000000) (1692.000000 2072.000000 -208.000000) 
4 261 265 (1696.000000 2064.000000 -208.000000) (1692.000000 2064.000000 -208.000000) (1692.000000 2068.000000 -208.000000) (1696.000000 2068.000000 -208.000000) 
4 261 262 (1692.000000 2068.000000 -208.000000) (1692.000000 2076.000000 -208.000000) (1696.000000 2076.000000 -208.000000) (1696.000000 2068.000000 -208.000000) 
3 262 283 (1708.000000 2072.000000 -230.000000) (1712.000000 2072.000000 -230.000000) (1708.000000 2068.000000 -230.000000) 
4 262 284 (1681.000000 2068.000000 -230.000000) (1681.000000 2072.000000 -230.000000) (1708.000000 2072.000000 -230.000000) (1708.000000 2068.000000 -230.000000) 
3 262 282 (1716.000000 2072.000000 -230.000000) (1720.000000 2072.000000 -230.000000) (1720.000000 2068.000000 -230.000000) 
4 262 281 (1720.000000 2072.000000 -230.000000) (1740.000000 2072.000000 -230.000000) (1736.000000 2068.000000 -230.000000) (1720.000000 2068.000000 -230.000000) 
4 262 278 (1744.000000 2072.000000 -230.000000) (1760.000000 2072.000000 -230.000000) (1760.000000 2068.000000 -230.000000) (1748.000000 2068.000000 -230.000000) 
4 262 277 (1681.000000 2072.000000 -230.000000) (1681.000000 2084.000000 -230.000000) (1760.000000 2084.000000 -230.000000) (1760.000000 2072.000000 -230.000000) 
3 262 276 (1690.000000 2068.000000 -212.000000) (1692.000000 2068.000000 -208.000000) (1692.000000 2072.000000 -208.000000) 
5 262 274 (1681.000000 2084.000000 -230.000000) (1681.000000 2068.000000 -230.000000) (1690.000000 2068.000000 -212.000000) (1692.000000 2072.000000 -208.000000) (1692.000000 2084.000000 -208.000000) 
4 262 265 (1681.000000 2068.000000 -230.000000) (1712.000000 2068.000000 -230.000000) (1712.000000 2068.000000 -208.000000) (1692.000000 2068.000000 -208.000000) 
4 262 264 (1716.000000 2068.000000 -230.000000) (1740.000000 2068.000000 -230.000000) (1740.000000 2068.000000 -208.000000) (1716.000000 2068.000000 -208.000000) 
4 262 263 (1744.000000 2068.000000 -230.000000) (1760.000000 2068.000000 -230.000000) (1760.000000 2068.000000 -208.000000) (1744.000000 2068.000000 -208.000000) 
3 263 279 (1752.000000 2064.000000 -230.000000) (1748.000000 2064.000000 -230.000000) (1748.000000 2068.000000 -230.000000) 
4 263 278 (1760.000000 2064.000000 -230.000000) (1752.000000 2064.000000 -230.000000) (1748.000000 2068.000000 -230.000000) (1760.000000 2068.000000 -230.000000) 
4 264 281 (1732.000000 2064.000000 -230.000000) (1720.000000 2064.000000 -230.000000) (1720.000000 2068.000000 -230.000000) (1736.000000 2068.000000 -230.000000) 
3 264 280 (1736.000000 2064.000000 -230.000000) (1732.000000 2064.000000 -230.000000) (1736.000000 2068.000000 -230.000000) 
4 265 284 (1708.000000 2064.000000 -230.000000) (1681.000000 2064.000000 -230.000000) (1681.000000 2068.000000 -230.000000) (1708.000000 2068.000000 -230.000000) 
4 265 276 (1688.000000 2064.000000 -216.000000) (1692.000000 2064.000000 -208.000000) (1692.000000 2068.000000 -208.000000) (1690.000000 2068.000000 -212.000000) 
4 265 274 (1681.000000 2068.000000 -230.000000) (1681.000000 2064.000000 -230.000000) (1688.000000 2064.000000 -216.000000) (1690.000000 2068.000000 -212.000000) 
4 266 270 (1680.000000 2408.000000 -168.000000) (1680.000000 2416.000000 -168.000000) (1684.000000 2416.000000 -176.000000) (1684.000000 2404.000000 -176.000000) 
4 266 272 (1684.000000 2416.000000 -176.000000) (1688.000000 2416.000000 -184.000000) (1688.000000 2400.000000 -184.000000) (1684.000000 2404.000000 -176.000000) 
4 266 267 (1688.000000 2400.000000 -184.000000) (1688.000000 2416.000000 -184.000000) (1704.000000 2416.000000 -184.000000) (1704.000000 2400.000000 -184.000000) 
4 267 272 (1696.000000 2416.000000 -200.000000) (1696.000000 2412.000000 -200.000000) (1688.000000 2396.000000 -184.000000) (1688.000000 2416.000000 -184.000000) 
4 267 273 (1696.000000 2412.000000 -200.000000) (1696.000000 2392.000000 -200.000000) (1688.000000 2384.000000 -184.000000) (1688.000000 2396.000000 -184.000000) 
3 267 268 (1688.000000 2384.000000 -184.000000) (1696.000000 2392.000000 -200.000000) (1704.000000 2384.000000 -184.000000) 
3 268 276 (1694.000000 2084.000000 -196.000000) (1680.000000 2084.000000 -168.000000) (1680.000000 2112.000000 -168.000000) 
6 268 274 (1696.000000 2384.000000 -200.000000) (1696.000000 2084.000000 -200.000000) (1694.000000 2084.000000 -196.000000) (1680.000000 2112.000000 -168.000000) (1680.000000 2376.000000 -168.000000) (1688.000000 2384.000000 -184.000000) 
3 268 273 (1696.000000 2392.000000 -200.000000) (1696.000000 2384.000000 -200.000000) (1688.000000 2384.000000 -184.000000) 
3 268 269 (1696.000000 2084.000000 -200.000000) (1696.000000 2084.000000 -168.000000) (1680.000000 2084.000000 -168.000000) 
5 269 276 (1696.000000 2080.000000 -200.000000) (1696.000000 2064.000000 -200.000000) (1680.000000 2064.000000 -168.000000) (1680.000000 2084.000000 -168.000000) (1694.000000 2084.000000 -196.000000) 
3 269 274 (1696.000000 2084.000000 -200.000000) (1696.000000 2080.000000 -200.000000) (1694.000000 2084.000000 -196.000000) 
4 270 313 (1568.000000 2416.000000 -168.000000) (1568.000000 2416.000000 -176.000000) (1568.000000 2396.000000 -176.000000) (1568.000000 2404.000000 -168.000000) 
4 270 271 (1682.000000 2400.000000 -172.000000) (1680.000000 2404.000000 -168.000000) (1568.000000 2404.000000 -168.000000) (1568.000000 2400.000000 -172.000000) 
4 270 272 (1568.000000 2396.000000 -176.000000) (1568.000000 2416.000000 -176.000000) (1684.000000 2416.000000 -176.000000) (1684.000000 2396.000000 -176.000000) 
3 271 314 (1568.000000 2400.000000 -168.000000) (1568.000000 2404.000000 -168.000000) (1568.000000 2400.000000 -172.000000) 
3 272 316 (1568.000000 2416.000000 -176.000000) (1568.000000 2416.000000 -204.000000) (1568.000000 2388.000000 -176.000000) 
5 272 273 (1568.000000 2416.000000 -204.000000) (1694.000000 2416.000000 -204.000000) (1696.000000 2412.000000 -200.000000) (1684.000000 2388.000000 -176.000000) (1568.000000 2388.000000 -176.000000) 
4 273 319 (1568.000000 2416.000000 -216.000000) (1568.000000 2416.000000 -230.000000) (1568.000000 2384.000000 -230.000000) (1568.000000 2384.000000 -216.000000) 
3 273 318 (1568.000000 2384.000000 -200.000000) (1568.000000 2384.000000 -172.000000) (1568.000000 2412.000000 -200.000000) 
5 273 317 (1568.000000 2416.000000 -204.000000) (1568.000000 2416.000000 -216.000000) (1568.000000 2384.000000 -216.000000) (1568.000000 2384.000000 -200.000000) (1568.000000 2412.000000 -200.000000) 
4 273 277 (1568.000000 2384.000000 -230.000000) (1568.000000 2416.000000 -230.000000) (1681.000000 2416.000000 -230.000000) (1681.000000 2384.000000 -230.000000) 
3 273 275 (1596.000000 2384.000000 -172.000000) (1568.000000 2384.000000 -172.000000) (1568.000000 2384.000000 -200.000000) 
6 273 274 (1696.000000 2384.000000 -200.000000) (1682.000000 2384.000000 -172.000000) (1596.000000 2384.000000 -172.000000) (1568.000000 2384.000000 -200.000000) (1568.000000 2384.000000 -230.000000) (1681.000000 2384.000000 -230.000000) 
4 274 319 (1568.000000 2384.000000 -230.000000) (1568.000000 2064.000000 -230.000000) (1568.000000 2064.000000 -216.000000) (1568.000000 2384.000000 -216.000000) 
4 274 317 (1568.000000 2064.000000 -216.000000) (1568.000000 2080.000000 -200.000000) (1568.000000 2384.000000 -200.000000) (1568.000000 2384.000000 -216.000000) 
4 274 284 (1681.000000 2064.000000 -230.000000) (1568.000000 2064.000000 -230.000000) (1568.000000 2072.000000 -230.000000) (1681.000000 2072.000000 -230.000000) 
4 274 277 (1568.000000 2072.000000 -230.000000) (1568.000000 2384.000000 -230.000000) (1681.000000 2384.000000 -230.000000) (1681.000000 2072.000000 -230.000000) 
5 274 276 (1672.000000 2064.000000 -216.000000) (1688.000000 2064.000000 -216.000000) (1696.000000 2080.000000 -200.000000) (1680.000000 2112.000000 -168.000000) (1672.000000 2112.000000 -168.000000) 
4 274 275 (1568.000000 2384.000000 -200.000000) (1568.000000 2304.000000 -200.000000) (1600.000000 2336.000000 -168.000000) (1600.000000 2384.000000 -168.000000) 
5 275 318 (1568.000000 2336.000000 -168.000000) (1568.000000 2380.000000 -168.000000) (1568.000000 2384.000000 -172.000000) (1568.000000 2384.000000 -200.000000) (1568.000000 2304.000000 -200.000000) 
3 275 315 (1568.000000 2380.000000 -168.000000) (1568.000000 2384.000000 -168.000000) (1568.000000 2384.000000 -172.000000) 
4 277 319 (1568.000000 2416.000000 -230.000000) (1568.000000 2416.000000 -234.000000) (1568.000000 2072.000000 -234.000000) (1568.000000 2072.000000 -230.000000) 
4 277 289 (1568.000000 2072.000000 -234.000000) (1568.000000 2168.000000 -234.000000) (1616.000000 2168.000000 -234.000000) (1616.000000 2072.000000 -234.000000) 
4 277 286 (1568.000000 2168.000000 -234.000000) (1568.000000 2416.000000 -234.000000) (1616.000000 2416.000000 -234.000000) (1616.000000 2168.000000 -234.000000) 
4 277 285 (1616.000000 2416.000000 -234.000000) (1904.000000 2416.000000 -234.000000) (1904.000000 2072.000000 -234.000000) (1616.000000 2072.000000 -234.000000) 
4 277 283 (1708.000000 2072.000000 -234.000000) (1712.000000 2072.000000 -234.000000) (1712.000000 2072.000000 -230.000000) (1708.000000 2072.000000 -230.000000) 
4 277 284 (1568.000000 2072.000000 -234.000000) (1708.000000 2072.000000 -234.000000) (1708.000000 2072.000000 -230.000000) (1568.000000 2072.000000 -230.000000) 
4 277 282 (1716.000000 2072.000000 -234.000000) (1720.000000 2072.000000 -234.000000) (1720.000000 2072.000000 -230.000000) (1716.000000 2072.000000 -230.000000) 
4 277 281 (1720.000000 2072.000000 -234.000000) (1740.000000 2072.000000 -234.000000) (1740.000000 2072.000000 -230.000000) (1720.000000 2072.000000 -230.000000) 
4 277 278 (1744.000000 2072.000000 -234.000000) (1904.000000 2072.000000 -234.000000) (1904.000000 2072.000000 -230.000000) (1744.000000 2072.000000 -230.000000) 
3 278 292 (1752.000000 2064.000000 -234.000000) (1748.000000 2068.000000 -234.000000) (1752.000000 2068.000000 -234.000000) 
4 278 291 (1904.000000 2068.000000 -234.000000) (1904.000000 2064.000000 -234.000000) (1752.000000 2064.000000 -234.000000) (1752.000000 2068.000000 -234.000000) 
4 278 290 (1744.000000 2072.000000 -234.000000) (1904.000000 2072.000000 -234.000000) (1904.000000 2068.000000 -234.000000) (1748.000000 2068.000000 -234.000000) 
4 278 279 (1748.000000 2068.000000 -234.000000) (1752.000000 2064.000000 -234.000000) (1752.000000 2064.000000 -230.000000) (1748.000000 2068.000000 -230.000000) 
3 279 292 (1748.000000 2068.000000 -234.000000) (1752.000000 2064.000000 -234.000000) (1748.000000 2064.000000 -234.000000) 
4 280 294 (1736.000000 2064.000000 -234.000000) (1735.333333 2064.000000 -234.000000) (1735.333333 2067.333333 -234.000000) (1736.000000 2068.000000 -234.000000) 
3 280 295 (1735.333333 2064.000000 -234.000000) (1732.000000 2064.000000 -234.000000) (1735.333333 2067.333333 -234.000000) 
4 280 281 (1736.000000 2068.000000 -234.000000) (1732.000000 2064.000000 -234.000000) (1732.000000 2064.000000 -230.000000) (1736.000000 2068.000000 -230.000000) 
4 281 300 (1723.000000 2068.000000 -234.000000) (1723.000000 2064.000000 -234.000000) (1720.000000 2064.000000 -234.000000) (1720.000000 2068.000000 -234.000000) 
4 281 299 (1720.000000 2072.000000 -234.000000) (1723.000000 2072.000000 -234.000000) (1723.000000 2068.000000 -234.000000) (1720.000000 2068.000000 -234.000000) 
3 281 294 (1736.000000 2068.000000 -234.000000) (1735.333333 2067.333333 -234.000000) (1735.333333 2068.000000 -234.000000) 
5 281 295 (1735.333333 2067.333333 -234.000000) (1732.000000 2064.000000 -234.000000) (1723.000000 2064.000000 -234.000000) (1723.000000 2068.000000 -234.000000) (1735.333333 2068.000000 -234.000000) 
4 281 290 (1723.000000 2072.000000 -234.000000) (1740.000000 2072.000000 -234.000000) (1736.000000 2068.000000 -234.000000) (1723.000000 2068.000000 -234.000000) 
4 281 282 (1720.000000 2072.000000 -230.000000) (1720.000000 2072.000000 -234.000000) (1720.000000 2068.000000 -234.000000) (1720.000000 2068.000000 -230.000000) 
3 282 299 (1716.000000 2072.000000 -234.000000) (1720.000000 2072.000000 -234.000000) (1720.000000 2068.000000 -234.000000) 
3 283 299 (1708.000000 2072.000000 -234.000000) (1712.000000 2072.000000 -234.000000) (1708.000000 2068.000000 -234.000000) 
4 283 284 (1708.000000 2072.000000 -230.000000) (1708.000000 2072.000000 -234.000000) (1708.000000 2068.000000 -234.000000) (1708.000000 2068.000000 -230.000000) 
4 284 319 (1568.000000 2072.000000 -234.000000) (1568.000000 2064.000000 -234.000000) (1568.000000 2064.000000 -230.000000) (1568.000000 2072.000000 -230.000000) 
4 284 302 (1568.000000 2064.000000 -234.000000) (1568.000000 2068.000000 -234.000000) (1708.000000 2068.000000 -234.000000) (1708.000000 2064.000000 -234.000000) 
4 284 299 (1568.000000 2068.000000 -234.000000) (1568.000000 2072.000000 -234.000000) (1708.000000 2072.000000 -234.000000) (1708.000000 2068.000000 -234.000000) 
4 285 311 (1616.000000 2072.000000 -278.000000) (1616.000000 2072.000000 -312.000000) (1695.000000 2072.000000 -312.000000) (1695.000000 2072.000000 -278.000000) 
4 285 307 (1616.000000 2072.000000 -264.000000) (1616.000000 2072.000000 -278.000000) (1723.000000 2072.000000 -278.000000) (1723.000000 2072.000000 -264.000000) 
4 285 305 (1704.000000 2072.000000 -264.000000) (1708.000000 2072.000000 -264.000000) (1708.000000 2072.000000 -260.000000) (1704.000000 2072.000000 -260.000000) 
4 285 306 (1616.000000 2072.000000 -260.000000) (1616.000000 2072.000000 -264.000000) (1704.000000 2072.000000 -264.000000) (1704.000000 2072.000000 -260.000000) 
4 285 303 (1712.000000 2072.000000 -264.000000) (1723.000000 2072.000000 -264.000000) (1723.000000 2072.000000 -260.000000) (1712.000000 2072.000000 -260.000000) 
4 285 299 (1723.000000 2072.000000 -234.000000) (1616.000000 2072.000000 -234.000000) (1616.000000 2072.000000 -260.000000) (1723.000000 2072.000000 -260.000000) 
4 285 297 (1723.000000 2072.000000 -262.000000) (1723.000000 2072.000000 -296.000000) (1736.000000 2072.000000 -296.000000) (1736.000000 2072.000000 -262.000000) 
4 285 298 (1723.000000 2072.000000 -296.000000) (1723.000000 2072.000000 -312.000000) (1764.000000 2072.000000 -312.000000) (1764.000000 2072.000000 -296.000000) 
4 285 296 (1764.000000 2072.000000 -312.000000) (1904.000000 2072.000000 -312.000000) (1904.000000 2072.000000 -262.000000) (1764.000000 2072.000000 -262.000000) 
4 285 290 (1904.000000 2072.000000 -234.000000) (1723.000000 2072.000000 -234.000000) (1723.000000 2072.000000 -262.000000) (1904.000000 2072.000000 -262.000000) 
4 285 312 (1616.000000 2072.000000 -312.000000) (1616.000000 2072.000000 -344.000000) (1904.000000 2072.000000 -344.000000) (1904.000000 2072.000000 -312.000000) 
4 285 289 (1616.000000 2072.000000 -264.000000) (1616.000000 2072.000000 -234.000000) (1616.000000 2168.000000 -234.000000) (1616.000000 2168.000000 -264.000000) 
4 285 287 (1616.000000 2416.000000 -296.000000) (1616.000000 2416.000000 -344.000000) (1616.000000 2240.000000 -344.000000) (1616.000000 2240.000000 -296.000000) 
4 285 288 (1616.000000 2176.000000 -344.000000) (1616.000000 2168.000000 -344.000000) (1616.000000 2168.000000 -296.000000) (1616.000000 2176.000000 -296.000000) 
4 285 286 (1616.000000 2416.000000 -234.000000) (1616.000000 2416.000000 -296.000000) (1616.000000 2168.000000 -296.000000) (1616.000000 2168.000000 -234.000000) 
4 286 320 (1568.000000 2416.000000 -264.000000) (1568.000000 2416.000000 -296.000000) (1568.000000 2168.000000 -296.000000) (1568.000000 2168.000000 -264.000000) 
4 286 319 (1568.000000 2416.000000 -234.000000) (1568.000000 2416.000000 -264.000000) (1568.000000 2168.000000 -264.000000) (1568.000000 2168.000000 -234.000000) 
4 286 289 (1616.000000 2168.000000 -234.000000) (1568.000000 2168.000000 -234.000000) (1568.000000 2168.000000 -264.000000) (1616.000000 2168.000000 -264.000000) 
4 286 287 (1568.000000 2240.000000 -296.000000) (1568.000000 2416.000000 -296.000000) (1616.000000 2416.000000 -296.000000) (1616.000000 2240.000000 -296.000000) 
4 286 288 (1568.000000 2168.000000 -296.000000) (1568.000000 2176.000000 -296.000000) (1616.000000 2176.000000 -296.000000) (1616.000000 2168.000000 -296.000000) 
4 287 321 (1568.000000 2416.000000 -296.000000) (1568.000000 2416.000000 -344.000000) (1568.000000 2240.000000 -344.000000) (1568.000000 2240.000000 -296.000000) 
4 288 322 (1568.000000 2176.000000 -344.000000) (1568.000000 2168.000000 -344.000000) (1568.000000 2168.000000 -296.000000) (1568.000000 2176.000000 -296.000000) 
4 289 319 (1568.000000 2072.000000 -264.000000) (1568.000000 2072.000000 -234.000000) (1568.000000 2168.000000 -234.000000) (1568.000000 2168.000000 -264.000000) 
4 289 306 (1568.000000 2072.000000 -260.000000) (1568.000000 2072.000000 -264.000000) (1616.000000 2072.000000 -264.000000) (1616.000000 2072.000000 -260.000000) 
4 289 299 (1616.000000 2072.000000 -234.000000) (1568.000000 2072.000000 -234.000000) (1568.000000 2072.000000 -260.000000) (1616.000000 2072.000000 -260.000000) 
4 290 303 (1723.000000 2072.000000 -260.000000) (1723.000000 2072.000000 -262.000000) (1723.000000 2068.000000 -262.000000) (1723.000000 2068.000000 -260.000000) 
4 290 299 (1723.000000 2068.000000 -234.000000) (1723.000000 2072.000000 -234.000000) (1723.000000 2072.000000 -260.000000) (1723.000000 2068.000000 -260.000000) 
4 290 297 (1723.000000 2072.000000 -262.000000) (1736.000000 2072.000000 -262.000000) (1736.000000 2068.000000 -262.000000) (1723.000000 2068.000000 -262.000000) 
4 290 296 (1764.000000 2072.000000 -262.000000) (1904.000000 2072.000000 -262.000000) (1904.000000 2068.000000 -262.000000) (1764.000000 2068.000000 -262.000000) 
3 290 294 (1740.000000 2068.000000 -234.000000) (1735.333333 2068.000000 -234.000000) (1742.000000 2068.000000 -244.000000) 
6 290 295 (1723.000000 2068.000000 -234.000000) (1723.000000 2068.000000 -262.000000) (1748.000000 2068.000000 -262.000000) (1748.000000 2068.000000 -256.000000) (1746.000000 2068.000000 -250.000000) (1735.333333 2068.000000 -234.000000) 
4 290 293 (1750.000000 2068.000000 -250.000000) (1744.666667 2068.000000 -234.000000) (1744.000000 2068.000000 -234.000000) (1746.000000 2068.000000 -244.000000) 
3 290 292 (1752.000000 2068.000000 -256.000000) (1752.000000 2068.000000 -234.000000) (1744.666667 2068.000000 -234.000000) 
4 290 291 (1752.000000 2068.000000 -262.000000) (1904.000000 2068.000000 -262.000000) (1904.000000 2068.000000 -234.000000) (1752.000000 2068.000000 -234.000000) 
4 291 296 (1904.000000 2068.000000 -262.000000) (1904.000000 2064.000000 -262.000000) (1764.000000 2064.000000 -262.000000) (1764.000000 2068.000000 -262.000000) 
4 291 292 (1752.000000 2064.000000 -256.000000) (1752.000000 2064.000000 -234.000000) (1752.000000 2068.000000 -234.000000) (1752.000000 2068.000000 -256.000000) 
4 292 293 (1744.666667 2068.000000 -234.000000) (1750.000000 2068.000000 -250.000000) (1750.000000 2064.000000 -250.000000) (1744.666667 2064.000000 -234.000000) 
4 294 295 (1735.333333 2068.000000 -234.000000) (1742.000000 2068.000000 -244.000000) (1742.000000 2064.000000 -244.000000) (1735.333333 2064.000000 -234.000000) 
4 295 303 (1723.000000 2064.000000 -262.000000) (1723.000000 2064.000000 -260.000000) (1723.000000 2068.000000 -260.000000) (1723.000000 2068.000000 -262.000000) 
4 295 300 (1723.000000 2064.000000 -260.000000) (1723.000000 2064.000000 -234.000000) (1723.000000 2068.000000 -234.000000) (1723.000000 2068.000000 -260.000000) 
4 295 297 (1736.000000 2064.000000 -262.000000) (1723.000000 2064.000000 -262.000000) (1723.000000 2068.000000 -262.000000) (1736.000000 2068.000000 -262.000000) 
4 296 298 (1764.000000 2064.000000 -312.000000) (1764.000000 2064.000000 -296.000000) (1764.000000 2072.000000 -296.000000) (1764.000000 2072.000000 -312.000000) 
4 296 312 (1764.000000 2072.000000 -312.000000) (1904.000000 2072.000000 -312.000000) (1904.000000 2064.000000 -312.000000) (1764.000000 2064.000000 -312.000000) 
4 297 308 (1723.000000 2064.000000 -278.000000) (1723.000000 2064.000000 -264.000000) (1723.000000 2068.000000 -264.000000) (1723.000000 2068.000000 -278.000000) 
4 297 307 (1723.000000 2068.000000 -264.000000) (1723.000000 2072.000000 -264.000000) (1723.000000 2072.000000 -278.000000) (1723.000000 2068.000000 -278.000000) 
4 297 303 (1723.000000 2064.000000 -264.000000) (1723.000000 2064.000000 -262.000000) (1723.000000 2072.000000 -262.000000) (1723.000000 2072.000000 -264.000000) 
4 297 298 (1736.000000 2064.000000 -296.000000) (1723.000000 2064.000000 -296.000000) (1723.000000 2072.000000 -296.000000) (1736.000000 2072.000000 -296.000000) 
4 298 312 (1723.000000 2072.000000 -312.000000) (1764.000000 2072.000000 -312.000000) (1764.000000 2064.000000 -312.000000) (1723.000000 2064.000000 -312.000000) 
4 299 319 (1568.000000 2068.000000 -234.000000) (1568.000000 2072.000000 -234.000000) (1568.000000 2072.000000 -260.000000) (1568.000000 2068.000000 -260.000000) 
3 299 305 (1704.000000 2072.000000 -260.000000) (1708.000000 2072.000000 -260.000000) (1704.000000 2068.000000 -260.000000) 
4 299 306 (1568.000000 2068.000000 -260.000000) (1568.000000 2072.000000 -260.000000) (1704.000000 2072.000000 -260.000000) (1704.000000 2068.000000 -260.000000) 
4 299 303 (1712.000000 2072.000000 -260.000000) (1723.000000 2072.000000 -260.000000) (1723.000000 2068.000000 -260.000000) (1716.000000 2068.000000 -260.000000) 
5 299 302 (1712.000000 2068.000000 -234.000000) (1568.000000 2068.000000 -234.000000) (1568.000000 2068.000000 -260.000000) (1708.000000 2068.000000 -260.000000) (1712.000000 2068.000000 -240.000000) 
3 299 301 (1712.000000 2068.000000 -260.000000) (1716.000000 2068.000000 -260.000000) (1716.000000 2068.000000 -240.000000) 
4 299 300 (1723.000000 2068.000000 -260.000000) (1723.000000 2068.000000 -234.000000) (1716.000000 2068.000000 -234.000000) (1716.000000 2068.000000 -260.000000) 
3 300 304 (1716.000000 2068.000000 -260.000000) (1720.000000 2064.000000 -260.000000) (1716.000000 2064.000000 -260.000000) 
4 300 303 (1716.000000 2068.000000 -260.000000) (1723.000000 2068.000000 -260.000000) (1723.000000 2064.000000 -260.000000) (1720.000000 2064.000000 -260.000000) 
4 300 301 (1716.000000 2068.000000 -260.000000) (1716.000000 2064.000000 -260.000000) (1716.000000 2064.000000 -240.000000) (1716.000000 2068.000000 -240.000000) 
4 302 319 (1568.000000 2064.000000 -260.000000) (1568.000000 2064.000000 -234.000000) (1568.000000 2068.000000 -234.000000) (1568.000000 2068.000000 -260.000000) 
4 302 306 (1568.000000 2064.000000 -260.000000) (1568.000000 2068.000000 -260.000000) (1704.000000 2068.000000 -260.000000) (1704.000000 2064.000000 -260.000000) 
4 303 308 (1723.000000 2068.000000 -264.000000) (1723.000000 2064.000000 -264.000000) (1720.000000 2064.000000 -264.000000) (1716.000000 2068.000000 -264.000000) 
4 303 307 (1712.000000 2072.000000 -264.000000) (1723.000000 2072.000000 -264.000000) (1723.000000 2068.000000 -264.000000) (1716.000000 2068.000000 -264.000000) 
4 303 304 (1720.000000 2064.000000 -264.000000) (1720.000000 2064.000000 -260.000000) (1716.000000 2068.000000 -260.000000) (1716.000000 2068.000000 -264.000000) 
3 304 308 (1716.000000 2068.000000 -264.000000) (1720.000000 2064.000000 -264.000000) (1716.000000 2064.000000 -264.000000) 
3 305 307 (1704.000000 2072.000000 -264.000000) (1708.000000 2072.000000 -264.000000) (1704.000000 2068.000000 -264.000000) 
4 305 306 (1704.000000 2072.000000 -260.000000) (1704.000000 2072.000000 -264.000000) (1704.000000 2068.000000 -264.000000) (1704.000000 2068.000000 -260.000000) 
4 306 319 (1568.000000 2064.000000 -264.000000) (1568.000000 2064.000000 -260.000000) (1568.000000 2072.000000 -260.000000) (1568.000000 2072.000000 -264.000000) 
4 306 310 (1568.000000 2064.000000 -264.000000) (1568.000000 2068.000000 -264.000000) (1704.000000 2068.000000 -264.000000) (1704.000000 2064.000000 -264.000000) 
4 306 307 (1568.000000 2068.000000 -264.000000) (1568.000000 2072.000000 -264.000000) (1704.000000 2072.000000 -264.000000) (1704.000000 2068.000000 -264.000000) 
4 307 323 (1568.000000 2068.000000 -264.000000) (1568.000000 2072.000000 -264.000000) (1568.000000 2072.000000 -278.000000) (1568.000000 2068.000000 -278.000000) 
4 307 311 (1568.000000 2068.000000 -278.000000) (1568.000000 2072.000000 -278.000000) (1695.000000 2072.000000 -278.000000) (1695.000000 2068.000000 -278.000000) 
3 307 309 (1708.000000 2068.000000 -264.000000) (1707.000000 2068.000000 -264.000000) (1707.000000 2068.000000 -272.000000) 
4 307 310 (1568.000000 2068.000000 -278.000000) (1707.000000 2068.000000 -278.000000) (1707.000000 2068.000000 -264.000000) (1568.000000 2068.000000 -264.000000) 
5 307 308 (1711.000000 2068.000000 -278.000000) (1723.000000 2068.000000 -278.000000) (1723.000000 2068.000000 -264.000000) (1712.000000 2068.000000 -264.000000) (1711.000000 2068.000000 -272.000000) 
4 309 310 (1707.000000 2068.000000 -264.000000) (1707.000000 2068.000000 -272.000000) (1707.000000 2064.000000 -272.000000) (1707.000000 2064.000000 -264.000000) 
4 310 323 (1568.000000 2064.000000 -278.000000) (1568.000000 2064.000000 -264.000000) (1568.000000 2068.000000 -264.000000) (1568.000000 2068.000000 -278.000000) 
4 310 311 (1695.000000 2064.000000 -278.000000) (1568.000000 2064.000000 -278.000000) (1568.000000 2068.000000 -278.000000) (1695.000000 2068.000000 -278.000000) 
4 311 323 (1568.000000 2064.000000 -312.000000) (1568.000000 2064.000000 -278.000000) (1568.000000 2072.000000 -278.000000) (1568.000000 2072.000000 -312.000000) 
4 311 312 (1568.000000 2064.000000 -312.000000) (1568.000000 2072.000000 -312.000000) (1695.000000 2072.000000 -312.000000) (1695.000000 2064.000000 -312.000000) 
4 312 323 (1568.000000 2072.000000 -344.000000) (1568.000000 2064.000000 -344.000000) (1568.000000 2064.000000 -312.000000) (1568.000000 2072.000000 -312.000000) 
3 313 328 (1472.000000 2400.000000 -176.000000) (1472.000000 2396.000000 -176.000000) (1472.000000 2400.000000 -172.000000) 
5 313 326 (1472.000000 2404.000000 -168.000000) (1472.000000 2407.552240 -168.000000) (1472.000000 2403.654653 -176.000000) (1472.000000 2400.000000 -176.000000) (1472.000000 2400.000000 -172.000000) 
4 313 325 (1472.000000 2407.552240 -168.000000) (1472.000000 2416.000000 -168.000000) (1472.000000 2416.000000 -176.000000) (1472.000000 2403.654653 -176.000000) 
4 313 314 (1472.000000 2404.000000 -168.000000) (1472.000000 2400.000000 -172.000000) (1568.000000 2400.000000 -172.000000) (1568.000000 2404.000000 -168.000000) 
4 313 316 (1472.000000 2396.000000 -176.000000) (1472.000000 2416.000000 -176.000000) (1568.000000 2416.000000 -176.000000) (1568.000000 2396.000000 -176.000000) 
3 314 326 (1472.000000 2400.000000 -168.000000) (1472.000000 2404.000000 -168.000000) (1472.000000 2400.000000 -172.000000) 
3 315 337 (1472.000000 2380.000000 -168.000000) (1472.000000 2384.000000 -168.000000) (1472.000000 2384.000000 -172.000000) 
4 315 318 (1472.000000 2380.000000 -168.000000) (1472.000000 2384.000000 -172.000000) (1568.000000 2384.000000 -172.000000) (1568.000000 2380.000000 -168.000000) 
3 316 330 (1472.000000 2400.000000 -188.000000) (1472.000000 2388.000000 -176.000000) (1472.000000 2400.000000 -176.000000) 
3 316 326 (1472.000000 2400.000000 -183.501366) (1472.000000 2400.000000 -176.000000) (1472.000000 2403.654653 -176.000000) 
5 316 325 (1472.000000 2416.000000 -176.000000) (1472.000000 2416.000000 -204.000000) (1472.000000 2400.000000 -188.000000) (1472.000000 2400.000000 -183.501366) (1472.000000 2403.654653 -176.000000) 
5 316 318 (1472.000000 2388.000000 -176.000000) (1472.000000 2416.000000 -204.000000) (1564.000000 2416.000000 -204.000000) (1568.000000 2412.000000 -200.000000) (1568.000000 2388.000000 -176.000000) 
3 316 317 (1564.000000 2416.000000 -204.000000) (1568.000000 2416.000000 -204.000000) (1568.000000 2412.000000 -200.000000) 
4 317 319 (1552.000000 2416.000000 -216.000000) (1568.000000 2416.000000 -216.000000) (1568.000000 2064.000000 -216.000000) (1552.000000 2064.000000 -216.000000) 
5 317 318 (1568.000000 2412.000000 -200.000000) (1564.000000 2416.000000 -204.000000) (1552.000000 2416.000000 -216.000000) (1552.000000 2288.000000 -216.000000) (1568.000000 2304.000000 -200.000000) 
5 318 339 (1472.000000 2336.000000 -168.000000) (1472.000000 2376.447760 -168.000000) (1472.000000 2384.000000 -183.501366) (1472.000000 2384.000000 -216.000000) (1472.000000 2288.000000 -216.000000) 
4 318 337 (1472.000000 2376.447760 -168.000000) (1472.000000 2380.000000 -168.000000) (1472.000000 2384.000000 -172.000000) (1472.000000 2384.000000 -183.501366) 
3 318 329 (1472.000000 2384.000000 -172.000000) (1472.000000 2388.000000 -176.000000) (1472.000000 2384.000000 -176.000000) 
5 318 330 (1472.000000 2388.000000 -176.000000) (1472.000000 2400.000000 -188.000000) (1472.000000 2400.000000 -216.000000) (1472.000000 2384.000000 -216.000000) (1472.000000 2384.000000 -176.000000) 
4 318 325 (1472.000000 2400.000000 -188.000000) (1472.000000 2416.000000 -204.000000) (1472.000000 2416.000000 -216.000000) (1472.000000 2400.000000 -216.000000) 
4 318 324 (1472.000000 2416.000000 -216.000000) (1552.000000 2416.000000 -216.000000) (1552.000000 2288.000000 -216.000000) (1472.000000 2288.000000 -216.000000) 
4 319 324 (1552.000000 2288.000000 -216.000000) (1552.000000 2416.000000 -216.000000) (1552.000000 2416.000000 -264.000000) (1552.000000 2288.000000 -264.000000) 
4 319 323 (1568.000000 2072.000000 -264.000000) (1568.000000 2064.000000 -264.000000) (1552.000000 2064.000000 -264.000000) (1552.000000 2072.000000 -264.000000) 
4 319 320 (1552.000000 2416.000000 -264.000000) (1568.000000 2416.000000 -264.000000) (1568.000000 2168.000000 -264.000000) (1552.000000 2168.000000 -264.000000) 
4 320 324 (1552.000000 2288.000000 -264.000000) (1552.000000 2416.000000 -264.000000) (1552.000000 2416.000000 -296.000000) (1552.000000 2288.000000 -296.000000) 
4 320 321 (1552.000000 2240.000000 -296.000000) (1552.000000 2416.000000 -296.000000) (1568.000000 2416.000000 -296.000000) (1568.000000 2240.000000 -296.000000) 
4 320 322 (1552.000000 2168.000000 -296.000000) (1552.000000 2176.000000 -296.000000) (1568.000000 2176.000000 -296.000000) (1568.000000 2168.000000 -296.000000) 
4 321 324 (1552.000000 2416.000000 -296.000000) (1552.000000 2416.000000 -344.000000) (1552.000000 2288.000000 -344.000000) (1552.000000 2288.000000 -296.000000) 
4 324 380 (1472.000000 2416.000000 -304.000000) (1472.000000 2416.000000 -344.000000) (1472.000000 2288.000000 -344.000000) (1472.000000 2288.000000 -304.000000) 
4 324 339 (1472.000000 2288.000000 -216.000000) (1472.000000 2384.000000 -216.000000) (1472.000000 2384.000000 -304.000000) (1472.000000 2288.000000 -304.000000) 
4 324 330 (1472.000000 2384.000000 -216.000000) (1472.000000 2400.000000 -216.000000) (1472.000000 2400.000000 -304.000000) (1472.000000 2384.000000 -304.000000) 
4 324 325 (1472.000000 2400.000000 -216.000000) (1472.000000 2416.000000 -216.000000) (1472.000000 2416.000000 -304.000000) (1472.000000 2400.000000 -304.000000) 
4 325 380 (1296.000000 2416.000000 -304.000000) (1472.000000 2416.000000 -304.000000) (1472.000000 2400.000000 -304.000000) (1296.000000 2400.000000 -304.000000) 
5 325 349 (1242.000000 2403.422680 -292.000000) (1236.071429 2400.000000 -280.142857) (1227.000000 2400.000000 -262.000000) (1227.000000 2416.000000 -262.000000) (1246.357584 2416.000000 -300.715168) 
4 325 347 (1227.000000 2400.000000 -262.000000) (1176.000000 2400.000000 -160.000000) (1176.000000 2416.000000 -160.000000) (1227.000000 2416.000000 -262.000000) 
4 325 361 (1248.000000 2416.000000 -304.000000) (1248.000000 2406.886598 -304.000000) (1242.000000 2403.422680 -292.000000) (1246.357584 2416.000000 -300.715168) 
3 325 363 (1248.000000 2406.886598 -304.000000) (1248.000000 2400.000000 -304.000000) (1236.071429 2400.000000 -280.142857) 
4 325 340 (1192.000000 2408.000000 -128.000000) (1192.000000 2416.000000 -128.000000) (1184.000000 2416.000000 -144.000000) (1184.000000 2400.000000 -144.000000) 
4 325 341 (1184.000000 2416.000000 -144.000000) (1176.000000 2416.000000 -160.000000) (1176.000000 2400.000000 -160.000000) (1184.000000 2400.000000 -144.000000) 
6 325 336 (1176.000000 2400.000000 -160.000000) (1248.000000 2400.000000 -304.000000) (1459.744681 2400.000000 -304.000000) (1428.200000 2400.000000 -173.390000) (1266.235538 2400.000000 -136.000000) (1188.000000 2400.000000 -136.000000) 
4 325 332 (1266.235538 2400.000000 -136.000000) (1248.908502 2400.000000 -132.000000) (1190.000000 2400.000000 -132.000000) (1188.000000 2400.000000 -136.000000) 
3 325 331 (1443.790000 2400.000000 -176.989000) (1428.200000 2400.000000 -173.390000) (1432.400000 2400.000000 -190.780000) 
5 325 330 (1459.744681 2400.000000 -304.000000) (1472.000000 2400.000000 -304.000000) (1472.000000 2400.000000 -183.501366) (1443.790000 2400.000000 -176.989000) (1432.400000 2400.000000 -190.780000) 
4 325 326 (1472.000000 2400.000000 -183.501366) (1472.000000 2407.552240 -168.000000) (1454.499038 2407.521712 -164.022509) (1443.790000 2400.000000 -176.989000) 
4 325 327 (1424.278776 2407.468997 -157.154267) (1296.000000 2407.245233 -128.000000) (1231.581467 2400.000000 -128.000000) (1428.200000 2400.000000 -173.390000) 
4 326 328 (1472.000000 2400.000000 -176.000000) (1472.000000 2400.000000 -172.000000) (1451.717535 2400.000000 -167.390349) (1448.936033 2400.000000 -170.758189) 
4 326 330 (1472.000000 2400.000000 -183.501366) (1472.000000 2400.000000 -176.000000) (1448.936033 2400.000000 -170.758189) (1443.790000 2400.000000 -176.989000) 
4 327 334 (1313.600000 2400.000000 -136.000000) (1296.000000 2400.000000 -136.000000) (1426.323137 2400.000000 -165.618895) (1425.300957 2400.000000 -161.386581) 
4 327 336 (1296.000000 2400.000000 -136.000000) (1266.235538 2400.000000 -136.000000) (1428.200000 2400.000000 -173.390000) (1426.323137 2400.000000 -165.618895) 
4 327 332 (1296.000000 2400.000000 -132.000000) (1248.908502 2400.000000 -132.000000) (1266.235538 2400.000000 -136.000000) (1313.600000 2400.000000 -136.000000) 
4 328 330 (1448.936033 2400.000000 -170.758189) (1472.000000 2400.000000 -176.000000) (1472.000000 2396.000000 -176.000000) (1448.936033 2396.000000 -170.758189) 
4 329 337 (1472.000000 2384.000000 -176.000000) (1472.000000 2384.000000 -172.000000) (1451.717535 2384.000000 -167.390349) (1448.936033 2384.000000 -170.758189) 
4 329 330 (1472.000000 2388.000000 -176.000000) (1472.000000 2384.000000 -176.000000) (1448.936033 2384.000000 -170.758189) (1448.936033 2388.000000 -170.758189) 
4 330 380 (1472.000000 2400.000000 -304.000000) (1472.000000 2384.000000 -304.000000) (1459.744681 2384.000000 -304.000000) (1459.744681 2400.000000 -304.000000) 
5 330 339 (1459.744681 2384.000000 -304.000000) (1472.000000 2384.000000 -304.000000) (1472.000000 2384.000000 -183.501366) (1443.790000 2384.000000 -176.989000) (1432.400000 2384.000000 -190.780000) 
4 330 337 (1472.000000 2384.000000 -183.501366) (1472.000000 2384.000000 -176.000000) (1448.936033 2384.000000 -170.758189) (1443.790000 2384.000000 -176.989000) 
4 330 336 (1459.744681 2400.000000 -304.000000) (1459.744681 2384.000000 -304.000000) (1432.400000 2384.000000 -190.780000) (1432.400000 2400.000000 -190.780000) 
4 330 331 (1443.790000 2400.000000 -176.989000) (1432.400000 2400.000000 -190.780000) (1432.400000 2384.000000 -190.780000) (1443.790000 2384.000000 -176.989000) 
3 331 339 (1428.200000 2384.000000 -173.390000) (1432.400000 2384.000000 -190.780000) (1443.790000 2384.000000 -176.989000) 
4 331 336 (1432.400000 2384.000000 -190.780000) (1428.200000 2384.000000 -173.390000) (1428.200000 2400.000000 -173.390000) (1432.400000 2400.000000 -190.780000) 
3 332 334 (1296.000000 2400.000000 -136.000000) (1313.600000 2400.000000 -136.000000) (1296.000000 2396.000000 -136.000000) 
4 332 336 (1188.000000 2400.000000 -136.000000) (1296.000000 2400.000000 -136.000000) (1296.000000 2396.000000 -136.000000) (1188.000000 2396.000000 -136.000000) 
4 333 339 (1190.000000 2384.000000 -132.000000) (1188.000000 2384.000000 -136.000000) (1266.235538 2384.000000 -136.000000) (1248.908502 2384.000000 -132.000000) 
4 333 338 (1266.235538 2384.000000 -136.000000) (1313.600000 2384.000000 -136.000000) (1296.000000 2384.000000 -132.000000) (1248.908502 2384.000000 -132.000000) 
3 333 335 (1313.600000 2384.000000 -136.000000) (1296.000000 2384.000000 -136.000000) (1296.000000 2388.000000 -136.000000) 
4 333 336 (1296.000000 2384.000000 -136.000000) (1188.000000 2384.000000 -136.000000) (1188.000000 2388.000000 -136.000000) (1296.000000 2388.000000 -136.000000) 
4 334 336 (1296.000000 2396.000000 -136.000000) (1296.000000 2400.000000 -136.000000) (1426.323137 2400.000000 -165.618895) (1426.323137 2396.000000 -165.618895) 
4 335 338 (1426.323137 2384.000000 -165.618895) (1425.300957 2384.000000 -161.386581) (1313.600000 2384.000000 -136.000000) (1296.000000 2384.000000 -136.000000) 
4 335 336 (1296.000000 2384.000000 -136.000000) (1296.000000 2388.000000 -136.000000) (1426.323137 2388.000000 -165.618895) (1426.323137 2384.000000 -165.618895) 
4 336 380 (1459.744681 2384.000000 -304.000000) (1296.000000 2384.000000 -304.000000) (1296.000000 2400.000000 -304.000000) (1459.744681 2400.000000 -304.000000) 
3 336 349 (1227.000000 2400.000000 -262.000000) (1236.071429 2400.000000 -280.142857) (1227.000000 2394.762887 -262.000000) 
5 336 347 (1208.357143 2384.000000 -224.714286) (1176.000000 2384.000000 -160.000000) (1176.000000 2400.000000 -160.000000) (1227.000000 2400.000000 -262.000000) (1227.000000 2394.762887 -262.000000) 
4 336 363 (1248.000000 2400.000000 -304.000000) (1248.000000 2384.000000 -304.000000) (1208.357143 2384.000000 -224.714286) (1236.071429 2400.000000 -280.142857) 
4 336 341 (1184.000000 2400.000000 -144.000000) (1176.000000 2400.000000 -160.000000) (1176.000000 2392.000000 -160.000000) (1184.000000 2384.000000 -144.000000) 
3 336 342 (1176.000000 2392.000000 -160.000000) (1176.000000 2384.000000 -160.000000) (1184.000000 2384.000000 -144.000000) 
6 336 339 (1188.000000 2384.000000 -136.000000) (1176.000000 2384.000000 -160.000000) (1248.000000 2384.000000 -304.000000) (1459.744681 2384.000000 -304.000000) (1428.200000 2384.000000 -173.390000) (1266.235538 2384.000000 -136.000000) 
4 336 338 (1428.200000 2384.000000 -173.390000) (1426.323137 2384.000000 -165.618895) (1296.000000 2384.000000 -136.000000) (1266.235538 2384.000000 -136.000000) 
4 337 339 (1443.790000 2384.000000 -176.989000) (1472.000000 2384.000000 -183.501366) (1472.000000 2376.447760 -168.000000) (1454.499038 2376.478288 -164.022509) 
4 338 339 (1231.581467 2384.000000 -128.000000) (1428.200000 2384.000000 -173.390000) (1424.278776 2376.531003 -157.154267) (1296.000000 2376.754767 -128.000000) 
4 339 380 (1472.000000 2384.000000 -304.000000) (1472.000000 2288.000000 -304.000000) (1296.000000 2288.000000 -304.000000) (1296.000000 2384.000000 -304.000000) 
3 339 347 (1176.000000 2365.319588 -160.000000) (1176.000000 2384.000000 -160.000000) (1208.357143 2384.000000 -224.714286) 
6 339 363 (1248.000000 2384.000000 -304.000000) (1248.000000 2288.000000 -304.000000) (1184.000000 2288.000000 -176.000000) (1176.000000 2304.000000 -160.000000) (1176.000000 2365.319588 -160.000000) (1208.357143 2384.000000 -224.714286) 
5 339 342 (1176.000000 2304.000000 -160.000000) (1192.000000 2336.000000 -128.000000) (1192.000000 2376.000000 -128.000000) (1184.000000 2384.000000 -144.000000) (1176.000000 2384.000000 -160.000000) 
4 340 347 (1164.000000 2416.000000 -136.000000) (1168.000000 2416.000000 -144.000000) (1168.000000 2400.000000 -144.000000) (1164.000000 2404.000000 -136.000000) 
4 340 343 (1160.000000 2408.000000 -128.000000) (1160.000000 2416.000000 -128.000000) (1164.000000 2416.000000 -136.000000) (1164.000000 2404.000000 -136.000000) 
4 340 341 (1168.000000 2400.000000 -144.000000) (1168.000000 2416.000000 -144.000000) (1184.000000 2416.000000 -144.000000) (1184.000000 2400.000000 -144.000000) 
4 341 347 (1168.000000 2416.000000 -144.000000) (1176.000000 2416.000000 -160.000000) (1176.000000 2392.000000 -160.000000) (1168.000000 2384.000000 -144.000000) 
3 341 342 (1168.000000 2384.000000 -144.000000) (1176.000000 2392.000000 -160.000000) (1184.000000 2384.000000 -144.000000) 
4 342 347 (1164.000000 2358.391753 -136.000000) (1164.000000 2380.000000 -136.000000) (1176.000000 2392.000000 -160.000000) (1176.000000 2365.319588 -160.000000) 
4 342 363 (1176.000000 2304.000000 -160.000000) (1164.000000 2328.000000 -136.000000) (1164.000000 2358.391753 -136.000000) (1176.000000 2365.319588 -160.000000) 
4 342 346 (1164.000000 2328.000000 -136.000000) (1160.000000 2336.000000 -128.000000) (1160.000000 2376.000000 -128.000000) (1164.000000 2380.000000 -136.000000) 
4 343 364 (928.000000 2408.000000 -128.000000) (928.000000 2416.000000 -128.000000) (924.000000 2416.000000 -136.000000) (924.000000 2404.000000 -136.000000) 
3 343 354 (988.939384 2396.000000 -136.000000) (988.000000 2396.000000 -136.000000) (988.000000 2397.627222 -136.000000) 
5 343 347 (988.000000 2416.000000 -136.000000) (1164.000000 2416.000000 -136.000000) (1164.000000 2396.000000 -136.000000) (988.939384 2396.000000 -136.000000) (988.000000 2397.627222 -136.000000) 
4 343 362 (924.000000 2396.000000 -136.000000) (924.000000 2416.000000 -136.000000) (988.000000 2416.000000 -136.000000) (988.000000 2396.000000 -136.000000) 
4 343 344 (1162.000000 2400.000000 -132.000000) (1160.000000 2404.000000 -128.000000) (928.000000 2404.000000 -128.000000) (926.000000 2400.000000 -132.000000) 
4 345 354 (988.000000 2388.000000 -136.000000) (993.557729 2388.000000 -136.000000) (995.866902 2384.000000 -136.000000) (988.000000 2384.000000 -136.000000) 
4 345 347 (993.557729 2388.000000 -136.000000) (1164.000000 2388.000000 -136.000000) (1164.000000 2384.000000 -136.000000) (995.866902 2384.000000 -136.000000) 
4 345 362 (924.000000 2384.000000 -136.000000) (924.000000 2388.000000 -136.000000) (988.000000 2388.000000 -136.000000) (988.000000 2384.000000 -136.000000) 
4 345 346 (924.000000 2384.000000 -136.000000) (1164.000000 2384.000000 -136.000000) (1162.000000 2384.000000 -132.000000) (926.000000 2384.000000 -132.000000) 
4 346 370 (924.000000 2328.000000 -136.000000) (928.000000 2336.000000 -128.000000) (928.000000 2376.000000 -128.000000) (924.000000 2380.000000 -136.000000) 
4 346 356 (1024.000000 2328.000000 -136.000000) (988.000000 2328.000000 -136.000000) (988.000000 2334.000000 -136.000000) (1018.000000 2334.000000 -136.000000) 
3 346 355 (988.000000 2334.000000 -136.000000) (988.000000 2364.000000 -136.000000) (1018.000000 2334.000000 -136.000000) 
5 346 354 (988.000000 2384.000000 -136.000000) (995.866902 2384.000000 -136.000000) (1028.195318 2328.000000 -136.000000) (1024.000000 2328.000000 -136.000000) (988.000000 2364.000000 -136.000000) 
5 346 347 (995.866902 2384.000000 -136.000000) (1164.000000 2384.000000 -136.000000) (1164.000000 2358.391753 -136.000000) (1111.357143 2328.000000 -136.000000) (1028.195318 2328.000000 -136.000000) 
4 346 362 (924.000000 2328.000000 -136.000000) (924.000000 2384.000000 -136.000000) (988.000000 2384.000000 -136.000000) (988.000000 2328.000000 -136.000000) 
3 346 363 (1164.000000 2358.391753 -136.000000) (1164.000000 2328.000000 -136.000000) (1111.357143 2328.000000 -136.000000) 
5 347 354 (1030.000000 2324.874757 -139.125243) (1028.195318 2328.000000 -136.000000) (988.000000 2397.627222 -136.000000) (988.000000 2397.662222 -262.000000) (1030.000000 2324.908889 -262.000000) 
4 347 353 (1048.998557 2291.999167 -262.000000) (1048.987733 2291.992918 -172.007082) (1030.000000 2324.874757 -139.125243) (1030.000000 2324.908889 -262.000000) 
4 347 351 (1097.498557 2319.999167 -262.000000) (1048.998557 2291.999167 -262.000000) (1043.000000 2302.390000 -262.000000) (1091.500000 2330.390000 -262.000000) 
4 347 350 (1034.000000 2317.980000 -262.000000) (1028.001443 2328.370833 -262.000000) (1076.501443 2356.370833 -262.000000) (1082.500000 2345.980000 -262.000000) 
5 347 349 (1179.787679 2416.000000 -262.000000) (1227.000000 2416.000000 -262.000000) (1227.000000 2394.762887 -262.000000) (1097.498557 2319.999167 -262.000000) (1076.501443 2356.370833 -262.000000) 
4 347 348 (988.000000 2397.662222 -262.000000) (988.000000 2416.000000 -262.000000) (1179.787679 2416.000000 -262.000000) (1028.001443 2328.370833 -262.000000) 
5 347 363 (1227.000000 2394.762887 -262.000000) (1164.000000 2358.391753 -136.000000) (1111.357143 2328.000000 -136.000000) (1049.000000 2292.000000 -172.000000) (1049.000000 2292.000000 -262.000000) 
4 347 362 (988.000000 2397.627222 -136.000000) (988.000000 2416.000000 -136.000000) (988.000000 2416.000000 -262.000000) (988.000000 2397.662222 -262.000000) 
4 348 354 (988.000000 2397.673889 -304.000000) (1028.006495 2328.373750 -304.000000) (1028.001443 2328.370833 -262.000000) (988.000000 2397.662222 -262.000000) 
4 348 352 (1028.005052 2328.372916 -292.000000) (1028.006495 2328.373750 -304.000000) (1076.506495 2356.373750 -304.000000) (1076.505052 2356.372916 -292.000000) 
4 348 350 (1028.001443 2328.370833 -262.000000) (1028.002887 2328.371666 -274.000000) (1076.502887 2356.371666 -274.000000) (1076.501443 2356.370833 -262.000000) 
4 348 349 (1076.506495 2356.373750 -304.000000) (1179.787679 2416.000000 -304.000000) (1179.787679 2416.000000 -262.000000) (1076.501443 2356.370833 -262.000000) 
4 348 362 (988.000000 2416.000000 -262.000000) (988.000000 2416.000000 -304.000000) (988.000000 2397.673889 -304.000000) (988.000000 2397.662222 -262.000000) 
3 349 351 (1097.498557 2319.999167 -262.000000) (1091.500000 2330.390000 -262.000000) (1097.500000 2320.000000 -274.000000) 
3 349 352 (1076.505052 2356.372916 -292.000000) (1076.506495 2356.373750 -304.000000) (1082.505052 2345.982916 -304.000000) 
3 349 350 (1082.500000 2345.980000 -262.000000) (1076.501443 2356.370833 -262.000000) (1076.502887 2356.371666 -274.000000) 
5 349 361 (1242.000000 2403.422680 -292.000000) (1097.502165 2320.001250 -292.000000) (1091.505052 2330.392916 -304.000000) (1239.788750 2416.000000 -304.000000) (1246.357584 2416.000000 -300.715168) 
4 349 363 (1242.000000 2403.422680 -292.000000) (1227.000000 2394.762887 -262.000000) (1097.498557 2319.999167 -262.000000) (1097.502165 2320.001250 -292.000000) 
4 350 354 (1030.000000 2324.908889 -262.000000) (1028.001443 2328.370833 -262.000000) (1028.002887 2328.371666 -274.000000) (1030.000000 2324.911112 -270.003851) 
3 350 353 (1034.000000 2317.980000 -262.000000) (1030.000000 2324.908889 -262.000000) (1030.000000 2324.911112 -270.003851) 
3 351 353 (1049.000000 2292.000000 -274.000000) (1048.998557 2291.999167 -262.000000) (1043.000000 2302.390000 -262.000000) 
4 351 363 (1097.498557 2319.999167 -262.000000) (1049.000000 2292.000000 -262.000000) (1049.000000 2292.000000 -274.000000) (1097.500000 2320.000000 -274.000000) 
4 352 354 (1028.006495 2328.373750 -304.000000) (1030.000000 2324.920556 -304.000000) (1030.000000 2324.918331 -295.989897) (1028.005052 2328.372916 -292.000000) 
3 352 353 (1030.000000 2324.920556 -304.000000) (1034.005052 2317.982916 -304.000000) (1030.000000 2324.918331 -295.989897) 
5 353 357 (1030.000000 2304.000000 -304.000000) (1030.000000 2294.884845 -304.000000) (1030.000000 2292.000000 -301.501202) (1030.000000 2292.000000 -248.000000) (1030.000000 2304.000000 -248.000000) 
4 353 356 (1030.000000 2292.000000 -248.000000) (1030.000000 2292.000000 -172.000000) (1030.000000 2322.000000 -142.000000) (1030.000000 2322.000000 -248.000000) 
4 353 354 (1030.000000 2324.874757 -139.125243) (1030.000000 2324.920556 -304.000000) (1030.000000 2322.000000 -304.000000) (1030.000000 2322.000000 -142.000000) 
4 353 361 (1049.000000 2292.000000 -292.000000) (1030.000000 2292.000000 -301.501202) (1030.000000 2294.884845 -304.000000) (1043.005052 2302.392916 -304.000000) 
4 353 360 (1030.000000 2292.000000 -301.501202) (1049.000000 2292.000000 -292.000000) (1049.000000 2292.000000 -172.000000) (1030.000000 2292.000000 -172.000000) 
5 354 356 (1030.000000 2322.000000 -248.000000) (1030.000000 2322.000000 -142.000000) (1024.000000 2328.000000 -136.000000) (1018.000000 2334.000000 -136.000000) (1018.000000 2334.000000 -248.000000) 
4 354 355 (988.000000 2364.000000 -304.000000) (1018.000000 2334.000000 -304.000000) (1018.000000 2334.000000 -136.000000) (988.000000 2364.000000 -136.000000) 
4 354 362 (988.000000 2364.000000 -136.000000) (988.000000 2397.627222 -136.000000) (988.000000 2397.673889 -304.000000) (988.000000 2364.000000 -304.000000) 
4 355 358 (988.000000 2334.000000 -248.000000) (988.000000 2334.000000 -304.000000) (1000.000000 2334.000000 -304.000000) (1000.000000 2334.000000 -248.000000) 
4 355 356 (988.000000 2334.000000 -136.000000) (988.000000 2334.000000 -248.000000) (1018.000000 2334.000000 -248.000000) (1018.000000 2334.000000 -136.000000) 
4 355 362 (988.000000 2334.000000 -136.000000) (988.000000 2364.000000 -136.000000) (988.000000 2364.000000 -304.000000) (988.000000 2334.000000 -304.000000) 
3 356 358 (988.000000 2334.000000 -248.000000) (1000.000000 2334.000000 -248.000000) (988.000000 2322.000000 -248.000000) 
3 356 357 (1030.000000 2304.000000 -248.000000) (1030.000000 2292.000000 -248.000000) (1018.000000 2292.000000 -248.000000) 
4 356 359 (1000.000000 2292.000000 -248.000000) (1000.000000 2292.000000 -172.000000) (988.000000 2304.000000 -160.000000) (988.000000 2304.000000 -248.000000) 
5 356 362 (988.000000 2304.000000 -160.000000) (988.000000 2328.000000 -136.000000) (988.000000 2334.000000 -136.000000) (988.000000 2334.000000 -248.000000) (988.000000 2304.000000 -248.000000) 
4 356 360 (1030.000000 2292.000000 -248.000000) (1030.000000 2292.000000 -172.000000) (1000.000000 2292.000000 -172.000000) (1000.000000 2292.000000 -248.000000) 
5 357 360 (1018.000000 2292.000000 -304.000000) (1025.003036 2292.000000 -304.000000) (1030.000000 2292.000000 -301.501202) (1030.000000 2292.000000 -248.000000) (1018.000000 2292.000000 -248.000000) 
3 357 361 (1030.000000 2292.000000 -301.501202) (1025.003036 2292.000000 -304.000000) (1030.000000 2294.884845 -304.000000) 
4 358 362 (988.000000 2334.000000 -248.000000) (988.000000 2334.000000 -304.000000) (988.000000 2322.000000 -304.000000) (988.000000 2322.000000 -248.000000) 
4 359 360 (988.000000 2292.000000 -172.000000) (988.000000 2292.000000 -304.000000) (1000.000000 2292.000000 -304.000000) (1000.000000 2292.000000 -172.000000) 
4 359 362 (988.000000 2292.000000 -172.000000) (988.000000 2304.000000 -160.000000) (988.000000 2304.000000 -304.000000) (988.000000 2292.000000 -304.000000) 
4 360 361 (1049.000000 2292.000000 -292.000000) (1042.071429 2288.000000 -292.000000) (1018.074464 2288.000000 -304.000000) (1025.003036 2292.000000 -304.000000) 
4 360 363 (1049.000000 2292.000000 -172.000000) (1042.071429 2288.000000 -176.000000) (1042.071429 2288.000000 -292.000000) (1049.000000 2292.000000 -292.000000) 
4 360 362 (988.000000 2288.000000 -304.000000) (988.000000 2288.000000 -176.000000) (988.000000 2292.000000 -172.000000) (988.000000 2292.000000 -304.000000) 
4 361 363 (1042.071429 2288.000000 -304.000000) (1248.000000 2406.886598 -304.000000) (1242.000000 2403.422680 -292.000000) (1042.071429 2288.000000 -292.000000) 
4 362 376 (840.000000 2288.000000 -304.000000) (864.000000 2288.000000 -256.000000) (864.000000 2416.000000 -256.000000) (840.000000 2416.000000 -304.000000) 
4 362 375 (870.000000 2288.000000 -244.000000) (904.000000 2288.000000 -176.000000) (912.000000 2304.000000 -160.000000) (912.000000 2372.000000 -160.000000) 
5 362 371 (864.000000 2288.000000 -256.000000) (870.000000 2288.000000 -244.000000) (912.000000 2372.000000 -160.000000) (912.000000 2416.000000 -160.000000) (864.000000 2416.000000 -256.000000) 
3 362 369 (920.000000 2400.000000 -144.000000) (912.000000 2392.000000 -160.000000) (920.000000 2384.000000 -144.000000) 
4 362 370 (912.000000 2304.000000 -160.000000) (924.000000 2328.000000 -136.000000) (924.000000 2380.000000 -136.000000) (912.000000 2392.000000 -160.000000) 
4 362 365 (920.000000 2416.000000 -144.000000) (918.666667 2416.000000 -146.666667) (918.666667 2398.666667 -146.666667) (920.000000 2400.000000 -144.000000) 
4 362 364 (924.000000 2404.000000 -136.000000) (924.000000 2416.000000 -136.000000) (920.000000 2416.000000 -144.000000) (920.000000 2400.000000 -144.000000) 
4 362 368 (918.666667 2416.000000 -146.666667) (912.000000 2416.000000 -160.000000) (912.000000 2392.000000 -160.000000) (918.666667 2398.666667 -146.666667) 
4 364 365 (920.000000 2400.000000 -144.000000) (920.000000 2406.000000 -132.000000) (920.000000 2416.000000 -132.000000) (920.000000 2416.000000 -144.000000) 
3 365 369 (918.666667 2398.666667 -146.666667) (920.000000 2400.000000 -144.000000) (916.000000 2400.000000 -144.000000) 
4 365 366 (912.000000 2416.000000 -140.000000) (912.000000 2402.000000 -140.000000) (916.000000 2404.000000 -136.000000) (916.000000 2416.000000 -136.000000) 
4 365 368 (918.666667 2416.000000 -146.666667) (918.666667 2398.666667 -146.666667) (912.000000 2402.000000 -140.000000) (912.000000 2416.000000 -140.000000) 
4 366 368 (912.000000 2402.000000 -140.000000) (908.000000 2404.000000 -136.000000) (908.000000 2416.000000 -136.000000) (912.000000 2416.000000 -140.000000) 
4 367 368 (904.000000 2406.000000 -132.000000) (900.000000 2408.000000 -128.000000) (900.000000 2416.000000 -128.000000) (904.000000 2416.000000 -132.000000) 
4 368 371 (912.000000 2416.000000 -160.000000) (912.000000 2392.000000 -160.000000) (896.000000 2408.000000 -128.000000) (896.000000 2416.000000 -128.000000) 
4 368 369 (912.000000 2392.000000 -160.000000) (918.666667 2398.666667 -146.666667) (916.000000 2400.000000 -144.000000) (904.000000 2400.000000 -144.000000) 
3 369 375 (905.333333 2385.333333 -146.666667) (904.000000 2384.000000 -144.000000) (904.000000 2388.000000 -144.000000) 
4 369 371 (912.000000 2392.000000 -160.000000) (905.333333 2385.333333 -146.666667) (904.000000 2388.000000 -144.000000) (904.000000 2400.000000 -144.000000) 
3 369 370 (904.000000 2384.000000 -144.000000) (912.000000 2392.000000 -160.000000) (920.000000 2384.000000 -144.000000) 
4 370 374 (900.000000 2328.000000 -136.000000) (896.000000 2336.000000 -128.000000) (896.000000 2376.000000 -128.000000) (900.000000 2380.000000 -136.000000) 
5 370 375 (912.000000 2372.000000 -160.000000) (912.000000 2304.000000 -160.000000) (900.000000 2328.000000 -136.000000) (900.000000 2380.000000 -136.000000) (905.333333 2385.333333 -146.666667) 
3 370 371 (912.000000 2392.000000 -160.000000) (912.000000 2372.000000 -160.000000) (905.333333 2385.333333 -146.666667) 
5 371 562 (656.000000 2400.000000 -256.000000) (656.000000 2288.000000 -256.000000) (656.000000 2288.000000 -244.000000) (656.000000 2308.000000 -224.000000) (656.000000 2400.000000 -224.000000) 
4 371 517 (656.000000 2308.000000 -224.000000) (656.000000 2385.333333 -146.666667) (656.000000 2400.000000 -176.000000) (656.000000 2400.000000 -224.000000) 
4 371 511 (656.000000 2385.333333 -146.666667) (656.000000 2388.000000 -144.000000) (656.000000 2400.000000 -144.000000) (656.000000 2400.000000 -176.000000) 
4 371 499 (656.000000 2416.000000 -144.000000) (656.000000 2416.000000 -256.000000) (656.000000 2400.000000 -256.000000) (656.000000 2400.000000 -144.000000) 
4 371 378 (656.000000 2416.000000 -144.000000) (656.000000 2400.000000 -144.000000) (664.000000 2408.000000 -128.000000) (664.000000 2416.000000 -128.000000) 
4 371 377 (656.000000 2416.000000 -256.000000) (816.000000 2416.000000 -256.000000) (816.000000 2336.000000 -256.000000) (656.000000 2336.000000 -256.000000) 
4 371 376 (816.000000 2416.000000 -256.000000) (864.000000 2416.000000 -256.000000) (864.000000 2288.000000 -256.000000) (816.000000 2288.000000 -256.000000) 
4 371 372 (664.000000 2404.000000 -128.000000) (662.000000 2400.000000 -132.000000) (898.000000 2400.000000 -132.000000) (896.000000 2404.000000 -128.000000) 
6 371 375 (660.000000 2396.000000 -136.000000) (656.000000 2388.000000 -144.000000) (656.000000 2288.000000 -244.000000) (870.000000 2288.000000 -244.000000) (912.000000 2372.000000 -160.000000) (900.000000 2396.000000 -136.000000) 
4 373 374 (664.000000 2380.000000 -128.000000) (662.000000 2384.000000 -132.000000) (898.000000 2384.000000 -132.000000) (896.000000 2380.000000 -128.000000) 
4 374 379 (660.000000 2328.000000 -136.000000) (664.000000 2336.000000 -128.000000) (664.000000 2376.000000 -128.000000) (660.000000 2380.000000 -136.000000) 
4 374 375 (900.000000 2388.000000 -136.000000) (900.000000 2328.000000 -136.000000) (660.000000 2328.000000 -136.000000) (660.000000 2388.000000 -136.000000) 
3 375 562 (656.000000 2288.000000 -244.000000) (656.000000 2288.000000 -224.000000) (656.000000 2308.000000 -224.000000) 
6 375 517 (656.000000 2288.000000 -224.000000) (656.000000 2288.000000 -176.000000) (656.000000 2320.000000 -144.000000) (656.000000 2384.000000 -144.000000) (656.000000 2385.333333 -146.666667) (656.000000 2308.000000 -224.000000) 
3 375 511 (656.000000 2384.000000 -144.000000) (656.000000 2388.000000 -144.000000) (656.000000 2385.333333 -146.666667) 
4 375 379 (656.000000 2384.000000 -144.000000) (656.000000 2320.000000 -144.000000) (660.000000 2328.000000 -136.000000) (660.000000 2380.000000 -136.000000) 
4 376 377 (816.000000 2416.000000 -304.000000) (816.000000 2336.000000 -304.000000) (816.000000 2336.000000 -256.000000) (816.000000 2416.000000 -256.000000) 
4 377 562 (656.000000 2400.000000 -304.000000) (656.000000 2336.000000 -304.000000) (656.000000 2336.000000 -256.000000) (656.000000 2400.000000 -256.000000) 
4 377 499 (656.000000 2416.000000 -256.000000) (656.000000 2416.000000 -304.000000) (656.000000 2400.000000 -304.000000) (656.000000 2400.000000 -256.000000) 
4 378 499 (656.000000 2416.000000 -128.000000) (656.000000 2416.000000 -144.000000) (656.000000 2400.000000 -144.000000) (656.000000 2408.000000 -128.000000) 
4 379 517 (656.000000 2384.000000 -144.000000) (656.000000 2320.000000 -144.000000) (656.000000 2336.000000 -128.000000) (656.000000 2376.000000 -128.000000) 
4 381 386 (496.000000 3392.000000 -304.000000) (496.000000 3216.000000 -304.000000) (464.000000 3216.000000 -304.000000) (464.000000 3392.000000 -304.000000) 
4 381 382 (464.000000 3456.000000 -304.000000) (496.000000 3456.000000 -304.000000) (496.000000 3392.000000 -304.000000) (464.000000 3392.000000 -304.000000) 
4 381 390 (272.000000 3456.000000 -304.000000) (464.000000 3456.000000 -304.000000) (464.000000 3216.000000 -304.000000) (272.000000 3216.000000 -304.000000) 
4 382 388 (512.000000 3392.000000 -400.000000) (512.000000 3392.000000 -384.000000) (464.000000 3392.000000 -384.000000) (464.000000 3392.000000 -400.000000) 
4 382 384 (512.000000 3392.000000 -308.000000) (512.000000 3392.000000 -304.000000) (496.000000 3392.000000 -304.000000) (496.000000 3392.000000 -308.000000) 
4 382 386 (496.000000 3392.000000 -304.000000) (464.000000 3392.000000 -304.000000) (464.000000 3392.000000 -308.000000) (496.000000 3392.000000 -308.000000) 
4 382 387 (512.000000 3392.000000 -384.000000) (512.000000 3392.000000 -308.000000) (464.000000 3392.000000 -308.000000) (464.000000 3392.000000 -384.000000) 
4 382 390 (464.000000 3456.000000 -304.000000) (464.000000 3456.000000 -432.000000) (464.000000 3392.000000 -432.000000) (464.000000 3392.000000 -304.000000) 
4 383 389 (496.000000 3216.000000 -432.000000) (490.666667 3200.000000 -432.000000) (490.666667 3200.000000 -384.000000) (496.000000 3216.000000 -384.000000) 
4 383 386 (490.666667 3200.000000 -308.000000) (490.666667 3200.000000 -304.000000) (496.000000 3216.000000 -304.000000) (496.000000 3216.000000 -308.000000) 
4 383 387 (490.666667 3200.000000 -384.000000) (490.666667 3200.000000 -308.000000) (496.000000 3216.000000 -308.000000) (496.000000 3216.000000 -384.000000) 
4 384 387 (496.000000 3392.000000 -308.000000) (512.000000 3392.000000 -308.000000) (512.000000 3376.000000 -308.000000) (496.000000 3376.000000 -308.000000) 
4 384 386 (496.000000 3392.000000 -304.000000) (496.000000 3392.000000 -308.000000) (496.000000 3376.000000 -308.000000) (496.000000 3376.000000 -304.000000) 
4 385 386 (496.000000 3312.000000 -308.000000) (496.000000 3216.000000 -308.000000) (496.000000 3216.000000 -304.000000) (496.000000 3312.000000 -304.000000) 
4 385 387 (512.000000 3312.000000 -308.000000) (512.000000 3264.000000 -308.000000) (496.000000 3216.000000 -308.000000) (496.000000 3312.000000 -308.000000) 
5 386 387 (490.666667 3200.000000 -308.000000) (464.000000 3200.000000 -308.000000) (464.000000 3392.000000 -308.000000) (496.000000 3392.000000 -308.000000) (496.000000 3216.000000 -308.000000) 
4 386 390 (464.000000 3200.000000 -308.000000) (464.000000 3200.000000 -304.000000) (464.000000 3392.000000 -304.000000) (464.000000 3392.000000 -308.000000) 
4 387 394 (476.000000 3200.000000 -316.000000) (464.000000 3200.000000 -316.000000) (464.000000 3200.000000 -384.000000) (476.000000 3200.000000 -384.000000) 
5 387 389 (512.000000 3280.000000 -384.000000) (512.000000 3264.000000 -384.000000) (490.666667 3200.000000 -384.000000) (464.000000 3200.000000 -384.000000) (464.000000 3280.000000 -384.000000) 
4 387 388 (464.000000 3392.000000 -384.000000) (512.000000 3392.000000 -384.000000) (512.000000 3360.000000 -384.000000) (464.000000 3360.000000 -384.000000) 
4 387 390 (464.000000 3200.000000 -384.000000) (464.000000 3200.000000 -308.000000) (464.000000 3392.000000 -308.000000) (464.000000 3392.000000 -384.000000) 
4 388 390 (464.000000 3360.000000 -400.000000) (464.000000 3360.000000 -384.000000) (464.000000 3392.000000 -384.000000) (464.000000 3392.000000 -400.000000) 
4 389 394 (464.000000 3200.000000 -432.000000) (476.000000 3200.000000 -432.000000) (476.000000 3200.000000 -384.000000) (464.000000 3200.000000 -384.000000) 
4 389 390 (464.000000 3280.000000 -432.000000) (464.000000 3200.000000 -432.000000) (464.000000 3200.000000 -384.000000) (464.000000 3280.000000 -384.000000) 
4 390 394 (292.000000 3200.000000 -432.000000) (464.000000 3200.000000 -432.000000) (464.000000 3200.000000 -316.000000) (292.000000 3200.000000 -316.000000) 
4 390 392 (272.000000 3216.000000 -308.000000) (272.000000 3216.000000 -304.000000) (272.000000 3312.000000 -304.000000) (272.000000 3312.000000 -308.000000) 
4 390 393 (272.000000 3376.000000 -432.000000) (272.000000 3216.000000 -432.000000) (272.000000 3216.000000 -308.000000) (272.000000 3376.000000 -308.000000) 
4 390 391 (272.000000 3456.000000 -432.000000) (272.000000 3376.000000 -432.000000) (272.000000 3376.000000 -304.000000) (272.000000 3456.000000 -304.000000) 
4 391 393 (256.000000 3376.000000 -308.000000) (256.000000 3376.000000 -432.000000) (272.000000 3376.000000 -432.000000) (272.000000 3376.000000 -308.000000) 
4 392 393 (272.000000 3216.000000 -308.000000) (256.000000 3264.000000 -308.000000) (256.000000 3312.000000 -308.000000) (272.000000 3312.000000 -308.000000) 
4 394 395 (296.000000 3198.000000 -320.000000) (296.000000 3198.000000 -432.000000) (472.000000 3198.000000 -432.000000) (472.000000 3198.000000 -320.000000) 
4 395 396 (296.000000 3186.000000 -432.000000) (472.000000 3186.000000 -432.000000) (472.000000 3186.000000 -320.000000) (296.000000 3186.000000 -320.000000) 
4 396 460 (292.000000 3184.000000 -432.000000) (476.000000 3184.000000 -432.000000) (476.000000 3184.000000 -316.000000) (292.000000 3184.000000 -316.000000) 
4 397 401 (656.000000 3146.000000 -187.500000) (656.000000 3146.000000 -184.000000) (534.000000 3146.000000 -184.000000) (534.000000 3146.000000 -187.500000) 
4 397 400 (656.000000 3146.000000 -198.000000) (656.000000 3146.000000 -187.500000) (534.000000 3146.000000 -187.500000) (534.000000 3146.000000 -198.000000) 
4 397 399 (656.000000 3146.000000 -184.000000) (656.000000 3146.000000 -176.000000) (534.000000 3146.000000 -176.000000) (534.000000 3146.000000 -184.000000) 
4 397 413 (534.000000 3146.000000 -432.000000) (656.000000 3146.000000 -432.000000) (656.000000 3146.000000 -198.000000) (534.000000 3146.000000 -198.000000) 
4 397 398 (528.000000 3152.000000 -432.000000) (534.000000 3146.000000 -432.000000) (534.000000 3146.000000 -176.000000) (528.000000 3152.000000 -176.000000) 
4 398 459 (506.000000 3146.000000 -296.000000) (506.000000 3146.000000 -264.000000) (506.000000 3174.000000 -264.000000) (506.000000 3174.000000 -296.000000) 
4 398 453 (506.000000 3168.000000 -240.000000) (506.000000 3174.000000 -237.000000) (506.000000 3174.000000 -264.000000) (506.000000 3168.000000 -264.000000) 
4 398 455 (506.000000 3146.000000 -264.000000) (506.000000 3146.000000 -251.000000) (506.000000 3168.000000 -240.000000) (506.000000 3168.000000 -264.000000) 
4 398 452 (506.000000 3146.000000 -251.000000) (506.000000 3146.000000 -200.000000) (506.000000 3174.000000 -200.000000) (506.000000 3174.000000 -237.000000) 
4 398 460 (506.000000 3174.000000 -432.000000) (506.000000 3146.000000 -432.000000) (506.000000 3146.000000 -296.000000) (506.000000 3174.000000 -296.000000) 
3 398 428 (506.000000 3146.000000 -198.000000) (506.000000 3146.000000 -194.500000) (506.000000 3148.000000 -198.000000) 
5 398 427 (506.000000 3146.000000 -194.500000) (506.000000 3146.000000 -184.000000) (506.000000 3174.000000 -184.000000) (506.000000 3174.000000 -198.000000) (506.000000 3148.000000 -198.000000) 
4 398 426 (506.000000 3146.000000 -184.000000) (506.000000 3146.000000 -176.000000) (506.000000 3174.000000 -176.000000) (506.000000 3174.000000 -184.000000) 
4 398 446 (506.000000 3146.000000 -200.000000) (506.000000 3146.000000 -198.000000) (506.000000 3174.000000 -198.000000) (506.000000 3174.000000 -200.000000) 
4 398 415 (514.000000 3146.000000 -200.000000) (514.000000 3146.000000 -196.000000) (506.000000 3146.000000 -196.000000) (506.000000 3146.000000 -200.000000) 
4 398 418 (506.000000 3146.000000 -432.000000) (514.000000 3146.000000 -432.000000) (514.000000 3146.000000 -200.000000) (506.000000 3146.000000 -200.000000) 
4 398 414 (514.000000 3146.000000 -186.000000) (514.000000 3146.000000 -176.000000) (506.000000 3146.000000 -176.000000) (506.000000 3146.000000 -186.000000) 
4 398 401 (534.000000 3146.000000 -187.500000) (534.000000 3146.000000 -184.000000) (514.000000 3146.000000 -184.000000) (514.000000 3146.000000 -187.500000) 
4 398 400 (534.000000 3146.000000 -198.000000) (534.000000 3146.000000 -187.500000) (514.000000 3146.000000 -187.500000) (514.000000 3146.000000 -198.000000) 
4 398 399 (534.000000 3146.000000 -184.000000) (534.000000 3146.000000 -176.000000) (514.000000 3146.000000 -176.000000) (514.000000 3146.000000 -184.000000) 
4 398 413 (514.000000 3146.000000 -432.000000) (534.000000 3146.000000 -432.000000) (534.000000 3146.000000 -198.000000) (514.000000 3146.000000 -198.000000) 
4 399 416 (514.000000 3068.000000 -182.000000) (514.000000 3071.000000 -176.000000) (514.000000 3141.000000 -176.000000) (514.000000 3144.000000 -182.000000) 
4 399 414 (514.000000 3146.000000 -176.000000) (514.000000 3146.000000 -184.000000) (514.000000 3145.000000 -184.000000) (514.000000 3141.000000 -176.000000) 
4 399 412 (514.000000 3067.000000 -184.000000) (514.000000 3072.000000 -184.000000) (656.000000 3072.000000 -184.000000) (656.000000 3067.000000 -184.000000) 
4 399 408 (514.000000 3084.000000 -184.000000) (514.000000 3092.000000 -184.000000) (656.000000 3092.000000 -184.000000) (656.000000 3084.000000 -184.000000) 
4 399 409 (514.000000 3080.000000 -184.000000) (514.000000 3084.000000 -184.000000) (656.000000 3084.000000 -184.000000) (656.000000 3080.000000 -184.000000) 
4 399 407 (514.000000 3100.000000 -184.000000) (514.000000 3108.000000 -184.000000) (656.000000 3108.000000 -184.000000) (656.000000 3100.000000 -184.000000) 
4 399 405 (514.000000 3108.000000 -184.000000) (514.000000 3112.000000 -184.000000) (656.000000 3112.000000 -184.000000) (656.000000 3108.000000 -184.000000) 
4 399 404 (514.000000 3120.000000 -184.000000) (514.000000 3124.000000 -184.000000) (656.000000 3124.000000 -184.000000) (656.000000 3120.000000 -184.000000) 
4 399 402 (514.000000 3124.000000 -184.000000) (514.000000 3132.000000 -184.000000) (656.000000 3132.000000 -184.000000) (656.000000 3124.000000 -184.000000) 
4 399 401 (514.000000 3140.000000 -184.000000) (514.000000 3146.000000 -184.000000) (656.000000 3146.000000 -184.000000) (656.000000 3140.000000 -184.000000) 
4 399 468 (656.000000 3067.000000 -184.000000) (656.000000 3071.000000 -176.000000) (514.000000 3071.000000 -176.000000) (514.000000 3067.000000 -184.000000) 
3 400 415 (514.000000 3146.000000 -196.000000) (514.000000 3146.000000 -198.000000) (514.000000 3145.000000 -198.000000) 
4 400 401 (656.000000 3144.000000 -191.000000) (656.000000 3146.000000 -187.500000) (514.000000 3146.000000 -187.500000) (514.000000 3144.000000 -191.000000) 
4 400 413 (514.000000 3140.000000 -198.000000) (514.000000 3146.000000 -198.000000) (656.000000 3146.000000 -198.000000) (656.000000 3140.000000 -198.000000) 
3 401 414 (514.000000 3146.000000 -184.000000) (514.000000 3146.000000 -186.000000) (514.000000 3145.000000 -184.000000) 
4 402 404 (514.000000 3124.000000 -184.000000) (514.000000 3126.000000 -187.500000) (656.000000 3126.000000 -187.500000) (656.000000 3124.000000 -184.000000) 
4 402 403 (514.000000 3126.000000 -187.500000) (514.000000 3128.000000 -191.000000) (656.000000 3128.000000 -191.000000) (656.000000 3126.000000 -187.500000) 
4 403 404 (514.000000 3126.000000 -187.500000) (514.000000 3124.000000 -191.000000) (656.000000 3124.000000 -191.000000) (656.000000 3126.000000 -187.500000) 
4 403 413 (514.000000 3120.000000 -198.000000) (514.000000 3132.000000 -198.000000) (656.000000 3132.000000 -198.000000) (656.000000 3120.000000 -198.000000) 
4 405 407 (656.000000 3106.000000 -187.500000) (656.000000 3108.000000 -184.000000) (514.000000 3108.000000 -184.000000) (514.000000 3106.000000 -187.500000) 
4 405 406 (514.000000 3106.000000 -187.500000) (514.000000 3108.000000 -191.000000) (656.000000 3108.000000 -191.000000) (656.000000 3106.000000 -187.500000) 
4 406 407 (656.000000 3104.000000 -191.000000) (656.000000 3106.000000 -187.500000) (514.000000 3106.000000 -187.500000) (514.000000 3104.000000 -191.000000) 
4 406 413 (514.000000 3100.000000 -198.000000) (514.000000 3112.000000 -198.000000) (656.000000 3112.000000 -198.000000) (656.000000 3100.000000 -198.000000) 
4 408 409 (656.000000 3088.000000 -191.000000) (656.000000 3084.000000 -184.000000) (514.000000 3084.000000 -184.000000) (514.000000 3088.000000 -191.000000) 
4 409 410 (514.000000 3084.000000 -191.000000) (514.000000 3088.000000 -198.000000) (656.000000 3088.000000 -198.000000) (656.000000 3084.000000 -191.000000) 
4 409 413 (514.000000 3088.000000 -198.000000) (514.000000 3092.000000 -198.000000) (656.000000 3092.000000 -198.000000) (656.000000 3088.000000 -198.000000) 
4 410 413 (514.000000 3080.000000 -198.000000) (514.000000 3088.000000 -198.000000) (656.000000 3088.000000 -198.000000) (656.000000 3080.000000 -198.000000) 
4 411 471 (656.000000 3066.000000 -198.000000) (656.000000 3066.000000 -194.500000) (514.000000 3066.000000 -194.500000) (514.000000 3066.000000 -198.000000) 
3 411 417 (514.000000 3067.000000 -198.000000) (514.000000 3066.000000 -198.000000) (514.000000 3066.000000 -196.000000) 
4 411 412 (656.000000 3066.000000 -194.500000) (656.000000 3068.000000 -191.000000) (514.000000 3068.000000 -191.000000) (514.000000 3066.000000 -194.500000) 
4 411 413 (656.000000 3066.000000 -198.000000) (514.000000 3066.000000 -198.000000) (514.000000 3072.000000 -198.000000) (656.000000 3072.000000 -198.000000) 
4 412 471 (656.000000 3066.000000 -194.500000) (656.000000 3066.000000 -186.000000) (514.000000 3066.000000 -186.000000) (514.000000 3066.000000 -194.500000) 
4 412 468 (514.000000 3066.000000 -186.000000) (656.000000 3066.000000 -186.000000) (656.000000 3067.000000 -184.000000) (514.000000 3067.000000 -184.000000) 
4 413 481 (514.000000 3066.000000 -432.000000) (656.000000 3066.000000 -432.000000) (656.000000 3066.000000 -352.000000) (514.000000 3066.000000 -352.000000) 
4 413 471 (656.000000 3066.000000 -234.000000) (656.000000 3066.000000 -198.000000) (514.000000 3066.000000 -198.000000) (514.000000 3066.000000 -234.000000) 
4 413 470 (656.000000 3066.000000 -272.000000) (656.000000 3066.000000 -234.000000) (514.000000 3066.000000 -234.000000) (514.000000 3066.000000 -272.000000) 
4 413 480 (656.000000 3066.000000 -352.000000) (656.000000 3066.000000 -272.000000) (514.000000 3066.000000 -272.000000) (514.000000 3066.000000 -352.000000) 
4 413 417 (514.000000 3068.000000 -200.000000) (514.000000 3066.000000 -200.000000) (514.000000 3066.000000 -198.000000) (514.000000 3067.000000 -198.000000) 
4 413 415 (514.000000 3146.000000 -198.000000) (514.000000 3146.000000 -200.000000) (514.000000 3144.000000 -200.000000) (514.000000 3145.000000 -198.000000) 
4 413 418 (514.000000 3146.000000 -200.000000) (514.000000 3146.000000 -432.000000) (514.000000 3066.000000 -432.000000) (514.000000 3066.000000 -200.000000) 
3 414 427 (506.000000 3146.000000 -184.000000) (506.000000 3146.000000 -186.000000) (506.000000 3145.000000 -184.000000) 
4 414 426 (506.000000 3141.000000 -176.000000) (506.000000 3146.000000 -176.000000) (506.000000 3146.000000 -184.000000) (506.000000 3145.000000 -184.000000) 
4 414 416 (514.000000 3144.000000 -182.000000) (514.000000 3141.000000 -176.000000) (506.000000 3141.000000 -176.000000) (506.000000 3144.000000 -182.000000) 
3 415 428 (506.000000 3146.000000 -196.000000) (506.000000 3146.000000 -198.000000) (506.000000 3145.000000 -198.000000) 
4 415 446 (506.000000 3146.000000 -198.000000) (506.000000 3146.000000 -200.000000) (506.000000 3144.000000 -200.000000) (506.000000 3145.000000 -198.000000) 
4 415 418 (506.000000 3144.000000 -200.000000) (506.000000 3146.000000 -200.000000) (514.000000 3146.000000 -200.000000) (514.000000 3144.000000 -200.000000) 
4 416 426 (506.000000 3068.000000 -182.000000) (506.000000 3071.000000 -176.000000) (506.000000 3141.000000 -176.000000) (506.000000 3144.000000 -182.000000) 
4 416 468 (514.000000 3068.000000 -182.000000) (514.000000 3071.000000 -176.000000) (506.000000 3071.000000 -176.000000) (506.000000 3068.000000 -182.000000) 
4 417 471 (514.000000 3066.000000 -200.000000) (514.000000 3066.000000 -196.000000) (506.000000 3066.000000 -196.000000) (506.000000 3066.000000 -200.000000) 
3 417 444 (506.000000 3066.000000 -198.000000) (506.000000 3066.000000 -196.000000) (506.000000 3067.000000 -198.000000) 
4 417 446 (506.000000 3066.000000 -200.000000) (506.000000 3066.000000 -198.000000) (506.000000 3067.000000 -198.000000) (506.000000 3068.000000 -200.000000) 
4 417 418 (514.000000 3066.000000 -200.000000) (506.000000 3066.000000 -200.000000) (506.000000 3068.000000 -200.000000) (514.000000 3068.000000 -200.000000) 
4 418 481 (506.000000 3066.000000 -432.000000) (514.000000 3066.000000 -432.000000) (514.000000 3066.000000 -352.000000) (506.000000 3066.000000 -352.000000) 
4 418 471 (514.000000 3066.000000 -234.000000) (514.000000 3066.000000 -200.000000) (506.000000 3066.000000 -200.000000) (506.000000 3066.000000 -234.000000) 
4 418 470 (514.000000 3066.000000 -272.000000) (514.000000 3066.000000 -234.000000) (506.000000 3066.000000 -234.000000) (506.000000 3066.000000 -272.000000) 
4 418 480 (514.000000 3066.000000 -352.000000) (514.000000 3066.000000 -272.000000) (506.000000 3066.000000 -272.000000) (506.000000 3066.000000 -352.000000) 
5 418 459 (506.000000 3066.000000 -296.000000) (506.000000 3066.000000 -291.000000) (506.000000 3120.000000 -264.000000) (506.000000 3146.000000 -264.000000) (506.000000 3146.000000 -296.000000) 
3 418 455 (506.000000 3120.000000 -264.000000) (506.000000 3146.000000 -251.000000) (506.000000 3146.000000 -264.000000) 
4 418 452 (506.000000 3066.000000 -291.000000) (506.000000 3066.000000 -200.000000) (506.000000 3146.000000 -200.000000) (506.000000 3146.000000 -251.000000) 
4 418 460 (506.000000 3146.000000 -432.000000) (506.000000 3066.000000 -432.000000) (506.000000 3066.000000 -296.000000) (506.000000 3146.000000 -296.000000) 
4 419 452 (356.000000 3184.000000 -200.000000) (496.000000 3184.000000 -200.000000) (504.000000 3176.000000 -200.000000) (356.000000 3176.000000 -200.000000) 
3 419 429 (358.400000 3176.000000 -195.200000) (357.000000 3176.000000 -198.000000) (360.000000 3176.000000 -198.000000) 
5 419 427 (504.000000 3176.000000 -198.000000) (504.000000 3176.000000 -184.000000) (364.000000 3176.000000 -184.000000) (358.400000 3176.000000 -195.200000) (360.000000 3176.000000 -198.000000) 
4 419 426 (504.000000 3176.000000 -184.000000) (504.000000 3176.000000 -176.000000) (368.000000 3176.000000 -176.000000) (364.000000 3176.000000 -184.000000) 
4 419 446 (356.000000 3176.000000 -200.000000) (504.000000 3176.000000 -200.000000) (504.000000 3176.000000 -198.000000) (357.000000 3176.000000 -198.000000) 
4 419 421 (365.000000 3184.000000 -182.000000) (358.000000 3184.000000 -196.000000) (358.000000 3176.000000 -196.000000) (365.000000 3176.000000 -182.000000) 
4 419 420 (368.000000 3176.000000 -176.000000) (368.000000 3184.000000 -176.000000) (365.000000 3184.000000 -182.000000) (365.000000 3176.000000 -182.000000) 
4 420 426 (264.000000 3176.000000 -176.000000) (264.000000 3176.000000 -182.000000) (365.000000 3176.000000 -182.000000) (368.000000 3176.000000 -176.000000) 
4 420 422 (358.000000 3176.000000 -182.000000) (356.000000 3176.000000 -182.000000) (356.000000 3184.000000 -182.000000) (358.000000 3184.000000 -182.000000) 
4 420 424 (320.000000 3176.000000 -182.000000) (311.000000 3176.000000 -182.000000) (311.000000 3184.000000 -182.000000) (320.000000 3184.000000 -182.000000) 
4 420 421 (365.000000 3176.000000 -182.000000) (358.000000 3176.000000 -182.000000) (358.000000 3184.000000 -182.000000) (365.000000 3184.000000 -182.000000) 
4 420 425 (311.000000 3176.000000 -182.000000) (264.000000 3176.000000 -182.000000) (272.000000 3184.000000 -182.000000) (311.000000 3184.000000 -182.000000) 
3 421 429 (358.000000 3176.000000 -196.000000) (358.400000 3176.000000 -195.200000) (358.000000 3176.000000 -194.500000) 
4 421 427 (358.400000 3176.000000 -195.200000) (364.000000 3176.000000 -184.000000) (358.000000 3176.000000 -184.000000) (358.000000 3176.000000 -194.500000) 
4 421 426 (364.000000 3176.000000 -184.000000) (365.000000 3176.000000 -182.000000) (358.000000 3176.000000 -182.000000) (358.000000 3176.000000 -184.000000) 
4 421 422 (358.000000 3176.000000 -186.000000) (358.000000 3176.000000 -182.000000) (358.000000 3184.000000 -182.000000) (358.000000 3184.000000 -186.000000) 
3 422 427 (358.000000 3176.000000 -186.000000) (358.000000 3176.000000 -184.000000) (357.000000 3176.000000 -184.000000) 
4 422 426 (358.000000 3176.000000 -184.000000) (358.000000 3176.000000 -182.000000) (356.000000 3176.000000 -182.000000) (357.000000 3176.000000 -184.000000) 
3 423 437 (318.000000 3176.000000 -186.000000) (317.600000 3176.000000 -186.800000) (318.000000 3176.000000 -187.500000) 
4 423 438 (317.600000 3176.000000 -186.800000) (315.500000 3176.000000 -191.000000) (318.000000 3176.000000 -196.000000) (318.000000 3176.000000 -187.500000) 
4 423 424 (318.000000 3184.000000 -186.000000) (315.500000 3184.000000 -191.000000) (315.500000 3176.000000 -191.000000) (318.000000 3176.000000 -186.000000) 
4 423 425 (315.500000 3184.000000 -191.000000) (318.000000 3184.000000 -196.000000) (318.000000 3176.000000 -196.000000) (315.500000 3176.000000 -191.000000) 
3 424 437 (317.600000 3176.000000 -186.800000) (319.000000 3176.000000 -184.000000) (316.000000 3176.000000 -184.000000) 
4 424 438 (312.000000 3176.000000 -184.000000) (315.500000 3176.000000 -191.000000) (317.600000 3176.000000 -186.800000) (316.000000 3176.000000 -184.000000) 
4 424 426 (320.000000 3176.000000 -182.000000) (311.000000 3176.000000 -182.000000) (312.000000 3176.000000 -184.000000) (319.000000 3176.000000 -184.000000) 
4 424 425 (311.000000 3184.000000 -182.000000) (315.500000 3184.000000 -191.000000) (315.500000 3176.000000 -191.000000) (311.000000 3176.000000 -182.000000) 
4 425 452 (264.000000 3176.000000 -200.000000) (272.000000 3184.000000 -200.000000) (320.000000 3184.000000 -200.000000) (320.000000 3176.000000 -200.000000) 
4 425 438 (264.000000 3176.000000 -184.000000) (264.000000 3176.000000 -198.000000) (319.000000 3176.000000 -198.000000) (312.000000 3176.000000 -184.000000) 
4 425 426 (264.000000 3176.000000 -182.000000) (264.000000 3176.000000 -184.000000) (312.000000 3176.000000 -184.000000) (311.000000 3176.000000 -182.000000) 
4 425 446 (264.000000 3176.000000 -198.000000) (264.000000 3176.000000 -200.000000) (320.000000 3176.000000 -200.000000) (319.000000 3176.000000 -198.000000) 
4 426 469 (216.000000 3128.000000 -184.000000) (216.000000 3128.000000 -176.000000) (240.000000 3152.000000 -176.000000) (240.000000 3152.000000 -184.000000) 
4 426 450 (216.000000 3104.000000 -182.000000) (216.000000 3106.000000 -182.000000) (216.000000 3106.000000 -184.000000) (216.000000 3105.000000 -184.000000) 
4 426 449 (216.000000 3068.000000 -182.000000) (216.000000 3071.000000 -176.000000) (216.000000 3106.000000 -176.000000) (216.000000 3106.000000 -182.000000) 
4 426 447 (216.000000 3106.000000 -176.000000) (216.000000 3128.000000 -176.000000) (216.000000 3128.000000 -184.000000) (216.000000 3106.000000 -184.000000) 
4 426 445 (506.000000 3067.000000 -184.000000) (216.000000 3067.000000 -184.000000) (216.000000 3072.000000 -184.000000) (506.000000 3072.000000 -184.000000) 
4 426 442 (216.000000 3080.000000 -184.000000) (216.000000 3092.000000 -184.000000) (506.000000 3092.000000 -184.000000) (506.000000 3080.000000 -184.000000) 
4 426 433 (332.000000 3176.000000 -184.000000) (344.000000 3176.000000 -184.000000) (344.000000 3120.000000 -184.000000) (332.000000 3120.000000 -184.000000) 
5 426 427 (352.000000 3176.000000 -184.000000) (504.000000 3176.000000 -184.000000) (506.000000 3174.000000 -184.000000) (506.000000 3140.000000 -184.000000) (352.000000 3140.000000 -184.000000) 
4 426 432 (506.000000 3132.000000 -184.000000) (506.000000 3120.000000 -184.000000) (344.000000 3120.000000 -184.000000) (344.000000 3132.000000 -184.000000) 
4 426 437 (316.000000 3176.000000 -184.000000) (324.000000 3176.000000 -184.000000) (324.000000 3112.000000 -184.000000) (316.000000 3112.000000 -184.000000) 
5 426 438 (216.000000 3112.000000 -184.000000) (216.000000 3128.000000 -184.000000) (264.000000 3176.000000 -184.000000) (316.000000 3176.000000 -184.000000) (316.000000 3112.000000 -184.000000) 
4 426 439 (216.000000 3100.000000 -184.000000) (216.000000 3112.000000 -184.000000) (506.000000 3112.000000 -184.000000) (506.000000 3100.000000 -184.000000) 
4 426 468 (506.000000 3067.000000 -184.000000) (506.000000 3071.000000 -176.000000) (216.000000 3071.000000 -176.000000) (216.000000 3067.000000 -184.000000) 
4 427 429 (360.000000 3176.000000 -198.000000) (360.000000 3148.000000 -198.000000) (356.000000 3144.000000 -191.000000) (356.000000 3176.000000 -191.000000) 
4 427 428 (360.000000 3148.000000 -198.000000) (506.000000 3148.000000 -198.000000) (506.000000 3144.000000 -191.000000) (356.000000 3144.000000 -191.000000) 
5 427 446 (360.000000 3176.000000 -198.000000) (504.000000 3176.000000 -198.000000) (506.000000 3174.000000 -198.000000) (506.000000 3148.000000 -198.000000) (360.000000 3148.000000 -198.000000) 
3 428 429 (360.000000 3148.000000 -198.000000) (360.000000 3140.000000 -198.000000) (356.000000 3144.000000 -191.000000) 
4 428 446 (506.000000 3148.000000 -198.000000) (506.000000 3140.000000 -198.000000) (360.000000 3140.000000 -198.000000) (360.000000 3148.000000 -198.000000) 
4 429 446 (352.000000 3176.000000 -198.000000) (360.000000 3176.000000 -198.000000) (360.000000 3140.000000 -198.000000) (352.000000 3140.000000 -198.000000) 
4 430 435 (344.000000 3128.000000 -198.000000) (506.000000 3128.000000 -198.000000) (506.000000 3126.000000 -194.500000) (342.000000 3126.000000 -194.500000) 
4 430 431 (344.000000 3132.000000 -198.000000) (344.000000 3128.000000 -198.000000) (342.000000 3126.000000 -194.500000) (340.000000 3128.000000 -191.000000) 
4 430 446 (506.000000 3132.000000 -198.000000) (506.000000 3128.000000 -198.000000) (344.000000 3128.000000 -198.000000) (344.000000 3132.000000 -198.000000) 
4 430 432 (342.000000 3126.000000 -194.500000) (506.000000 3126.000000 -194.500000) (506.000000 3128.000000 -191.000000) (340.000000 3128.000000 -191.000000) 
4 431 435 (336.000000 3128.000000 -198.000000) (344.000000 3128.000000 -198.000000) (342.000000 3126.000000 -194.500000) (338.000000 3126.000000 -194.500000) 
4 431 434 (338.000000 3176.000000 -194.500000) (336.000000 3176.000000 -198.000000) (336.000000 3128.000000 -198.000000) (338.000000 3126.000000 -194.500000) 
4 431 433 (340.000000 3176.000000 -191.000000) (338.000000 3176.000000 -194.500000) (338.000000 3126.000000 -194.500000) (340.000000 3128.000000 -191.000000) 
3 431 432 (338.000000 3126.000000 -194.500000) (342.000000 3126.000000 -194.500000) (340.000000 3128.000000 -191.000000) 
4 431 446 (336.000000 3176.000000 -198.000000) (344.000000 3176.000000 -198.000000) (344.000000 3128.000000 -198.000000) (336.000000 3128.000000 -198.000000) 
4 432 435 (506.000000 3126.000000 -194.500000) (506.000000 3124.000000 -191.000000) (340.000000 3124.000000 -191.000000) (338.000000 3126.000000 -194.500000) 
3 432 433 (338.000000 3126.000000 -194.500000) (344.000000 3120.000000 -184.000000) (344.000000 3132.000000 -184.000000) 
3 433 435 (338.000000 3126.000000 -194.500000) (340.000000 3124.000000 -191.000000) (336.000000 3124.000000 -191.000000) 
4 433 434 (338.000000 3176.000000 -194.500000) (338.000000 3126.000000 -194.500000) (336.000000 3124.000000 -191.000000) (336.000000 3176.000000 -191.000000) 
4 434 435 (332.000000 3128.000000 -198.000000) (336.000000 3128.000000 -198.000000) (338.000000 3126.000000 -194.500000) (336.000000 3124.000000 -191.000000) 
4 434 446 (332.000000 3176.000000 -198.000000) (336.000000 3176.000000 -198.000000) (336.000000 3128.000000 -198.000000) (332.000000 3128.000000 -198.000000) 
4 435 446 (506.000000 3128.000000 -198.000000) (506.000000 3120.000000 -198.000000) (332.000000 3120.000000 -198.000000) (332.000000 3128.000000 -198.000000) 
4 436 440 (324.000000 3108.000000 -198.000000) (506.000000 3108.000000 -198.000000) (506.000000 3106.000000 -194.500000) (322.000000 3106.000000 -194.500000) 
4 436 439 (506.000000 3106.000000 -194.500000) (506.000000 3108.000000 -191.000000) (320.000000 3108.000000 -191.000000) (322.000000 3106.000000 -194.500000) 
4 436 446 (506.000000 3112.000000 -198.000000) (506.000000 3108.000000 -198.000000) (324.000000 3108.000000 -198.000000) (324.000000 3112.000000 -198.000000) 
4 436 438 (324.000000 3112.000000 -198.000000) (324.000000 3108.000000 -198.000000) (322.000000 3106.000000 -194.500000) (320.000000 3108.000000 -191.000000) 
4 437 438 (316.000000 3176.000000 -184.000000) (320.000000 3176.000000 -191.000000) (320.000000 3108.000000 -191.000000) (316.000000 3112.000000 -184.000000) 
3 437 439 (324.000000 3112.000000 -184.000000) (316.000000 3112.000000 -184.000000) (320.000000 3108.000000 -191.000000) 
4 438 469 (216.000000 3128.000000 -198.000000) (216.000000 3128.000000 -184.000000) (240.000000 3152.000000 -184.000000) (240.000000 3152.000000 -198.000000) 
5 438 447 (216.000000 3112.000000 -184.000000) (216.000000 3128.000000 -184.000000) (216.000000 3128.000000 -198.000000) (216.000000 3108.000000 -198.000000) (216.000000 3106.000000 -194.500000) 
4 438 440 (216.000000 3106.000000 -194.500000) (216.000000 3108.000000 -198.000000) (324.000000 3108.000000 -198.000000) (322.000000 3106.000000 -194.500000) 
4 438 439 (316.000000 3112.000000 -184.000000) (216.000000 3112.000000 -184.000000) (216.000000 3106.000000 -194.500000) (322.000000 3106.000000 -194.500000) 
5 438 446 (216.000000 3108.000000 -198.000000) (216.000000 3128.000000 -198.000000) (264.000000 3176.000000 -198.000000) (324.000000 3176.000000 -198.000000) (324.000000 3108.000000 -198.000000) 
3 439 450 (216.000000 3105.000000 -184.000000) (216.000000 3106.000000 -184.000000) (216.000000 3106.000000 -186.000000) 
3 439 447 (216.000000 3106.000000 -184.000000) (216.000000 3112.000000 -184.000000) (216.000000 3106.000000 -194.500000) 
4 439 440 (216.000000 3104.000000 -191.000000) (216.000000 3106.000000 -194.500000) (506.000000 3106.000000 -194.500000) (506.000000 3104.000000 -191.000000) 
3 440 448 (216.000000 3106.000000 -196.000000) (216.000000 3106.000000 -198.000000) (216.000000 3105.000000 -198.000000) 
3 440 447 (216.000000 3106.000000 -194.500000) (216.000000 3108.000000 -198.000000) (216.000000 3106.000000 -198.000000) 
4 440 446 (216.000000 3100.000000 -198.000000) (216.000000 3108.000000 -198.000000) (506.000000 3108.000000 -198.000000) (506.000000 3100.000000 -198.000000) 
4 441 443 (506.000000 3088.000000 -198.000000) (506.000000 3086.000000 -194.500000) (216.000000 3086.000000 -194.500000) (216.000000 3088.000000 -198.000000) 
4 441 446 (216.000000 3088.000000 -198.000000) (216.000000 3092.000000 -198.000000) (506.000000 3092.000000 -198.000000) (506.000000 3088.000000 -198.000000) 
4 441 442 (216.000000 3088.000000 -191.000000) (216.000000 3086.000000 -194.500000) (506.000000 3086.000000 -194.500000) (506.000000 3088.000000 -191.000000) 
4 442 443 (506.000000 3086.000000 -194.500000) (506.000000 3084.000000 -191.000000) (216.000000 3084.000000 -191.000000) (216.000000 3086.000000 -194.500000) 
4 443 446 (216.000000 3080.000000 -198.000000) (216.000000 3088.000000 -198.000000) (506.000000 3088.000000 -198.000000) (506.000000 3080.000000 -198.000000) 
4 444 491 (224.000000 3066.000000 -194.500000) (216.000000 3066.000000 -194.500000) (216.000000 3066.000000 -198.000000) (224.000000 3066.000000 -198.000000) 
4 444 471 (506.000000 3066.000000 -198.000000) (506.000000 3066.000000 -194.500000) (224.000000 3066.000000 -194.500000) (224.000000 3066.000000 -198.000000) 
3 444 451 (216.000000 3066.000000 -198.000000) (216.000000 3066.000000 -196.000000) (216.000000 3067.000000 -198.000000) 
4 444 445 (216.000000 3066.000000 -194.500000) (506.000000 3066.000000 -194.500000) (506.000000 3068.000000 -191.000000) (216.000000 3068.000000 -191.000000) 
4 444 446 (216.000000 3066.000000 -198.000000) (216.000000 3072.000000 -198.000000) (506.000000 3072.000000 -198.000000) (506.000000 3066.000000 -198.000000) 
4 445 491 (224.000000 3066.000000 -186.000000) (216.000000 3066.000000 -186.000000) (216.000000 3066.000000 -194.500000) (224.000000 3066.000000 -194.500000) 
4 445 471 (506.000000 3066.000000 -194.500000) (506.000000 3066.000000 -186.000000) (224.000000 3066.000000 -186.000000) (224.000000 3066.000000 -194.500000) 
4 445 468 (216.000000 3066.000000 -186.000000) (506.000000 3066.000000 -186.000000) (506.000000 3067.000000 -184.000000) (216.000000 3067.000000 -184.000000) 
4 446 491 (216.000000 3066.000000 -200.000000) (224.000000 3066.000000 -200.000000) (224.000000 3066.000000 -198.000000) (216.000000 3066.000000 -198.000000) 
4 446 471 (224.000000 3066.000000 -200.000000) (506.000000 3066.000000 -200.000000) (506.000000 3066.000000 -198.000000) (224.000000 3066.000000 -198.000000) 
4 446 469 (240.000000 3152.000000 -200.000000) (216.000000 3128.000000 -200.000000) (216.000000 3128.000000 -198.000000) (240.000000 3152.000000 -198.000000) 
6 446 463 (233.000000 3085.000000 -200.000000) (216.000000 3102.000000 -200.000000) (216.000000 3128.000000 -200.000000) (224.000000 3136.000000 -200.000000) (242.000000 3136.000000 -200.000000) (263.000000 3115.000000 -200.000000) 
4 446 462 (312.000000 3066.000000 -200.000000) (252.000000 3066.000000 -200.000000) (233.000000 3085.000000 -200.000000) (263.000000 3115.000000 -200.000000) 
3 446 467 (252.000000 3066.000000 -200.000000) (216.000000 3066.000000 -200.000000) (216.000000 3102.000000 -200.000000) 
3 446 461 (224.000000 3136.000000 -200.000000) (233.000000 3145.000000 -200.000000) (242.000000 3136.000000 -200.000000) 
6 446 452 (506.000000 3066.000000 -200.000000) (312.000000 3066.000000 -200.000000) (233.000000 3145.000000 -200.000000) (264.000000 3176.000000 -200.000000) (504.000000 3176.000000 -200.000000) (506.000000 3174.000000 -200.000000) 
4 446 451 (216.000000 3066.000000 -200.000000) (216.000000 3066.000000 -198.000000) (216.000000 3067.000000 -198.000000) (216.000000 3068.000000 -200.000000) 
4 446 448 (216.000000 3105.000000 -198.000000) (216.000000 3106.000000 -198.000000) (216.000000 3106.000000 -200.000000) (216.000000 3104.000000 -200.000000) 
4 446 447 (216.000000 3106.000000 -198.000000) (216.000000 3128.000000 -198.000000) (216.000000 3128.000000 -200.000000) (216.000000 3106.000000 -200.000000) 
4 447 469 (216.000000 3128.000000 -200.000000) (208.000000 3120.000000 -200.000000) (208.000000 3120.000000 -176.000000) (216.000000 3128.000000 -176.000000) 
5 447 463 (208.000000 3110.000000 -200.000000) (208.000000 3120.000000 -200.000000) (216.000000 3128.000000 -200.000000) (216.000000 3106.000000 -200.000000) (212.000000 3106.000000 -200.000000) 
3 447 467 (208.000000 3106.000000 -200.000000) (208.000000 3110.000000 -200.000000) (212.000000 3106.000000 -200.000000) 
4 447 450 (208.000000 3106.000000 -182.000000) (208.000000 3106.000000 -186.000000) (216.000000 3106.000000 -186.000000) (216.000000 3106.000000 -182.000000) 
4 447 449 (208.000000 3106.000000 -176.000000) (208.000000 3106.000000 -182.000000) (216.000000 3106.000000 -182.000000) (216.000000 3106.000000 -176.000000) 
4 447 448 (208.000000 3106.000000 -196.000000) (208.000000 3106.000000 -200.000000) (216.000000 3106.000000 -200.000000) (216.000000 3106.000000 -196.000000) 
4 448 463 (212.000000 3106.000000 -200.000000) (216.000000 3106.000000 -200.000000) (216.000000 3104.000000 -200.000000) (214.000000 3104.000000 -200.000000) 
4 448 467 (208.000000 3104.000000 -200.000000) (208.000000 3106.000000 -200.000000) (212.000000 3106.000000 -200.000000) (214.000000 3104.000000 -200.000000) 
4 449 450 (208.000000 3104.000000 -182.000000) (208.000000 3106.000000 -182.000000) (216.000000 3106.000000 -182.000000) (216.000000 3104.000000 -182.000000) 
4 449 468 (216.000000 3068.000000 -182.000000) (216.000000 3071.000000 -176.000000) (208.000000 3071.000000 -176.000000) (208.000000 3068.000000 -182.000000) 
4 451 491 (208.000000 3066.000000 -196.000000) (208.000000 3066.000000 -200.000000) (216.000000 3066.000000 -200.000000) (216.000000 3066.000000 -196.000000) 
4 451 467 (216.000000 3066.000000 -200.000000) (208.000000 3066.000000 -200.000000) (208.000000 3068.000000 -200.000000) (216.000000 3068.000000 -200.000000) 
4 452 471 (506.000000 3066.000000 -234.000000) (506.000000 3066.000000 -200.000000) (312.000000 3066.000000 -200.000000) (312.000000 3066.000000 -234.000000) 
4 452 470 (506.000000 3066.000000 -272.000000) (506.000000 3066.000000 -234.000000) (312.000000 3066.000000 -234.000000) (312.000000 3066.000000 -272.000000) 
4 452 480 (506.000000 3066.000000 -291.000000) (506.000000 3066.000000 -272.000000) (312.000000 3066.000000 -272.000000) (312.000000 3066.000000 -291.000000) 
4 452 469 (240.000000 3152.000000 -248.000000) (233.000000 3145.000000 -251.500000) (233.000000 3145.000000 -200.000000) (240.000000 3152.000000 -200.000000) 
4 452 463 (263.000000 3115.000000 -200.000000) (242.000000 3136.000000 -200.000000) (242.000000 3136.000000 -256.000000) (263.000000 3115.000000 -266.500000) 
4 452 462 (312.000000 3066.000000 -291.000000) (312.000000 3066.000000 -200.000000) (263.000000 3115.000000 -200.000000) (263.000000 3115.000000 -266.500000) 
4 452 461 (242.000000 3136.000000 -200.000000) (233.000000 3145.000000 -200.000000) (233.000000 3145.000000 -251.500000) (242.000000 3136.000000 -256.000000) 
4 452 459 (312.000000 3066.000000 -291.000000) (258.000000 3120.000000 -264.000000) (506.000000 3120.000000 -264.000000) (506.000000 3066.000000 -291.000000) 
5 452 453 (418.000000 3184.000000 -232.000000) (496.000000 3184.000000 -232.000000) (506.000000 3174.000000 -237.000000) (506.000000 3168.000000 -240.000000) (418.000000 3168.000000 -240.000000) 
4 452 455 (506.000000 3168.000000 -240.000000) (506.000000 3120.000000 -264.000000) (354.000000 3120.000000 -264.000000) (354.000000 3168.000000 -240.000000) 
5 452 456 (258.000000 3120.000000 -264.000000) (233.000000 3145.000000 -251.500000) (272.000000 3184.000000 -232.000000) (354.000000 3184.000000 -232.000000) (354.000000 3120.000000 -264.000000) 
4 453 457 (432.000000 3184.000000 -264.000000) (496.000000 3184.000000 -264.000000) (498.000000 3182.000000 -264.000000) (432.000000 3182.000000 -264.000000) 
5 453 459 (498.000000 3182.000000 -264.000000) (506.000000 3174.000000 -264.000000) (506.000000 3168.000000 -264.000000) (418.000000 3168.000000 -264.000000) (418.000000 3182.000000 -264.000000) 
4 453 454 (418.000000 3184.000000 -256.000000) (418.000000 3184.000000 -264.000000) (418.000000 3168.000000 -264.000000) (418.000000 3168.000000 -256.000000) 
4 453 455 (418.000000 3168.000000 -264.000000) (506.000000 3168.000000 -264.000000) (506.000000 3168.000000 -240.000000) (418.000000 3168.000000 -240.000000) 
4 454 459 (418.000000 3182.000000 -264.000000) (418.000000 3168.000000 -264.000000) (354.000000 3168.000000 -264.000000) (354.000000 3182.000000 -264.000000) 
4 454 456 (354.000000 3184.000000 -256.000000) (354.000000 3184.000000 -264.000000) (354.000000 3168.000000 -264.000000) (354.000000 3168.000000 -256.000000) 
4 454 455 (354.000000 3168.000000 -264.000000) (418.000000 3168.000000 -264.000000) (418.000000 3168.000000 -256.000000) (354.000000 3168.000000 -256.000000) 
4 455 459 (506.000000 3168.000000 -264.000000) (506.000000 3120.000000 -264.000000) (354.000000 3120.000000 -264.000000) (354.000000 3168.000000 -264.000000) 
3 455 456 (354.000000 3120.000000 -264.000000) (354.000000 3168.000000 -240.000000) (354.000000 3168.000000 -264.000000) 
4 456 469 (240.000000 3152.000000 -264.000000) (233.000000 3145.000000 -264.000000) (233.000000 3145.000000 -251.500000) (240.000000 3152.000000 -248.000000) 
3 456 463 (258.000000 3120.000000 -264.000000) (242.000000 3136.000000 -256.000000) (242.000000 3136.000000 -264.000000) 
4 456 461 (242.000000 3136.000000 -256.000000) (233.000000 3145.000000 -251.500000) (233.000000 3145.000000 -264.000000) (242.000000 3136.000000 -264.000000) 
4 456 458 (270.000000 3182.000000 -264.000000) (272.000000 3184.000000 -264.000000) (352.000000 3184.000000 -264.000000) (352.000000 3182.000000 -264.000000) 
5 456 459 (258.000000 3120.000000 -264.000000) (233.000000 3145.000000 -264.000000) (270.000000 3182.000000 -264.000000) (354.000000 3182.000000 -264.000000) (354.000000 3120.000000 -264.000000) 
4 457 459 (498.000000 3182.000000 -296.000000) (498.000000 3182.000000 -264.000000) (432.000000 3182.000000 -264.000000) (432.000000 3182.000000 -296.000000) 
4 457 460 (432.000000 3184.000000 -296.000000) (496.000000 3184.000000 -296.000000) (498.000000 3182.000000 -296.000000) (432.000000 3182.000000 -296.000000) 
4 458 460 (270.000000 3182.000000 -296.000000) (272.000000 3184.000000 -296.000000) (352.000000 3184.000000 -296.000000) (352.000000 3182.000000 -296.000000) 
4 458 459 (352.000000 3182.000000 -264.000000) (270.000000 3182.000000 -264.000000) (270.000000 3182.000000 -296.000000) (352.000000 3182.000000 -296.000000) 
4 459 480 (506.000000 3066.000000 -296.000000) (506.000000 3066.000000 -291.000000) (312.000000 3066.000000 -291.000000) (312.000000 3066.000000 -296.000000) 
4 459 469 (240.000000 3152.000000 -296.000000) (233.000000 3145.000000 -296.000000) (233.000000 3145.000000 -264.000000) (240.000000 3152.000000 -264.000000) 
5 459 463 (263.000000 3115.000000 -266.500000) (258.000000 3120.000000 -264.000000) (242.000000 3136.000000 -264.000000) (242.000000 3136.000000 -296.000000) (263.000000 3115.000000 -296.000000) 
4 459 462 (312.000000 3066.000000 -296.000000) (312.000000 3066.000000 -291.000000) (263.000000 3115.000000 -266.500000) (263.000000 3115.000000 -296.000000) 
4 459 461 (242.000000 3136.000000 -264.000000) (233.000000 3145.000000 -264.000000) (233.000000 3145.000000 -296.000000) (242.000000 3136.000000 -296.000000) 
6 459 460 (506.000000 3066.000000 -296.000000) (312.000000 3066.000000 -296.000000) (233.000000 3145.000000 -296.000000) (270.000000 3182.000000 -296.000000) (498.000000 3182.000000 -296.000000) (506.000000 3174.000000 -296.000000) 
4 460 481 (312.000000 3066.000000 -432.000000) (506.000000 3066.000000 -432.000000) (506.000000 3066.000000 -352.000000) (312.000000 3066.000000 -352.000000) 
4 460 480 (506.000000 3066.000000 -352.000000) (506.000000 3066.000000 -296.000000) (312.000000 3066.000000 -296.000000) (312.000000 3066.000000 -352.000000) 
4 460 469 (240.000000 3152.000000 -432.000000) (233.000000 3145.000000 -432.000000) (233.000000 3145.000000 -296.000000) (240.000000 3152.000000 -296.000000) 
4 460 464 (254.000000 3124.000000 -432.000000) (263.000000 3115.000000 -432.000000) (263.000000 3115.000000 -376.000000) (254.000000 3124.000000 -376.000000) 
4 460 463 (263.000000 3115.000000 -296.000000) (242.000000 3136.000000 -296.000000) (242.000000 3136.000000 -376.000000) (263.000000 3115.000000 -376.000000) 
4 460 462 (312.000000 3066.000000 -432.000000) (312.000000 3066.000000 -296.000000) (263.000000 3115.000000 -296.000000) (263.000000 3115.000000 -432.000000) 
4 460 461 (242.000000 3136.000000 -296.000000) (233.000000 3145.000000 -296.000000) (233.000000 3145.000000 -432.000000) (242.000000 3136.000000 -432.000000) 
4 461 469 (233.000000 3145.000000 -432.000000) (224.000000 3136.000000 -432.000000) (224.000000 3136.000000 -200.000000) (233.000000 3145.000000 -200.000000) 
4 461 463 (224.000000 3136.000000 -200.000000) (224.000000 3136.000000 -376.000000) (242.000000 3136.000000 -376.000000) (242.000000 3136.000000 -200.000000) 
4 462 481 (252.000000 3066.000000 -432.000000) (312.000000 3066.000000 -432.000000) (312.000000 3066.000000 -352.000000) (252.000000 3066.000000 -352.000000) 
4 462 471 (312.000000 3066.000000 -234.000000) (312.000000 3066.000000 -200.000000) (252.000000 3066.000000 -200.000000) (252.000000 3066.000000 -234.000000) 
4 462 470 (312.000000 3066.000000 -272.000000) (312.000000 3066.000000 -234.000000) (252.000000 3066.000000 -234.000000) (252.000000 3066.000000 -272.000000) 
4 462 480 (312.000000 3066.000000 -352.000000) (312.000000 3066.000000 -272.000000) (252.000000 3066.000000 -272.000000) (252.000000 3066.000000 -352.000000) 
4 462 466 (242.000000 3094.000000 -432.000000) (233.000000 3085.000000 -432.000000) (233.000000 3085.000000 -376.000000) (242.000000 3094.000000 -376.000000) 
4 462 464 (263.000000 3115.000000 -376.000000) (263.000000 3115.000000 -432.000000) (254.000000 3106.000000 -432.000000) (254.000000 3106.000000 -376.000000) 
4 462 463 (263.000000 3115.000000 -200.000000) (263.000000 3115.000000 -376.000000) (233.000000 3085.000000 -376.000000) (233.000000 3085.000000 -200.000000) 
4 462 467 (252.000000 3066.000000 -432.000000) (252.000000 3066.000000 -200.000000) (233.000000 3085.000000 -200.000000) (233.000000 3085.000000 -432.000000) 
4 463 469 (208.000000 3120.000000 -376.000000) (208.000000 3120.000000 -200.000000) (224.000000 3136.000000 -200.000000) (224.000000 3136.000000 -376.000000) 
4 463 465 (212.000000 3106.000000 -376.000000) (208.000000 3110.000000 -376.000000) (208.000000 3120.000000 -376.000000) (212.000000 3124.000000 -376.000000) 
3 463 466 (233.000000 3085.000000 -376.000000) (224.000000 3094.000000 -376.000000) (242.000000 3094.000000 -376.000000) 
3 463 464 (254.000000 3124.000000 -376.000000) (263.000000 3115.000000 -376.000000) (254.000000 3106.000000 -376.000000) 
4 463 467 (233.000000 3085.000000 -200.000000) (208.000000 3110.000000 -200.000000) (208.000000 3110.000000 -376.000000) (233.000000 3085.000000 -376.000000) 
4 465 469 (212.000000 3124.000000 -432.000000) (208.000000 3120.000000 -432.000000) (208.000000 3120.000000 -376.000000) (212.000000 3124.000000 -376.000000) 
4 465 467 (208.000000 3110.000000 -376.000000) (208.000000 3110.000000 -432.000000) (212.000000 3106.000000 -432.000000) (212.000000 3106.000000 -376.000000) 
4 466 467 (224.000000 3094.000000 -432.000000) (233.000000 3085.000000 -432.000000) (233.000000 3085.000000 -376.000000) (224.000000 3094.000000 -376.000000) 
4 467 492 (208.000000 3066.000000 -238.000000) (208.000000 3066.000000 -350.000000) (224.000000 3066.000000 -350.000000) (224.000000 3066.000000 -238.000000) 
4 467 491 (208.000000 3066.000000 -200.000000) (208.000000 3066.000000 -238.000000) (224.000000 3066.000000 -238.000000) (224.000000 3066.000000 -200.000000) 
4 467 498 (208.000000 3066.000000 -350.000000) (208.000000 3066.000000 -432.000000) (224.000000 3066.000000 -432.000000) (224.000000 3066.000000 -350.000000) 
4 467 481 (224.000000 3066.000000 -432.000000) (252.000000 3066.000000 -432.000000) (252.000000 3066.000000 -352.000000) (224.000000 3066.000000 -352.000000) 
4 467 471 (252.000000 3066.000000 -234.000000) (252.000000 3066.000000 -200.000000) (224.000000 3066.000000 -200.000000) (224.000000 3066.000000 -234.000000) 
4 467 470 (252.000000 3066.000000 -272.000000) (252.000000 3066.000000 -234.000000) (224.000000 3066.000000 -234.000000) (224.000000 3066.000000 -272.000000) 
4 467 480 (252.000000 3066.000000 -352.000000) (252.000000 3066.000000 -272.000000) (224.000000 3066.000000 -272.000000) (224.000000 3066.000000 -352.000000) 
4 468 491 (224.000000 3066.000000 -176.000000) (208.000000 3066.000000 -176.000000) (208.000000 3066.000000 -186.000000) (224.000000 3066.000000 -186.000000) 
4 468 471 (656.000000 3066.000000 -176.000000) (224.000000 3066.000000 -176.000000) (224.000000 3066.000000 -186.000000) (656.000000 3066.000000 -186.000000) 
3 470 493 (224.000000 3048.000000 -272.000000) (224.000000 3036.000000 -272.000000) (224.000000 3048.000000 -260.000000) 
5 470 492 (224.000000 3066.000000 -238.000000) (224.000000 3066.000000 -272.000000) (224.000000 3048.000000 -272.000000) (224.000000 3048.000000 -252.000000) (224.000000 3064.000000 -236.000000) 
3 470 491 (224.000000 3066.000000 -234.000000) (224.000000 3066.000000 -238.000000) (224.000000 3064.000000 -236.000000) 
4 470 473 (656.000000 3044.000000 -256.000000) (656.000000 3060.000000 -240.000000) (224.000000 3060.000000 -240.000000) (224.000000 3044.000000 -256.000000) 
4 470 471 (656.000000 3060.000000 -240.000000) (656.000000 3066.000000 -234.000000) (224.000000 3066.000000 -234.000000) (224.000000 3060.000000 -240.000000) 
4 470 480 (224.000000 3028.000000 -272.000000) (224.000000 3066.000000 -272.000000) (656.000000 3066.000000 -272.000000) (656.000000 3028.000000 -272.000000) 
4 471 494 (224.000000 3024.000000 -204.000000) (224.000000 3008.000000 -188.000000) (224.000000 3012.000000 -184.000000) (224.000000 3032.000000 -204.000000) 
4 471 496 (224.000000 3008.000000 -188.000000) (224.000000 2996.000000 -176.000000) (224.000000 3004.000000 -176.000000) (224.000000 3012.000000 -184.000000) 
4 471 492 (224.000000 3064.000000 -236.000000) (224.000000 3060.000000 -240.000000) (224.000000 3048.000000 -228.000000) (224.000000 3048.000000 -220.000000) 
4 471 491 (224.000000 3066.000000 -176.000000) (224.000000 3066.000000 -234.000000) (224.000000 3064.000000 -236.000000) (224.000000 3004.000000 -176.000000) 
4 471 473 (224.000000 3060.000000 -240.000000) (656.000000 3060.000000 -240.000000) (656.000000 3044.000000 -224.000000) (224.000000 3044.000000 -224.000000) 
4 471 472 (656.000000 3028.000000 -208.000000) (656.000000 3012.000000 -192.000000) (224.000000 3012.000000 -192.000000) (224.000000 3028.000000 -208.000000) 
4 471 475 (656.000000 3012.000000 -192.000000) (656.000000 2996.000000 -176.000000) (224.000000 2996.000000 -176.000000) (224.000000 3012.000000 -192.000000) 
3 472 494 (224.000000 3000.000000 -204.000000) (224.000000 3012.000000 -192.000000) (224.000000 3024.000000 -204.000000) 
4 472 475 (656.000000 2996.000000 -208.000000) (656.000000 3012.000000 -192.000000) (224.000000 3012.000000 -192.000000) (224.000000 2996.000000 -208.000000) 
3 473 492 (224.000000 3060.000000 -240.000000) (224.000000 3048.000000 -252.000000) (224.000000 3048.000000 -228.000000) 
4 474 497 (224.000000 2976.000000 -256.000000) (224.000000 2972.000000 -256.000000) (224.000000 2960.000000 -244.000000) (224.000000 2976.000000 -228.000000) 
3 474 498 (224.000000 2972.000000 -256.000000) (224.000000 2960.000000 -256.000000) (224.000000 2960.000000 -244.000000) 
4 474 479 (224.000000 2960.000000 -256.000000) (224.000000 2980.000000 -256.000000) (656.000000 2980.000000 -256.000000) (656.000000 2960.000000 -256.000000) 
4 474 477 (424.000000 2960.000000 -256.000000) (656.000000 2960.000000 -256.000000) (656.000000 2960.000000 -244.000000) (424.000000 2960.000000 -244.000000) 
4 474 478 (224.000000 2960.000000 -244.000000) (224.000000 2960.000000 -256.000000) (360.000000 2960.000000 -256.000000) (360.000000 2960.000000 -244.000000) 
4 474 475 (656.000000 2960.000000 -244.000000) (656.000000 2980.000000 -224.000000) (224.000000 2980.000000 -224.000000) (224.000000 2960.000000 -244.000000) 
4 475 494 (224.000000 3008.000000 -188.000000) (224.000000 3012.000000 -192.000000) (224.000000 3000.000000 -204.000000) (224.000000 2992.000000 -204.000000) 
4 475 496 (224.000000 2976.000000 -176.000000) (224.000000 2996.000000 -176.000000) (224.000000 3008.000000 -188.000000) (224.000000 2976.000000 -220.000000) 
4 475 497 (224.000000 2960.000000 -244.000000) (224.000000 2960.000000 -176.000000) (224.000000 2976.000000 -176.000000) (224.000000 2976.000000 -228.000000) 
4 475 477 (424.000000 2960.000000 -244.000000) (656.000000 2960.000000 -244.000000) (656.000000 2960.000000 -240.000000) (424.000000 2960.000000 -240.000000) 
4 475 478 (224.000000 2960.000000 -240.000000) (224.000000 2960.000000 -244.000000) (360.000000 2960.000000 -244.000000) (360.000000 2960.000000 -240.000000) 
4 475 476 (224.000000 2960.000000 -176.000000) (224.000000 2960.000000 -240.000000) (656.000000 2960.000000 -240.000000) (656.000000 2960.000000 -176.000000) 
5 476 497 (224.000000 2944.000000 -228.000000) (224.000000 2944.000000 -176.000000) (224.000000 2960.000000 -176.000000) (224.000000 2960.000000 -240.000000) (224.000000 2952.000000 -236.000000) 
3 476 498 (224.000000 2944.000000 -232.000000) (224.000000 2944.000000 -228.000000) (224.000000 2952.000000 -236.000000) 
4 476 477 (424.000000 2960.000000 -240.000000) (656.000000 2960.000000 -240.000000) (656.000000 2944.000000 -232.000000) (424.000000 2944.000000 -232.000000) 
4 476 478 (224.000000 2960.000000 -240.000000) (360.000000 2960.000000 -240.000000) (360.000000 2944.000000 -232.000000) (224.000000 2944.000000 -232.000000) 
4 477 479 (656.000000 2944.000000 -256.000000) (424.000000 2944.000000 -256.000000) (424.000000 2960.000000 -256.000000) (656.000000 2960.000000 -256.000000) 
3 478 497 (224.000000 2952.000000 -236.000000) (224.000000 2960.000000 -240.000000) (224.000000 2960.000000 -244.000000) 
5 478 498 (224.000000 2960.000000 -256.000000) (224.000000 2944.000000 -256.000000) (224.000000 2944.000000 -232.000000) (224.000000 2952.000000 -236.000000) (224.000000 2960.000000 -244.000000) 
4 478 479 (360.000000 2944.000000 -256.000000) (224.000000 2944.000000 -256.000000) (224.000000 2960.000000 -256.000000) (360.000000 2960.000000 -256.000000) 
3 479 497 (224.000000 2976.000000 -260.000000) (224.000000 2972.000000 -256.000000) (224.000000 2976.000000 -256.000000) 
4 479 498 (224.000000 2988.000000 -272.000000) (224.000000 2944.000000 -272.000000) (224.000000 2944.000000 -256.000000) (224.000000 2972.000000 -256.000000) 
4 479 480 (656.000000 2944.000000 -272.000000) (224.000000 2944.000000 -272.000000) (224.000000 2996.000000 -272.000000) (656.000000 2996.000000 -272.000000) 
4 480 493 (224.000000 3036.000000 -272.000000) (224.000000 3048.000000 -272.000000) (224.000000 3048.000000 -276.000000) (224.000000 3032.000000 -276.000000) 
3 480 495 (224.000000 3048.000000 -332.000000) (224.000000 2992.000000 -276.000000) (224.000000 3048.000000 -276.000000) 
4 480 492 (224.000000 3066.000000 -272.000000) (224.000000 3066.000000 -350.000000) (224.000000 3048.000000 -332.000000) (224.000000 3048.000000 -272.000000) 
5 480 498 (224.000000 3066.000000 -350.000000) (224.000000 3066.000000 -352.000000) (224.000000 2944.000000 -352.000000) (224.000000 2944.000000 -272.000000) (224.000000 2988.000000 -272.000000) 
4 480 485 (304.000000 2944.000000 -352.000000) (264.000000 2944.000000 -352.000000) (264.000000 2984.000000 -352.000000) (304.000000 2984.000000 -352.000000) 
4 480 486 (264.000000 2944.000000 -352.000000) (240.000000 2944.000000 -352.000000) (240.000000 2984.000000 -352.000000) (264.000000 2984.000000 -352.000000) 
4 480 484 (520.000000 2944.000000 -352.000000) (304.000000 2944.000000 -352.000000) (304.000000 2984.000000 -352.000000) (520.000000 2984.000000 -352.000000) 
4 480 483 (240.000000 2984.000000 -352.000000) (240.000000 3008.000000 -352.000000) (520.000000 3008.000000 -352.000000) (520.000000 2984.000000 -352.000000) 
4 480 482 (632.000000 2944.000000 -352.000000) (616.000000 2944.000000 -352.000000) (616.000000 3008.000000 -352.000000) (632.000000 3008.000000 -352.000000) 
4 480 490 (240.000000 2944.000000 -352.000000) (224.000000 2944.000000 -352.000000) (224.000000 3008.000000 -352.000000) (240.000000 3008.000000 -352.000000) 
4 480 481 (224.000000 3066.000000 -352.000000) (656.000000 3066.000000 -352.000000) (656.000000 3008.000000 -352.000000) (224.000000 3008.000000 -352.000000) 
4 481 498 (224.000000 3066.000000 -352.000000) (224.000000 3066.000000 -432.000000) (224.000000 3008.000000 -432.000000) (224.000000 3008.000000 -352.000000) 
4 481 487 (240.000000 3008.000000 -400.000000) (240.000000 3008.000000 -432.000000) (520.000000 3008.000000 -432.000000) (520.000000 3008.000000 -400.000000) 
4 481 483 (520.000000 3008.000000 -352.000000) (240.000000 3008.000000 -352.000000) (240.000000 3008.000000 -400.000000) (520.000000 3008.000000 -400.000000) 
4 481 482 (632.000000 3008.000000 -352.000000) (616.000000 3008.000000 -352.000000) (616.000000 3008.000000 -432.000000) (632.000000 3008.000000 -432.000000) 
4 481 490 (240.000000 3008.000000 -352.000000) (224.000000 3008.000000 -352.000000) (224.000000 3008.000000 -432.000000) (240.000000 3008.000000 -432.000000) 
4 483 487 (240.000000 2984.000000 -400.000000) (240.000000 3008.000000 -400.000000) (520.000000 3008.000000 -400.000000) (520.000000 2984.000000 -400.000000) 
4 483 485 (304.000000 2984.000000 -352.000000) (264.000000 2984.000000 -352.000000) (264.000000 2984.000000 -368.000000) (304.000000 2984.000000 -368.000000) 
4 483 486 (264.000000 2984.000000 -352.000000) (240.000000 2984.000000 -352.000000) (240.000000 2984.000000 -400.000000) (264.000000 2984.000000 -400.000000) 
4 483 484 (520.000000 2984.000000 -400.000000) (520.000000 2984.000000 -352.000000) (304.000000 2984.000000 -352.000000) (304.000000 2984.000000 -400.000000) 
4 483 490 (240.000000 3008.000000 -352.000000) (240.000000 3008.000000 -400.000000) (240.000000 2984.000000 -400.000000) (240.000000 2984.000000 -352.000000) 
4 484 488 (328.000000 2984.000000 -400.000000) (520.000000 2984.000000 -400.000000) (520.000000 2944.000000 -400.000000) (328.000000 2944.000000 -400.000000) 
4 484 485 (304.000000 2944.000000 -368.000000) (304.000000 2944.000000 -352.000000) (304.000000 2984.000000 -352.000000) (304.000000 2984.000000 -368.000000) 
4 485 486 (264.000000 2984.000000 -352.000000) (264.000000 2984.000000 -368.000000) (264.000000 2944.000000 -368.000000) (264.000000 2944.000000 -352.000000) 
4 486 490 (240.000000 2984.000000 -400.000000) (240.000000 2944.000000 -400.000000) (240.000000 2944.000000 -352.000000) (240.000000 2984.000000 -352.000000) 
4 487 489 (280.000000 2984.000000 -432.000000) (288.000000 2984.000000 -432.000000) (288.000000 2984.000000 -400.000000) (280.000000 2984.000000 -400.000000) 
4 487 488 (328.000000 2984.000000 -432.000000) (520.000000 2984.000000 -432.000000) (520.000000 2984.000000 -400.000000) (328.000000 2984.000000 -400.000000) 
4 487 490 (240.000000 3008.000000 -400.000000) (240.000000 3008.000000 -432.000000) (240.000000 2984.000000 -432.000000) (240.000000 2984.000000 -400.000000) 
4 490 498 (224.000000 3008.000000 -432.000000) (224.000000 2944.000000 -432.000000) (224.000000 2944.000000 -352.000000) (224.000000 3008.000000 -352.000000) 
4 491 494 (224.000000 3032.000000 -204.000000) (224.000000 3012.000000 -184.000000) (208.000000 3012.000000 -184.000000) (208.000000 3032.000000 -204.000000) 
4 491 496 (224.000000 3012.000000 -184.000000) (224.000000 3004.000000 -176.000000) (208.000000 3004.000000 -176.000000) (208.000000 3012.000000 -184.000000) 
4 491 492 (224.000000 3066.000000 -238.000000) (224.000000 3048.000000 -220.000000) (208.000000 3048.000000 -220.000000) (208.000000 3066.000000 -238.000000) 
4 492 493 (208.000000 3048.000000 -260.000000) (208.000000 3048.000000 -276.000000) (224.000000 3048.000000 -276.000000) (224.000000 3048.000000 -260.000000) 
4 492 495 (208.000000 3048.000000 -276.000000) (208.000000 3048.000000 -332.000000) (224.000000 3048.000000 -332.000000) (224.000000 3048.000000 -276.000000) 
4 492 498 (224.000000 3066.000000 -350.000000) (224.000000 3048.000000 -332.000000) (208.000000 3048.000000 -332.000000) (208.000000 3066.000000 -350.000000) 
4 493 495 (208.000000 3032.000000 -276.000000) (208.000000 3048.000000 -276.000000) (224.000000 3048.000000 -276.000000) (224.000000 3032.000000 -276.000000) 
4 494 496 (224.000000 2992.000000 -204.000000) (224.000000 3012.000000 -184.000000) (208.000000 3012.000000 -184.000000) (208.000000 2992.000000 -204.000000) 
4 495 498 (224.000000 3048.000000 -332.000000) (224.000000 2992.000000 -276.000000) (208.000000 2992.000000 -276.000000) (208.000000 3048.000000 -332.000000) 
4 496 497 (208.000000 2976.000000 -176.000000) (208.000000 2976.000000 -220.000000) (224.000000 2976.000000 -220.000000) (224.000000 2976.000000 -176.000000) 
4 497 498 (224.000000 2976.000000 -260.000000) (224.000000 2944.000000 -228.000000) (208.000000 2944.000000 -228.000000) (208.000000 2976.000000 -260.000000) 
4 499 562 (656.000000 2400.000000 -304.000000) (656.000000 2400.000000 -224.000000) (484.113164 2400.000000 -224.000000) (484.113164 2400.000000 -304.000000) 
4 499 517 (656.000000 2400.000000 -224.000000) (656.000000 2400.000000 -176.000000) (484.113164 2400.000000 -176.000000) (484.113164 2400.000000 -224.000000) 
4 499 515 (656.000000 2400.000000 -176.000000) (640.000000 2400.000000 -144.000000) (484.113164 2400.000000 -144.000000) (484.113164 2400.000000 -176.000000) 
3 499 511 (656.000000 2400.000000 -176.000000) (656.000000 2400.000000 -144.000000) (640.000000 2400.000000 -144.000000) 
4 499 508 (632.000000 2408.000000 -128.000000) (476.114421 2408.000000 -128.000000) (484.113164 2400.000000 -144.000000) (640.000000 2400.000000 -144.000000) 
4 499 503 (388.128247 2496.000000 -248.000000) (388.128247 2496.000000 -304.000000) (389.698000 2494.430000 -304.000000) (389.698000 2494.430000 -248.000000) 
4 499 502 (402.426000 2481.700000 -304.000000) (410.909667 2473.215000 -304.000000) (410.909667 2473.215000 -248.000000) (402.426000 2481.700000 -248.000000) 
4 499 501 (410.909667 2473.215000 -304.000000) (484.113164 2400.000000 -304.000000) (484.113164 2400.000000 -248.000000) (410.909667 2473.215000 -248.000000) 
6 499 500 (484.113164 2400.000000 -144.000000) (476.114421 2408.000000 -128.000000) (436.120705 2448.000000 -128.000000) (388.128247 2496.000000 -176.000000) (388.128247 2496.000000 -248.000000) (484.113164 2400.000000 -248.000000) 
4 500 562 (424.719830 2400.000000 -224.000000) (424.719830 2400.000000 -248.000000) (484.113164 2400.000000 -248.000000) (484.113164 2400.000000 -224.000000) 
4 500 517 (424.719830 2400.000000 -176.000000) (424.719830 2400.000000 -224.000000) (484.113164 2400.000000 -224.000000) (484.113164 2400.000000 -176.000000) 
4 500 515 (484.113164 2400.000000 -144.000000) (424.719830 2400.000000 -144.000000) (424.719830 2400.000000 -176.000000) (484.113164 2400.000000 -176.000000) 
4 500 508 (476.114421 2408.000000 -128.000000) (416.721087 2408.000000 -128.000000) (424.719830 2400.000000 -144.000000) (484.113164 2400.000000 -144.000000) 
3 500 504 (381.213000 2443.513667 -248.000000) (372.728000 2452.000000 -248.000000) (389.698000 2452.000000 -248.000000) 
4 500 503 (372.728000 2494.430000 -248.000000) (374.297753 2496.000000 -248.000000) (388.128247 2496.000000 -248.000000) (389.698000 2494.430000 -248.000000) 
3 500 505 (360.000000 2481.700000 -248.000000) (360.000000 2496.000000 -248.000000) (374.297753 2496.000000 -248.000000) 
3 500 502 (402.426000 2481.700000 -248.000000) (410.909667 2473.215000 -248.000000) (402.426000 2464.730000 -248.000000) 
4 500 501 (484.113164 2400.000000 -248.000000) (424.719830 2400.000000 -248.000000) (381.213000 2443.513667 -248.000000) (410.909667 2473.215000 -248.000000) 
6 500 506 (424.719830 2400.000000 -144.000000) (416.721087 2408.000000 -128.000000) (376.727372 2448.000000 -128.000000) (360.000000 2464.730000 -144.730000) (360.000000 2464.730000 -248.000000) (424.719830 2400.000000 -248.000000) 
4 500 507 (360.000000 2464.730000 -144.730000) (360.000000 2496.000000 -176.000000) (360.000000 2496.000000 -248.000000) (360.000000 2464.730000 -248.000000) 
4 501 562 (424.719830 2400.000000 -248.000000) (424.719830 2400.000000 -304.000000) (484.113164 2400.000000 -304.000000) (484.113164 2400.000000 -248.000000) 
4 501 504 (389.698000 2452.000000 -304.000000) (381.213000 2443.513667 -304.000000) (381.213000 2443.513667 -248.000000) (389.698000 2452.000000 -248.000000) 
4 501 502 (410.909667 2473.215000 -248.000000) (410.909667 2473.215000 -304.000000) (402.426000 2464.730000 -304.000000) (402.426000 2464.730000 -248.000000) 
4 501 506 (381.213000 2443.513667 -304.000000) (424.719830 2400.000000 -304.000000) (424.719830 2400.000000 -248.000000) (381.213000 2443.513667 -248.000000) 
4 503 505 (374.297753 2496.000000 -248.000000) (374.297753 2496.000000 -304.000000) (372.728000 2494.430000 -304.000000) (372.728000 2494.430000 -248.000000) 
4 504 506 (372.728000 2452.000000 -304.000000) (381.213000 2443.513667 -304.000000) (381.213000 2443.513667 -248.000000) (372.728000 2452.000000 -248.000000) 
4 505 507 (360.000000 2496.000000 -248.000000) (360.000000 2496.000000 -304.000000) (360.000000 2481.700000 -304.000000) (360.000000 2481.700000 -248.000000) 
4 506 562 (360.000000 2400.000000 -224.000000) (360.000000 2400.000000 -304.000000) (424.719830 2400.000000 -304.000000) (424.719830 2400.000000 -224.000000) 
4 506 518 (376.000000 2400.000000 -144.000000) (360.000000 2400.000000 -144.000000) (360.000000 2400.000000 -224.000000) (416.000000 2400.000000 -224.000000) 
4 506 517 (392.000000 2400.000000 -176.000000) (416.000000 2400.000000 -224.000000) (424.719830 2400.000000 -224.000000) (424.719830 2400.000000 -176.000000) 
3 506 516 (392.000000 2400.000000 -144.000000) (376.000000 2400.000000 -144.000000) (384.000000 2400.000000 -160.000000) 
5 506 515 (424.719830 2400.000000 -144.000000) (392.000000 2400.000000 -144.000000) (384.000000 2400.000000 -160.000000) (392.000000 2400.000000 -176.000000) (424.719830 2400.000000 -176.000000) 
4 506 508 (416.721087 2408.000000 -128.000000) (400.000000 2408.000000 -128.000000) (392.000000 2400.000000 -144.000000) (424.719830 2400.000000 -144.000000) 
4 506 509 (368.000000 2408.000000 -128.000000) (360.000000 2408.000000 -128.000000) (360.000000 2400.000000 -144.000000) (376.000000 2400.000000 -144.000000) 
6 506 507 (360.000000 2448.000000 -128.000000) (360.000000 2464.730000 -144.730000) (360.000000 2464.730000 -304.000000) (360.000000 2400.000000 -304.000000) (360.000000 2400.000000 -144.000000) (360.000000 2408.000000 -128.000000) 
4 507 562 (208.000000 2400.000000 -224.000000) (208.000000 2400.000000 -304.000000) (360.000000 2400.000000 -304.000000) (360.000000 2400.000000 -224.000000) 
4 507 518 (360.000000 2400.000000 -144.000000) (208.000000 2400.000000 -144.000000) (208.000000 2400.000000 -224.000000) (360.000000 2400.000000 -224.000000) 
6 507 510 (208.000000 2496.000000 -304.000000) (208.000000 2400.000000 -304.000000) (208.000000 2400.000000 -144.000000) (208.000000 2408.000000 -128.000000) (208.000000 2448.000000 -128.000000) (208.000000 2496.000000 -176.000000) 
4 507 509 (360.000000 2408.000000 -128.000000) (208.000000 2408.000000 -128.000000) (208.000000 2400.000000 -144.000000) (360.000000 2400.000000 -144.000000) 
4 508 512 (398.000000 2400.000000 -132.000000) (396.000000 2400.000000 -136.000000) (636.000000 2400.000000 -136.000000) (634.000000 2400.000000 -132.000000) 
4 508 515 (396.000000 2400.000000 -136.000000) (392.000000 2400.000000 -144.000000) (640.000000 2400.000000 -144.000000) (636.000000 2400.000000 -136.000000) 
4 509 518 (208.000000 2400.000000 -132.000000) (208.000000 2400.000000 -144.000000) (376.000000 2400.000000 -144.000000) (370.000000 2400.000000 -132.000000) 
3 509 510 (208.000000 2400.000000 -144.000000) (208.000000 2400.000000 -128.000000) (208.000000 2408.000000 -128.000000) 
4 510 577 (-23.774622 2400.000000 -224.000000) (-23.774622 2400.000000 -304.000000) (48.000000 2400.000000 -304.000000) (48.000000 2400.000000 -224.000000) 
4 510 562 (48.000000 2400.000000 -304.000000) (208.000000 2400.000000 -304.000000) (208.000000 2400.000000 -224.000000) (48.000000 2400.000000 -224.000000) 
3 510 546 (-23.774622 2400.000000 -216.872981) (-23.774622 2400.000000 -224.000000) (-18.735045 2400.000000 -224.000000) 
5 510 529 (89.987945 2400.000000 -128.884362) (-23.774622 2400.000000 -176.008451) (-23.774622 2400.000000 -216.872981) (-18.735045 2400.000000 -224.000000) (157.245045 2400.000000 -224.000000) 
5 510 519 (208.000000 2400.000000 -128.000000) (92.122889 2400.000000 -128.000000) (89.987945 2400.000000 -128.884362) (92.191040 2400.000000 -132.000000) (208.000000 2400.000000 -132.000000) 
4 510 518 (92.191040 2400.000000 -132.000000) (157.245045 2400.000000 -224.000000) (208.000000 2400.000000 -224.000000) (208.000000 2400.000000 -132.000000) 
3 511 517 (656.000000 2400.000000 -176.000000) (656.000000 2384.000000 -144.000000) (640.000000 2384.000000 -144.000000) 
3 511 515 (640.000000 2400.000000 -144.000000) (656.000000 2400.000000 -176.000000) (640.000000 2384.000000 -144.000000) 
4 512 515 (396.000000 2396.000000 -136.000000) (396.000000 2400.000000 -136.000000) (636.000000 2400.000000 -136.000000) (636.000000 2396.000000 -136.000000) 
4 513 514 (396.000000 2384.000000 -136.000000) (636.000000 2384.000000 -136.000000) (634.000000 2384.000000 -132.000000) (398.000000 2384.000000 -132.000000) 
4 513 515 (396.000000 2384.000000 -136.000000) (396.000000 2388.000000 -136.000000) (636.000000 2388.000000 -136.000000) (636.000000 2384.000000 -136.000000) 
4 514 517 (636.000000 2380.000000 -136.000000) (632.000000 2376.000000 -128.000000) (400.000000 2376.000000 -128.000000) (396.000000 2380.000000 -136.000000) 
4 514 515 (636.000000 2380.000000 -136.000000) (396.000000 2380.000000 -136.000000) (396.000000 2384.000000 -136.000000) (636.000000 2384.000000 -136.000000) 
3 515 518 (384.000000 2400.000000 -160.000000) (392.000000 2400.000000 -176.000000) (384.000000 2392.000000 -160.000000) 
5 515 517 (392.000000 2400.000000 -176.000000) (656.000000 2400.000000 -176.000000) (636.000000 2380.000000 -136.000000) (396.000000 2380.000000 -136.000000) (384.000000 2392.000000 -160.000000) 
4 515 516 (384.000000 2392.000000 -160.000000) (392.000000 2384.000000 -144.000000) (392.000000 2400.000000 -144.000000) (384.000000 2400.000000 -160.000000) 
3 516 525 (377.333333 2385.333333 -146.666667) (376.000000 2384.000000 -144.000000) (376.000000 2388.000000 -144.000000) 
5 516 518 (376.000000 2400.000000 -144.000000) (384.000000 2400.000000 -160.000000) (384.000000 2392.000000 -160.000000) (377.333333 2385.333333 -146.666667) (376.000000 2388.000000 -144.000000) 
3 516 517 (376.000000 2384.000000 -144.000000) (384.000000 2392.000000 -160.000000) (392.000000 2384.000000 -144.000000) 
4 517 562 (416.000000 2400.000000 -224.000000) (656.000000 2400.000000 -224.000000) (656.000000 2288.000000 -224.000000) (416.000000 2288.000000 -224.000000) 
6 517 525 (416.000000 2308.000000 -224.000000) (416.000000 2288.000000 -224.000000) (392.000000 2288.000000 -176.000000) (368.000000 2336.000000 -128.000000) (368.000000 2376.000000 -128.000000) (377.333333 2385.333333 -146.666667) 
4 517 518 (392.000000 2400.000000 -176.000000) (416.000000 2400.000000 -224.000000) (416.000000 2308.000000 -224.000000) (377.333333 2385.333333 -146.666667) 
5 518 562 (73.254548 2308.000000 -224.000000) (69.255000 2312.000000 -224.000000) (157.245045 2400.000000 -224.000000) (416.000000 2400.000000 -224.000000) (416.000000 2308.000000 -224.000000) 
3 518 535 (69.255000 2312.000000 -224.000000) (73.254548 2308.000000 -224.000000) (66.426565 2312.000000 -220.000000) 
4 518 529 (69.255000 2312.000000 -224.000000) (66.426565 2312.000000 -220.000000) (92.191040 2400.000000 -132.000000) (157.245045 2400.000000 -224.000000) 
4 518 524 (374.000000 2392.000000 -140.000000) (372.000000 2396.000000 -136.000000) (227.313876 2396.000000 -136.000000) (208.000000 2392.000000 -140.000000) 
4 518 525 (208.000000 2308.000000 -224.000000) (416.000000 2308.000000 -224.000000) (374.000000 2392.000000 -140.000000) (208.000000 2392.000000 -140.000000) 
3 518 522 (208.000000 2396.000000 -136.000000) (208.000000 2392.000000 -140.000000) (227.313876 2396.000000 -136.000000) 
5 518 520 (66.426565 2312.000000 -220.000000) (73.254548 2308.000000 -224.000000) (208.000000 2308.000000 -224.000000) (208.000000 2400.000000 -132.000000) (76.207611 2345.407706 -186.592294) 
3 518 519 (208.000000 2400.000000 -132.000000) (92.191040 2400.000000 -132.000000) (76.207611 2345.407706 -186.592294) 
6 519 529 (23.997613 2323.780785 -143.337952) (24.000000 2334.630000 -128.000000) (87.411019 2398.048193 -128.000000) (89.987945 2400.000000 -128.884362) (92.191040 2400.000000 -132.000000) (76.207611 2345.407706 -186.592294) 
4 519 520 (23.997613 2323.780785 -143.337952) (76.207611 2345.407706 -186.592294) (208.000000 2400.000000 -132.000000) (29.671746 2326.131179 -131.998488) 
4 520 562 (93.252285 2288.000000 -224.000000) (73.254548 2308.000000 -224.000000) (208.000000 2308.000000 -224.000000) (159.718573 2288.000000 -224.000000) 
3 520 537 (48.000000 2295.339593 -170.382332) (35.463772 2300.532474 -159.996470) (48.000000 2297.689065 -173.704602) 
4 520 543 (35.463772 2300.532474 -159.996470) (23.995021 2312.000000 -159.992901) (48.000000 2312.000000 -193.940974) (48.000000 2297.689065 -173.704602) 
7 520 535 (73.254548 2308.000000 -224.000000) (93.252285 2288.000000 -224.000000) (65.718645 2288.000000 -185.061661) (54.780791 2292.530787 -176.000000) (48.000000 2299.312345 -176.000000) (48.000000 2312.000000 -193.940974) (66.426565 2312.000000 -220.000000) 
3 520 534 (54.780791 2292.530787 -176.000000) (48.000000 2295.339593 -170.382332) (48.000000 2299.312345 -176.000000) 
3 520 532 (65.718645 2288.000000 -185.061661) (93.252285 2288.000000 -224.000000) (159.718573 2288.000000 -224.000000) 
4 520 529 (66.426565 2312.000000 -220.000000) (23.995021 2312.000000 -159.992901) (23.997613 2323.780785 -143.337952) (76.207611 2345.407706 -186.592294) 
4 520 528 (23.995021 2312.000000 -159.992901) (32.869346 2311.998920 -147.455314) (32.154535 2315.158132 -144.000000) (23.997510 2323.312489 -144.000000) 
3 520 527 (23.995021 2312.000000 -159.992901) (35.463772 2300.532474 -159.996470) (32.869346 2311.998920 -147.455314) 
4 520 526 (31.326531 2318.817614 -139.997528) (35.463772 2300.532474 -159.996470) (43.843149 2297.061485 -166.938515) (43.843149 2324.002297 -139.997703) 
6 520 525 (43.843149 2297.061485 -166.938515) (65.718645 2288.000000 -185.061661) (159.718573 2288.000000 -224.000000) (208.000000 2308.000000 -224.000000) (208.000000 2392.000000 -140.000000) (43.843149 2324.002297 -139.997703) 
4 520 522 (30.499551 2322.472575 -136.000000) (31.326531 2318.817614 -139.997528) (208.000000 2392.000000 -140.000000) (208.000000 2396.000000 -136.000000) 
4 521 526 (101.773684 2336.000000 -128.000000) (45.815551 2312.821583 -128.000000) (40.984883 2314.820672 -132.000000) (82.459808 2332.000000 -132.000000) 
3 521 523 (217.656938 2384.000000 -128.000000) (208.000000 2380.000000 -128.000000) (208.000000 2384.000000 -132.000000) 
4 521 525 (208.000000 2380.000000 -128.000000) (101.773684 2336.000000 -128.000000) (82.459808 2332.000000 -132.000000) (208.000000 2384.000000 -132.000000) 
4 522 526 (63.145932 2328.000000 -136.000000) (36.154214 2316.819761 -136.000000) (31.326531 2318.817614 -139.997528) (43.843149 2324.002297 -139.997703) 
3 522 524 (208.000000 2392.000000 -140.000000) (227.313876 2396.000000 -136.000000) (208.000000 2388.000000 -136.000000) 
4 522 525 (208.000000 2392.000000 -140.000000) (208.000000 2388.000000 -136.000000) (63.145932 2328.000000 -136.000000) (43.843149 2324.002297 -139.997703) 
4 523 525 (370.000000 2384.000000 -132.000000) (368.000000 2380.000000 -128.000000) (208.000000 2380.000000 -128.000000) (208.000000 2384.000000 -132.000000) 
4 524 525 (374.000000 2392.000000 -140.000000) (372.000000 2388.000000 -136.000000) (208.000000 2388.000000 -136.000000) (208.000000 2392.000000 -140.000000) 
4 525 562 (208.000000 2308.000000 -224.000000) (416.000000 2308.000000 -224.000000) (416.000000 2288.000000 -224.000000) (159.718573 2288.000000 -224.000000) 
3 525 537 (48.000000 2294.626300 -169.373700) (43.843149 2297.061485 -166.938515) (48.000000 2295.339593 -170.382332) 
3 525 535 (65.718645 2288.000000 -185.061661) (59.311065 2288.000000 -176.000000) (54.780791 2292.530787 -176.000000) 
4 525 534 (59.311065 2288.000000 -176.000000) (48.000000 2294.626300 -169.373700) (48.000000 2295.339593 -170.382332) (54.780791 2292.530787 -176.000000) 
5 525 532 (59.311065 2288.000000 -176.000000) (65.718645 2288.000000 -185.061661) (159.718573 2288.000000 -224.000000) (208.000000 2288.000000 -224.000000) (208.000000 2288.000000 -176.000000) 
6 525 526 (208.000000 2336.000000 -128.000000) (101.773684 2336.000000 -128.000000) (43.843149 2324.002297 -139.997703) (43.843149 2297.061485 -166.938515) (59.311065 2288.000000 -176.000000) (208.000000 2288.000000 -176.000000) 
4 526 537 (47.997586 2288.000000 -160.000370) (35.463772 2300.532474 -159.996470) (43.843149 2297.061485 -166.938515) (48.000000 2294.626300 -169.373700) 
3 526 534 (59.311065 2288.000000 -176.000000) (47.997586 2288.000000 -160.000370) (48.000000 2294.626300 -169.373700) 
5 526 530 (92.110525 2288.000000 -128.000000) (70.645255 2288.000000 -128.000000) (47.997586 2288.000000 -160.000370) (59.311065 2288.000000 -176.000000) (208.000000 2288.000000 -176.000000) 
3 526 528 (32.154535 2315.158132 -144.000000) (32.869346 2311.998920 -147.455314) (35.313700 2312.000000 -144.000000) 
5 526 527 (35.463772 2300.532474 -159.996470) (47.997586 2288.000000 -160.000370) (70.645255 2288.000000 -128.000000) (46.632401 2312.005001 -128.000000) (32.869346 2311.998920 -147.455314) 
3 527 540 (23.997261 2301.817318 -145.597253) (23.996972 2303.129484 -147.452311) (24.494104 2303.016806 -147.996027) 
6 527 537 (47.997586 2288.000000 -160.000370) (25.369845 2288.000000 -128.000000) (24.000000 2289.370000 -128.000000) (23.997261 2301.817318 -145.597253) (24.494104 2303.016806 -147.996027) (35.466364 2300.529883 -159.996471) 
3 527 543 (23.996972 2303.129484 -147.452311) (23.995021 2312.000000 -159.992901) (35.466364 2300.529883 -159.996471) 
3 527 530 (70.645255 2288.000000 -128.000000) (25.369845 2288.000000 -128.000000) (47.997586 2288.000000 -160.000370) 
3 527 528 (35.313700 2312.000000 -144.000000) (23.995019 2311.994999 -159.999972) (23.997510 2300.682509 -144.000000) 
4 528 540 (23.996972 2303.129484 -147.452311) (23.997261 2301.817318 -145.597253) (23.666433 2301.018625 -144.000000) (20.840451 2303.844927 -144.000000) 
3 528 537 (23.997261 2301.817318 -145.597253) (23.997510 2300.687511 -144.000000) (23.666433 2301.018625 -144.000000) 
4 528 543 (12.686300 2312.000000 -144.000000) (23.995021 2312.000000 -159.992901) (23.996972 2303.129484 -147.452311) (20.840451 2303.844927 -144.000000) 
3 528 529 (23.995021 2312.000000 -159.992901) (12.686300 2312.000000 -144.000000) (23.997510 2323.312489 -144.000000) 
3 529 577 (48.000000 2333.257405 -224.000000) (-18.735045 2400.000000 -224.000000) (48.000000 2400.000000 -224.000000) 
4 529 562 (69.255000 2312.000000 -224.000000) (48.000000 2333.257405 -224.000000) (48.000000 2400.000000 -224.000000) (157.245045 2400.000000 -224.000000) 
8 529 546 (-23.774622 2400.000000 -216.872981) (-18.735045 2400.000000 -224.000000) (28.924251 2352.335312 -224.000000) (12.216544 2312.000000 -143.335667) (1.372560 2312.000000 -128.000000) (-24.899608 2338.275140 -128.000000) (-40.888320 2376.879259 -159.976750) (-44.207510 2391.536790 -176.009196) 
4 529 543 (28.924251 2352.335312 -224.000000) (48.000000 2333.257405 -224.000000) (48.000000 2312.000000 -193.940974) (12.216544 2312.000000 -143.335667) 
3 529 535 (48.000000 2333.257405 -224.000000) (69.255000 2312.000000 -224.000000) (48.000000 2312.000000 -193.940974) 
4 530 537 (44.915312 2268.452321 -128.000000) (25.369845 2288.000000 -128.000000) (48.000000 2288.000000 -160.003783) (48.000000 2267.174487 -130.555474) 
3 530 533 (98.173636 2249.133032 -176.000000) (102.855643 2244.450496 -176.000000) (83.559910 2252.443768 -160.014672) 
5 530 534 (48.000000 2288.000000 -160.003783) (59.311065 2288.000000 -176.000000) (98.173636 2249.133032 -176.000000) (83.559910 2252.443768 -160.014672) (48.000000 2267.174487 -130.555474) 
3 530 532 (102.855643 2244.450496 -176.000000) (59.311065 2288.000000 -176.000000) (208.000000 2288.000000 -176.000000) 
3 530 531 (60.922806 2275.082429 -128.000000) (44.915312 2268.452321 -128.000000) (83.559910 2252.443768 -160.014672) 
3 531 537 (48.000000 2265.367285 -128.000000) (44.915312 2268.452321 -128.000000) (48.000000 2267.174487 -130.555474) 
4 531 534 (54.292218 2259.074355 -128.000000) (48.000000 2265.367285 -128.000000) (48.000000 2267.174487 -130.555474) (83.559910 2252.443768 -160.014672) 
3 532 565 (106.490425 2274.760362 -224.000000) (93.252285 2288.000000 -224.000000) (111.840176 2288.000000 -224.000000) 
4 532 563 (126.856943 2254.391540 -224.000000) (106.490425 2274.760362 -224.000000) (111.840176 2288.000000 -224.000000) (208.000000 2288.000000 -224.000000) 
4 532 535 (93.252285 2288.000000 -224.000000) (126.856943 2254.391540 -224.000000) (102.855643 2244.450496 -176.000000) (59.311065 2288.000000 -176.000000) 
3 533 535 (98.173636 2249.133032 -176.000000) (102.855643 2244.450496 -176.000000) (94.862900 2241.140000 -176.000000) 
3 533 534 (83.559910 2252.443768 -160.014672) (98.173636 2249.133032 -176.000000) (94.862900 2241.140000 -176.000000) 
5 534 537 (48.000000 2243.883201 -128.000000) (48.000000 2265.367285 -128.000000) (48.000000 2297.689065 -173.704602) (48.000000 2292.146717 -176.000000) (48.000000 2128.000000 -176.000000) 
3 534 543 (48.000000 2297.689065 -173.704602) (48.000000 2299.312345 -176.000000) (48.000000 2292.146717 -176.000000) 
3 534 536 (94.862900 2241.140000 -176.000000) (48.000000 2128.000000 -176.000000) (48.000000 2221.729961 -176.000000) 
4 534 535 (48.000000 2299.312345 -176.000000) (98.173636 2249.133032 -176.000000) (94.862900 2241.140000 -176.000000) (48.000000 2221.729961 -176.000000) 
6 535 565 (93.252285 2288.000000 -224.000000) (106.490425 2274.760362 -224.000000) (92.511964 2240.166271 -224.000000) (76.638089 2233.591507 -224.000000) (48.000000 2245.164558 -224.000000) (48.000000 2288.000000 -224.000000) 
3 535 563 (106.490425 2274.760362 -224.000000) (126.856943 2254.391540 -224.000000) (92.511964 2240.166271 -224.000000) 
3 535 562 (48.000000 2333.257405 -224.000000) (93.252285 2288.000000 -224.000000) (48.000000 2288.000000 -224.000000) 
3 535 538 (48.000000 2221.729961 -176.000000) (48.000000 2292.146717 -176.000000) (48.000000 2221.729961 -205.163530) 
5 535 543 (48.000000 2292.146717 -176.000000) (48.000000 2299.312345 -176.000000) (48.000000 2333.257405 -224.000000) (48.000000 2221.729961 -224.000000) (48.000000 2221.729961 -205.163530) 
4 535 536 (94.862900 2241.140000 -176.000000) (48.000000 2221.729961 -176.000000) (48.000000 2221.729961 -224.000000) (94.862900 2241.140000 -224.000000) 
3 536 565 (76.638089 2233.591507 -224.000000) (92.511964 2240.166271 -224.000000) (88.000000 2229.000000 -224.000000) 
3 536 566 (48.000000 2130.007444 -224.000000) (48.000000 2141.631010 -224.000000) (52.037700 2140.000000 -224.000000) 
4 536 564 (48.000000 2128.000000 -224.000000) (48.000000 2130.007444 -224.000000) (92.511964 2240.166271 -224.000000) (94.862900 2241.140000 -224.000000) 
5 536 538 (48.000000 2128.000000 -176.000000) (48.000000 2221.729961 -176.000000) (48.000000 2221.729961 -205.163530) (48.000000 2176.248392 -224.000000) (48.000000 2128.000000 -224.000000) 
3 536 543 (48.000000 2221.729961 -205.163530) (48.000000 2221.729961 -224.000000) (48.000000 2176.248392 -224.000000) 
4 537 540 (24.494104 2303.016806 -147.996027) (19.996152 2292.157757 -147.996152) (4.000000 2253.539505 -132.000000) (21.180951 2295.018123 -132.000000) 
5 537 538 (48.000000 2292.146717 -176.000000) (48.000000 2128.000000 -176.000000) (0.000000 2127.997928 -128.000000) (0.000000 2243.882620 -128.000000) (19.996152 2292.157757 -147.996152) 
4 537 543 (24.494104 2303.016806 -147.996027) (48.000000 2297.689065 -173.704602) (48.000000 2292.146717 -176.000000) (19.996152 2292.157757 -147.996152) 
5 538 579 (48.000000 2065.996891 -224.000000) (48.000000 2048.423300 -224.000000) (28.000000 2028.423300 -224.000000) (28.000000 2078.210000 -224.000000) (35.787400 2078.210000 -224.000000) 
3 538 578 (48.000000 2078.210000 -224.000000) (48.000000 2065.996891 -224.000000) (35.787400 2078.210000 -224.000000) 
7 538 570 (48.000000 2141.631010 -224.000000) (48.000000 2094.300000 -224.000000) (31.912654 2078.210000 -224.000000) (28.000000 2078.210000 -224.000000) (28.000000 2127.965307 -224.000000) (32.055401 2137.755670 -224.000000) (39.402464 2145.103946 -224.000000) 
3 538 575 (32.055401 2137.755670 -224.000000) (35.716055 2146.593054 -224.000000) (39.402464 2145.103946 -224.000000) 
3 538 568 (48.000000 2094.300000 -224.000000) (48.000000 2078.210000 -224.000000) (31.912654 2078.210000 -224.000000) 
4 538 567 (48.000000 2048.423300 -224.000000) (48.000000 1936.000000 -224.000000) (28.000000 1936.000000 -224.000000) (28.000000 2028.423300 -224.000000) 
3 538 557 (-52.000000 1976.000000 -144.000000) (-48.000000 1974.000000 -148.000000) (-48.000000 1976.000000 -144.000000) 
6 538 549 (17.600000 1968.000000 -160.000000) (-19.200000 1984.000000 -128.000000) (-40.000000 1984.000000 -128.000000) (-48.000000 1976.000000 -144.000000) (-48.000000 1974.000000 -148.000000) (-36.000000 1968.000000 -160.000000) 
5 538 550 (28.000000 1936.000000 -224.000000) (48.000000 1936.000000 -224.000000) (48.000000 1954.782609 -186.434783) (17.600000 1968.000000 -160.000000) (-36.000000 1968.000000 -160.000000) 
4 538 548 (48.000000 1954.782609 -186.434783) (48.000000 1960.000000 -176.000000) (-0.000000 1984.000000 -128.000000) (-19.200000 1984.000000 -128.000000) 
4 538 541 (-48.000000 1982.000000 -132.000000) (-44.000000 1984.000000 -128.000000) (-44.000000 2137.656885 -128.000000) (-48.000000 2128.000000 -132.000000) 
4 538 542 (-56.000000 2108.686230 -140.000000) (-56.000000 1978.000000 -140.000000) (-52.000000 1980.000000 -136.000000) (-52.000000 2118.343115 -136.000000) 
5 538 540 (19.996152 2292.157757 -147.996152) (-48.001959 2127.995270 -147.998041) (-56.000000 2108.686230 -140.000000) (-48.000000 2128.000000 -132.000000) (4.000000 2253.539505 -132.000000) 
5 538 543 (48.000000 2292.146717 -176.000000) (48.000000 2176.248392 -224.000000) (28.000000 2127.965307 -224.000000) (-48.002499 2127.993967 -147.998041) (19.996152 2292.157757 -147.996152) 
5 538 544 (-48.002499 2127.993967 -147.997501) (28.000000 2127.965307 -224.000000) (28.000000 1936.000000 -224.000000) (-56.000000 1978.000000 -140.000000) (-56.000000 2108.686230 -140.000000) 
3 539 542 (-52.000000 2147.313234 -136.000000) (-56.000000 2127.998423 -140.000000) (-52.000000 2127.999212 -136.000000) 
4 539 540 (-52.000000 2128.001740 -136.000000) (-56.000000 2128.003480 -140.000000) (17.181279 2304.674298 -139.997937) (19.180599 2299.847456 -136.000000) 
4 539 543 (13.525881 2305.502814 -136.000000) (17.181279 2304.674298 -139.997937) (-56.000298 2127.996983 -140.000298) (-52.000000 2147.313234 -136.000000) 
4 540 542 (-56.000000 2127.998423 -140.000000) (-56.000000 2108.686230 -140.000000) (-52.000000 2118.343115 -136.000000) (-52.000000 2127.999212 -136.000000) 
4 540 543 (17.181279 2304.674298 -139.997937) (24.494104 2303.016806 -147.996027) (-48.002499 2127.993967 -147.998041) (-56.000298 2127.996983 -140.000298) 
3 540 544 (-56.000000 2127.996983 -140.000000) (-48.002499 2127.993967 -147.997501) (-56.000000 2108.686230 -140.000000) 
4 542 544 (-60.000000 2127.998492 -136.000000) (-56.000000 2127.996983 -140.000000) (-56.000000 1978.000000 -140.000000) (-60.000000 1980.000000 -136.000000) 
3 542 543 (-52.000000 2147.313234 -136.000000) (-56.000298 2127.996983 -140.000298) (-60.000625 2127.998492 -136.000000) 
3 543 570 (32.055401 2137.755670 -224.000000) (28.000000 2127.965307 -224.000000) (28.000000 2133.699600 -224.000000) 
4 543 575 (35.716055 2146.593054 -224.000000) (32.055401 2137.755670 -224.000000) (28.000000 2133.699600 -224.000000) (28.000000 2149.709919 -224.000000) 
3 543 569 (48.000000 2300.847536 -224.000000) (48.000000 2245.164558 -224.000000) (28.660300 2252.980000 -224.000000) 
5 543 577 (28.924251 2352.335312 -224.000000) (48.000000 2333.257405 -224.000000) (48.000000 2300.847536 -224.000000) (28.000000 2251.345697 -224.000000) (28.000000 2350.104008 -224.000000) 
4 543 546 (28.924251 2352.335312 -224.000000) (28.000000 2350.104008 -224.000000) (-64.000000 2128.000000 -132.000000) (9.868639 2306.331748 -132.000048) 
3 543 544 (-64.000000 2128.000000 -132.000000) (28.000000 2350.104008 -224.000000) (28.000000 2127.965307 -224.000000) 
3 544 584 (-64.000000 1936.423300 -224.000000) (-64.000000 2117.998440 -224.000000) (26.786549 2027.209849 -224.000000) 
4 544 579 (28.000000 2078.210000 -224.000000) (28.000000 2028.423300 -224.000000) (26.786549 2027.209849 -224.000000) (-24.212455 2078.210000 -224.000000) 
4 544 570 (28.000000 2133.699600 -224.000000) (28.000000 2078.210000 -224.000000) (21.661446 2078.210000 -224.000000) (-2.909500 2102.785000 -224.000000) 
5 544 575 (28.000000 2149.709919 -224.000000) (28.000000 2133.699600 -224.000000) (-2.909500 2102.785000 -224.000000) (-23.643749 2123.522669 -224.000000) (-7.302000 2163.970000 -224.000000) 
4 544 576 (21.661446 2078.210000 -224.000000) (-24.212455 2078.210000 -224.000000) (-36.846591 2090.844420 -224.000000) (-23.643749 2123.522669 -224.000000) 
5 544 577 (-64.000000 2117.998440 -224.000000) (-64.000000 2128.000000 -224.000000) (28.000000 2350.104008 -224.000000) (28.000000 2251.345697 -224.000000) (-36.846591 2090.844420 -224.000000) 
4 544 567 (28.000000 1936.000000 -224.000000) (-64.000000 1936.000000 -224.000000) (-64.000000 1936.423300 -224.000000) (28.000000 2028.423300 -224.000000) 
5 544 557 (-48.000000 1973.913043 -148.173913) (-48.000000 1974.000000 -148.000000) (-52.000000 1976.000000 -144.000000) (-64.000000 1976.000000 -144.000000) (-64.000000 1966.956522 -162.086957) 
4 544 551 (-64.000000 1936.000000 -224.000000) (-48.000000 1936.000000 -224.000000) (-48.000000 1973.913043 -148.173913) (-64.000000 1966.956522 -162.086957) 
3 544 549 (-36.000000 1968.000000 -160.000000) (-48.000000 1974.000000 -148.000000) (-48.000000 1968.000000 -160.000000) 
4 544 550 (-48.000000 1936.000000 -224.000000) (28.000000 1936.000000 -224.000000) (-36.000000 1968.000000 -160.000000) (-48.000000 1968.000000 -160.000000) 
3 544 546 (28.000000 2350.104008 -224.000000) (-64.000000 2128.000000 -224.000000) (-64.000000 2128.000000 -132.000000) 
4 544 545 (-64.000000 1936.000000 -224.000000) (-64.000000 1982.000000 -132.000000) (-64.000000 2128.000000 -132.000000) (-64.000000 2128.000000 -224.000000) 
5 545 584 (-64.423300 1936.000000 -224.000000) (-143.530307 1936.000000 -224.000000) (-66.929404 2120.927910 -224.000000) (-64.000000 2117.998440 -224.000000) (-64.000000 1936.423300 -224.000000) 
3 545 577 (-66.929404 2120.927910 -224.000000) (-64.000000 2128.000000 -224.000000) (-64.000000 2117.998440 -224.000000) 
3 545 567 (-64.000000 1936.000000 -224.000000) (-64.423300 1936.000000 -224.000000) (-64.000000 1936.423300 -224.000000) 
4 545 561 (-92.800000 1984.000000 -128.000000) (-112.000000 1984.000000 -128.000000) (-126.690226 1976.654887 -142.690226) (-130.423579 1967.641922 -160.716156) 
5 545 559 (-64.000000 1968.000000 -160.000000) (-64.000000 1976.000000 -144.000000) (-72.000000 1984.000000 -128.000000) (-92.800000 1984.000000 -128.000000) (-129.600000 1968.000000 -160.000000) 
6 545 560 (-143.530307 1936.000000 -224.000000) (-135.200000 1936.000000 -224.000000) (-64.000000 1966.956522 -162.086957) (-64.000000 1968.000000 -160.000000) (-129.600000 1968.000000 -160.000000) (-130.423579 1967.641922 -160.716156) 
3 545 551 (-135.200000 1936.000000 -224.000000) (-64.000000 1936.000000 -224.000000) (-64.000000 1966.956522 -162.086957) 
5 545 546 (-64.000000 2128.000000 -224.000000) (-143.530307 1936.000000 -224.000000) (-126.690226 1976.654887 -142.690226) (-112.000000 2012.119648 -128.000000) (-64.000000 2128.000000 -128.000000) 
5 546 584 (-66.929404 2120.927910 -224.000000) (-143.530307 1936.000000 -224.000000) (-160.000000 1936.000000 -224.000000) (-160.000000 2128.000000 -224.000000) (-134.811496 2188.811530 -224.000000) 
6 546 577 (-23.774622 2400.000000 -224.000000) (-18.735045 2400.000000 -224.000000) (28.924251 2352.335312 -224.000000) (-66.929404 2120.927910 -224.000000) (-134.811496 2188.811530 -224.000000) (-52.215300 2388.220000 -224.000000) 
4 546 561 (-130.423579 1967.641922 -160.716156) (-126.690226 1976.654887 -142.690226) (-160.000000 1960.000000 -176.000000) (-160.000000 1954.782609 -186.434783) 
4 546 560 (-160.000000 1936.000000 -224.000000) (-143.530307 1936.000000 -224.000000) (-130.423579 1967.641922 -160.716156) (-160.000000 1954.782609 -186.434783) 
3 547 595 (-48.000000 1760.000000 -80.000000) (-48.000000 1760.000000 -84.000000) (-44.000000 1760.000000 -80.000000) 
4 547 594 (-48.000000 1760.000000 -84.000000) (-48.000000 1760.000000 -96.000000) (-40.000000 1760.000000 -80.000000) (-44.000000 1760.000000 -80.000000) 
5 547 592 (-48.000000 1760.000000 -96.000000) (-48.000000 1760.000000 -128.000000) (48.000000 1760.000000 -128.000000) (0.000000 1760.000000 -80.000000) (-40.000000 1760.000000 -80.000000) 
3 547 551 (-48.000000 1906.666667 -128.000000) (-48.000000 1760.000000 -128.000000) (-48.000000 1760.000000 -84.000000) 
4 547 550 (48.000000 1760.000000 -128.000000) (-48.000000 1760.000000 -128.000000) (-48.000000 1920.000000 -128.000000) (0.000000 1920.000000 -128.000000) 
3 548 549 (-9.600000 1952.000000 -128.000000) (-19.200000 1984.000000 -128.000000) (17.600000 1968.000000 -160.000000) 
5 548 550 (0.000000 1920.000000 -128.000000) (-9.600000 1952.000000 -128.000000) (17.600000 1968.000000 -160.000000) (48.000000 1954.782609 -186.434783) (48.000000 1920.000000 -176.000000) 
3 549 557 (-48.000000 1976.000000 -144.000000) (-48.000000 1973.913043 -148.173913) (-48.000000 1960.000000 -144.000000) 
3 549 551 (-48.000000 1973.913043 -148.173913) (-48.000000 1968.000000 -160.000000) (-48.000000 1960.000000 -144.000000) 
5 549 550 (-48.000000 1968.000000 -160.000000) (17.600000 1968.000000 -160.000000) (-9.600000 1952.000000 -128.000000) (-40.000000 1952.000000 -128.000000) (-48.000000 1960.000000 -144.000000) 
4 550 592 (-48.000000 1760.000000 -128.000000) (-13.000000 1760.000000 -198.000000) (48.000000 1760.000000 -198.000000) (48.000000 1760.000000 -128.000000) 
3 550 612 (-48.000000 1760.000000 -128.000000) (-48.000000 1760.000000 -198.000000) (-13.000000 1760.000000 -198.000000) 
4 550 665 (-48.000000 1760.000000 -198.000000) (-48.000000 1760.000000 -224.000000) (48.000000 1760.000000 -224.000000) (48.000000 1760.000000 -198.000000) 
4 550 567 (48.000000 1760.000000 -224.000000) (-48.000000 1760.000000 -224.000000) (-48.000000 1936.000000 -224.000000) (48.000000 1936.000000 -224.000000) 
3 550 555 (-48.000000 1956.000000 -136.000000) (-48.000000 1960.000000 -144.000000) (-48.000000 1933.333333 -136.000000) 
4 550 552 (-48.000000 1954.000000 -132.000000) (-48.000000 1956.000000 -136.000000) (-48.000000 1933.333333 -136.000000) (-48.000000 1920.000000 -132.000000) 
6 550 551 (-48.000000 1968.000000 -160.000000) (-48.000000 1936.000000 -224.000000) (-48.000000 1760.000000 -224.000000) (-48.000000 1760.000000 -128.000000) (-48.000000 1906.666667 -128.000000) (-48.000000 1960.000000 -144.000000) 
4 551 594 (-48.000000 1760.000000 -96.000000) (-48.000000 1760.000000 -84.000000) (-62.666667 1760.000000 -98.666667) (-56.000000 1760.000000 -112.000000) 
3 551 592 (-48.000000 1760.000000 -128.000000) (-48.000000 1760.000000 -96.000000) (-56.000000 1760.000000 -112.000000) 
5 551 612 (-160.000000 1760.000000 -196.000000) (-160.000000 1760.000000 -198.000000) (-48.000000 1760.000000 -198.000000) (-48.000000 1760.000000 -128.000000) (-62.666667 1760.000000 -98.666667) 
4 551 665 (-160.000000 1760.000000 -198.000000) (-160.000000 1760.000000 -224.000000) (-48.000000 1760.000000 -224.000000) (-48.000000 1760.000000 -198.000000) 
4 551 584 (-160.000000 1840.423300 -224.000000) (-160.000000 1853.333333 -224.000000) (-135.200000 1936.000000 -224.000000) (-64.423300 1936.000000 -224.000000) 
5 551 567 (-48.000000 1760.000000 -224.000000) (-160.000000 1760.000000 -224.000000) (-160.000000 1840.423300 -224.000000) (-64.423300 1936.000000 -224.000000) (-48.000000 1936.000000 -224.000000) 
6 551 560 (-160.000000 1853.333333 -224.000000) (-160.000000 1760.000000 -196.000000) (-92.000000 1760.000000 -128.000000) (-64.000000 1853.333333 -128.000000) (-64.000000 1966.956522 -162.086957) (-135.200000 1936.000000 -224.000000) 
3 551 558 (-92.000000 1760.000000 -128.000000) (-64.000000 1760.000000 -100.000000) (-64.000000 1853.333333 -128.000000) 
4 551 555 (-48.000000 1933.333333 -136.000000) (-48.000000 1960.000000 -144.000000) (-52.000000 1946.666667 -144.000000) (-52.000000 1920.000000 -136.000000) 
3 551 552 (-48.000000 1920.000000 -132.000000) (-48.000000 1933.333333 -136.000000) (-52.000000 1920.000000 -136.000000) 
4 551 556 (-64.000000 1760.000000 -100.000000) (-52.000000 1760.000000 -88.000000) (-52.000000 1946.666667 -144.000000) (-64.000000 1906.666667 -144.000000) 
4 551 557 (-48.000000 1960.000000 -144.000000) (-48.000000 1973.913043 -148.173913) (-64.000000 1966.956522 -162.086957) (-64.000000 1906.666667 -144.000000) 
4 552 555 (-48.000000 1956.000000 -136.000000) (-48.000000 1933.333333 -136.000000) (-52.000000 1920.000000 -136.000000) (-52.000000 1956.000000 -136.000000) 
4 553 560 (-64.000000 1956.000000 -136.000000) (-64.000000 1933.333333 -136.000000) (-64.000000 1920.000000 -132.000000) (-64.000000 1954.000000 -132.000000) 
4 553 555 (-60.000000 1920.000000 -136.000000) (-64.000000 1933.333333 -136.000000) (-64.000000 1956.000000 -136.000000) (-60.000000 1956.000000 -136.000000) 
3 553 554 (-60.000000 1920.000000 -136.000000) (-64.000000 1920.000000 -132.000000) (-64.000000 1933.333333 -136.000000) 
3 554 597 (-64.000000 1760.000000 -84.000000) (-64.000000 1760.000000 -88.000000) (-60.000000 1760.000000 -88.000000) 
4 554 560 (-64.000000 1933.333333 -136.000000) (-64.000000 1920.000000 -136.000000) (-64.000000 1893.333333 -128.000000) (-64.000000 1906.666667 -128.000000) 
4 554 558 (-64.000000 1893.333333 -128.000000) (-64.000000 1760.000000 -88.000000) (-64.000000 1760.000000 -84.000000) (-64.000000 1906.666667 -128.000000) 
3 554 555 (-60.000000 1920.000000 -136.000000) (-64.000000 1920.000000 -136.000000) (-64.000000 1933.333333 -136.000000) 
4 554 556 (-60.000000 1760.000000 -88.000000) (-64.000000 1760.000000 -88.000000) (-64.000000 1920.000000 -136.000000) (-60.000000 1920.000000 -136.000000) 
4 555 560 (-64.000000 1960.000000 -144.000000) (-64.000000 1946.666667 -144.000000) (-64.000000 1920.000000 -136.000000) (-64.000000 1956.000000 -136.000000) 
4 555 557 (-48.000000 1960.000000 -144.000000) (-52.000000 1946.666667 -144.000000) (-64.000000 1946.666667 -144.000000) (-64.000000 1960.000000 -144.000000) 
4 555 556 (-64.000000 1920.000000 -136.000000) (-64.000000 1946.666667 -144.000000) (-52.000000 1946.666667 -144.000000) (-52.000000 1920.000000 -136.000000) 
3 556 596 (-56.000000 1760.000000 -92.000000) (-52.000000 1760.000000 -88.000000) (-60.000000 1760.000000 -88.000000) 
5 556 597 (-64.000000 1760.000000 -88.000000) (-64.000000 1760.000000 -96.000000) (-62.666667 1760.000000 -98.666667) (-56.000000 1760.000000 -92.000000) (-60.000000 1760.000000 -88.000000) 
3 556 612 (-64.000000 1760.000000 -96.000000) (-64.000000 1760.000000 -100.000000) (-62.666667 1760.000000 -98.666667) 
4 556 560 (-64.000000 1946.666667 -144.000000) (-64.000000 1906.666667 -144.000000) (-64.000000 1853.333333 -128.000000) (-64.000000 1893.333333 -128.000000) 
4 556 558 (-64.000000 1853.333333 -128.000000) (-64.000000 1760.000000 -100.000000) (-64.000000 1760.000000 -88.000000) (-64.000000 1893.333333 -128.000000) 
3 556 557 (-52.000000 1946.666667 -144.000000) (-64.000000 1906.666667 -144.000000) (-64.000000 1946.666667 -144.000000) 
3 557 559 (-64.000000 1976.000000 -144.000000) (-64.000000 1968.000000 -160.000000) (-64.000000 1960.000000 -144.000000) 
4 557 560 (-64.000000 1968.000000 -160.000000) (-64.000000 1966.956522 -162.086957) (-64.000000 1906.666667 -144.000000) (-64.000000 1960.000000 -144.000000) 
3 558 598 (-64.000000 1760.000000 -96.000000) (-64.000000 1760.000000 -80.000000) (-72.000000 1760.000000 -80.000000) 
6 558 612 (-160.000000 1760.000000 -128.000000) (-92.000000 1760.000000 -128.000000) (-64.000000 1760.000000 -100.000000) (-64.000000 1760.000000 -96.000000) (-72.000000 1760.000000 -80.000000) (-112.000000 1760.000000 -80.000000) 
5 558 560 (-64.000000 1920.000000 -128.000000) (-64.000000 1853.333333 -128.000000) (-92.000000 1760.000000 -128.000000) (-160.000000 1760.000000 -128.000000) (-112.000000 1920.000000 -128.000000) 
3 559 561 (-102.400000 1952.000000 -128.000000) (-92.800000 1984.000000 -128.000000) (-129.600000 1968.000000 -160.000000) 
5 559 560 (-129.600000 1968.000000 -160.000000) (-64.000000 1968.000000 -160.000000) (-64.000000 1960.000000 -144.000000) (-72.000000 1952.000000 -128.000000) (-102.400000 1952.000000 -128.000000) 
3 560 612 (-160.000000 1760.000000 -128.000000) (-160.000000 1760.000000 -196.000000) (-92.000000 1760.000000 -128.000000) 
3 560 584 (-160.000000 1853.333333 -224.000000) (-160.000000 1936.000000 -224.000000) (-135.200000 1936.000000 -224.000000) 
5 560 561 (-112.000000 1920.000000 -128.000000) (-102.400000 1952.000000 -128.000000) (-129.600000 1968.000000 -160.000000) (-160.000000 1954.782609 -186.434783) (-160.000000 1920.000000 -176.000000) 
4 562 569 (48.000000 2288.000000 -224.000000) (48.000000 2300.847536 -224.000000) (48.000000 2300.847536 -304.000000) (48.000000 2288.000000 -304.000000) 
4 562 577 (48.000000 2300.847536 -224.000000) (48.000000 2400.000000 -224.000000) (48.000000 2400.000000 -304.000000) (48.000000 2300.847536 -304.000000) 
4 562 565 (48.000000 2288.000000 -224.000000) (48.000000 2288.000000 -304.000000) (111.840176 2288.000000 -304.000000) (111.840176 2288.000000 -224.000000) 
4 562 563 (111.840176 2288.000000 -304.000000) (208.000000 2288.000000 -304.000000) (208.000000 2288.000000 -224.000000) (111.840176 2288.000000 -224.000000) 
4 563 565 (111.840176 2288.000000 -224.000000) (111.840176 2288.000000 -304.000000) (92.511964 2240.166271 -304.000000) (92.511964 2240.166271 -224.000000) 
4 563 564 (92.511964 2240.166271 -304.000000) (94.862900 2241.140000 -304.000000) (94.862900 2241.140000 -224.000000) (92.511964 2240.166271 -224.000000) 
4 564 571 (48.000000 2130.007444 -248.000000) (48.000000 2130.007444 -304.000000) (48.000000 2128.000000 -304.000000) (48.000000 2128.000000 -248.000000) 
4 564 570 (48.000000 2128.000000 -224.000000) (48.000000 2130.007444 -224.000000) (48.000000 2130.007444 -248.000000) (48.000000 2128.000000 -248.000000) 
4 564 565 (92.511964 2240.166271 -304.000000) (88.000000 2229.000000 -304.000000) (88.000000 2229.000000 -224.000000) (92.511964 2240.166271 -224.000000) 
4 564 566 (52.037700 2140.000000 -304.000000) (48.000000 2130.007444 -304.000000) (48.000000 2130.007444 -224.000000) (52.037700 2140.000000 -224.000000) 
4 565 569 (48.000000 2245.164558 -224.000000) (48.000000 2288.000000 -224.000000) (48.000000 2288.000000 -304.000000) (48.000000 2245.164558 -304.000000) 
4 566 571 (48.000000 2141.631010 -248.000000) (48.000000 2141.631010 -304.000000) (48.000000 2130.007444 -304.000000) (48.000000 2130.007444 -248.000000) 
4 566 570 (48.000000 2130.007444 -224.000000) (48.000000 2141.631010 -224.000000) (48.000000 2141.631010 -248.000000) (48.000000 2130.007444 -248.000000) 
4 567 665 (48.000000 1760.000000 -256.000000) (48.000000 1760.000000 -224.000000) (-160.000000 1760.000000 -224.000000) (-160.000000 1760.000000 -256.000000) 
5 567 585 (-80.423300 1920.000000 -304.000000) (-111.850433 1888.572867 -294.571860) (-111.850433 1888.572867 -248.000000) (26.786549 2027.209849 -248.000000) (26.786549 2027.209849 -304.000000) 
4 567 591 (-111.850433 1888.572867 -294.571860) (-160.000000 1840.423300 -280.126990) (-160.000000 1840.423300 -248.000000) (-111.850433 1888.572867 -248.000000) 
4 567 584 (-160.000000 1840.423300 -248.000000) (-160.000000 1840.423300 -224.000000) (26.786549 2027.209849 -224.000000) (26.786549 2027.209849 -248.000000) 
4 567 583 (35.786700 2036.210000 -304.000000) (26.786549 2027.209849 -304.000000) (26.786549 2027.209849 -248.000000) (35.786700 2036.210000 -248.000000) 
4 567 581 (48.000000 2048.423300 -248.000000) (48.000000 2048.423300 -304.000000) (47.786900 2048.210200 -304.000000) (47.786900 2048.210200 -248.000000) 
4 567 579 (26.786549 2027.209849 -224.000000) (48.000000 2048.423300 -224.000000) (48.000000 2048.423300 -248.000000) (26.786549 2027.209849 -248.000000) 
4 568 579 (35.787400 2078.210000 -248.000000) (35.787400 2078.210000 -224.000000) (31.912654 2078.210000 -224.000000) (31.912654 2078.210000 -248.000000) 
4 568 578 (35.787400 2078.210000 -304.000000) (48.000000 2078.210000 -304.000000) (48.000000 2078.210000 -224.000000) (35.787400 2078.210000 -224.000000) 
4 568 573 (35.272100 2081.570000 -304.000000) (31.912654 2078.210000 -304.000000) (31.912654 2078.210000 -248.000000) (35.272100 2081.570000 -248.000000) 
4 568 570 (31.912654 2078.210000 -224.000000) (48.000000 2094.300000 -224.000000) (48.000000 2094.300000 -248.000000) (31.912654 2078.210000 -248.000000) 
4 569 577 (48.000000 2300.847536 -224.000000) (48.000000 2300.847536 -304.000000) (28.660300 2252.980000 -304.000000) (28.660300 2252.980000 -224.000000) 
4 570 579 (31.912654 2078.210000 -248.000000) (31.912654 2078.210000 -224.000000) (21.661446 2078.210000 -224.000000) (21.661446 2078.210000 -248.000000) 
4 570 573 (31.912654 2078.210000 -248.000000) (21.661446 2078.210000 -248.000000) (18.302000 2081.570000 -248.000000) (35.272100 2081.570000 -248.000000) 
3 570 572 (18.302000 2124.000000 -248.000000) (26.787467 2132.486867 -248.000000) (35.272600 2124.000000 -248.000000) 
3 570 574 (5.574100 2094.300000 -248.000000) (-2.909500 2102.785000 -248.000000) (5.574100 2111.270000 -248.000000) 
4 570 571 (26.787467 2132.486867 -248.000000) (39.402464 2145.103946 -248.000000) (48.000000 2141.631010 -248.000000) (48.000000 2111.270000 -248.000000) 
4 570 575 (39.402464 2145.103946 -224.000000) (39.402464 2145.103946 -248.000000) (-2.909500 2102.785000 -248.000000) (-2.909500 2102.785000 -224.000000) 
4 570 576 (21.661446 2078.210000 -248.000000) (21.661446 2078.210000 -224.000000) (-2.909500 2102.785000 -224.000000) (-2.909500 2102.785000 -248.000000) 
4 571 572 (26.787467 2132.486867 -248.000000) (26.787467 2132.486867 -304.000000) (35.272600 2124.000000 -304.000000) (35.272600 2124.000000 -248.000000) 
4 571 575 (39.402464 2145.103946 -248.000000) (39.402464 2145.103946 -304.000000) (26.787467 2132.486867 -304.000000) (26.787467 2132.486867 -248.000000) 
4 572 575 (26.787467 2132.486867 -304.000000) (18.302000 2124.000000 -304.000000) (18.302000 2124.000000 -248.000000) (26.787467 2132.486867 -248.000000) 
4 573 576 (18.302000 2081.570000 -304.000000) (21.661446 2078.210000 -304.000000) (21.661446 2078.210000 -248.000000) (18.302000 2081.570000 -248.000000) 
4 574 575 (5.574100 2111.270000 -304.000000) (-2.909500 2102.785000 -304.000000) (-2.909500 2102.785000 -248.000000) (5.574100 2111.270000 -248.000000) 
4 574 576 (-2.909500 2102.785000 -304.000000) (5.574100 2094.300000 -304.000000) (5.574100 2094.300000 -248.000000) (-2.909500 2102.785000 -248.000000) 
4 575 577 (-7.302000 2163.970000 -304.000000) (-23.643749 2123.522669 -304.000000) (-23.643749 2123.522669 -224.000000) (-7.302000 2163.970000 -224.000000) 
4 575 576 (-23.643749 2123.522669 -304.000000) (-2.909500 2102.785000 -304.000000) (-2.909500 2102.785000 -224.000000) (-23.643749 2123.522669 -224.000000) 
4 576 585 (-36.846591 2090.844420 -304.000000) (-24.212455 2078.210000 -304.000000) (-24.212455 2078.210000 -248.000000) (-36.846591 2090.844420 -248.000000) 
4 576 584 (-24.212455 2078.210000 -248.000000) (-24.212455 2078.210000 -224.000000) (-36.846591 2090.844420 -224.000000) (-36.846591 2090.844420 -248.000000) 
4 576 580 (-24.212455 2078.210000 -304.000000) (17.787400 2078.210000 -304.000000) (17.787400 2078.210000 -248.000000) (-24.212455 2078.210000 -248.000000) 
4 576 579 (21.661446 2078.210000 -248.000000) (21.661446 2078.210000 -224.000000) (-24.212455 2078.210000 -224.000000) (-24.212455 2078.210000 -248.000000) 
4 576 577 (-23.643749 2123.522669 -304.000000) (-36.846591 2090.844420 -304.000000) (-36.846591 2090.844420 -224.000000) (-23.643749 2123.522669 -224.000000) 
4 577 586 (-134.811496 2188.811530 -304.000000) (-117.574000 2171.573646 -304.000000) (-117.574000 2171.573646 -248.000000) (-134.811496 2188.811530 -248.000000) 
4 577 585 (-117.574000 2171.573646 -304.000000) (-36.846591 2090.844420 -304.000000) (-36.846591 2090.844420 -248.000000) (-117.574000 2171.573646 -248.000000) 
4 577 584 (-36.846591 2090.844420 -248.000000) (-36.846591 2090.844420 -224.000000) (-134.811496 2188.811530 -224.000000) (-134.811496 2188.811530 -248.000000) 
4 578 581 (47.786900 2066.210000 -304.000000) (48.000000 2065.996891 -304.000000) (48.000000 2065.996891 -248.000000) (47.786900 2066.210000 -248.000000) 
4 578 579 (35.787400 2078.210000 -224.000000) (35.787400 2078.210000 -248.000000) (48.000000 2065.996891 -248.000000) (48.000000 2065.996891 -224.000000) 
4 579 584 (26.786549 2027.209849 -248.000000) (26.786549 2027.209849 -224.000000) (-24.212455 2078.210000 -224.000000) (-24.212455 2078.210000 -248.000000) 
3 579 582 (5.786870 2048.210000 -248.000000) (-3.212808 2057.209880 -248.000000) (5.786870 2066.209520 -248.000000) 
3 579 583 (35.786700 2036.210000 -248.000000) (26.786549 2027.209849 -248.000000) (17.786600 2036.210000 -248.000000) 
4 579 581 (48.000000 2065.996891 -248.000000) (48.000000 2048.423300 -248.000000) (47.786900 2048.210200 -248.000000) (47.786900 2066.210000 -248.000000) 
3 579 580 (-3.212808 2057.209880 -248.000000) (-24.212455 2078.210000 -248.000000) (17.787400 2078.210000 -248.000000) 
4 580 585 (-24.212455 2078.210000 -304.000000) (-3.212808 2057.209880 -304.000000) (-3.212808 2057.209880 -248.000000) (-24.212455 2078.210000 -248.000000) 
4 580 582 (-3.212808 2057.209880 -248.000000) (-3.212808 2057.209880 -304.000000) (5.786870 2066.209520 -304.000000) (5.786870 2066.209520 -248.000000) 
4 582 585 (-3.212808 2057.209880 -304.000000) (5.786870 2048.210000 -304.000000) (5.786870 2048.210000 -248.000000) (-3.212808 2057.209880 -248.000000) 
4 583 585 (17.786600 2036.210000 -304.000000) (26.786549 2027.209849 -304.000000) (26.786549 2027.209849 -248.000000) (17.786600 2036.210000 -248.000000) 
3 584 589 (-160.000000 1953.700000 -248.000000) (-160.000000 1966.430000 -248.000000) (-147.272000 1966.430000 -248.000000) 
3 584 590 (-130.302000 1924.000000 -248.000000) (-138.787000 1915.513667 -248.000000) (-147.272000 1924.000000 -248.000000) 
3 584 588 (-117.574000 1936.730000 -248.000000) (-117.574000 1894.297333 -248.000000) (-138.787000 1915.513667 -248.000000) 
3 584 587 (-160.000000 1966.430000 -248.000000) (-160.000000 1996.132667 -248.000000) (-130.302000 1966.430000 -248.000000) 
5 584 586 (-160.000000 2128.000000 -248.000000) (-134.811496 2188.811530 -248.000000) (-117.574000 2171.573646 -248.000000) (-117.574000 1953.700000 -248.000000) (-160.000000 1996.132667 -248.000000) 
4 584 585 (-117.574000 2171.573646 -248.000000) (26.786549 2027.209849 -248.000000) (-111.850433 1888.572867 -248.000000) (-117.574000 1894.297333 -248.000000) 
3 584 591 (-111.850433 1888.572867 -248.000000) (-160.000000 1840.423300 -248.000000) (-160.000000 1936.730000 -248.000000) 
5 585 588 (-117.574000 1894.297333 -248.000000) (-117.574000 1936.730000 -248.000000) (-117.574000 1936.730000 -304.000000) (-117.574000 1920.000000 -304.000000) (-117.574000 1894.297333 -296.289200) 
4 585 586 (-117.574000 1953.700000 -248.000000) (-117.574000 2171.573646 -248.000000) (-117.574000 2171.573646 -304.000000) (-117.574000 1953.700000 -304.000000) 
4 585 591 (-117.574000 1894.297333 -296.289200) (-111.850433 1888.572867 -294.571860) (-111.850433 1888.572867 -248.000000) (-117.574000 1894.297333 -248.000000) 
4 586 587 (-160.000000 1996.132667 -248.000000) (-160.000000 1996.132667 -304.000000) (-130.302000 1966.430000 -304.000000) (-130.302000 1966.430000 -248.000000) 
4 587 589 (-160.000000 1966.430000 -304.000000) (-147.272000 1966.430000 -304.000000) (-147.272000 1966.430000 -248.000000) (-160.000000 1966.430000 -248.000000) 
5 588 590 (-130.302000 1924.000000 -304.000000) (-134.301372 1920.000000 -304.000000) (-138.787000 1915.513667 -302.654100) (-138.787000 1915.513667 -248.000000) (-130.302000 1924.000000 -248.000000) 
4 588 591 (-138.787000 1915.513667 -302.654100) (-117.574000 1894.297333 -296.289200) (-117.574000 1894.297333 -248.000000) (-138.787000 1915.513667 -248.000000) 
5 590 591 (-147.272000 1924.000000 -304.000000) (-143.272628 1920.000000 -304.000000) (-138.787000 1915.513667 -302.654100) (-138.787000 1915.513667 -248.000000) (-147.272000 1924.000000 -248.000000) 
4 592 594 (-56.000000 1760.000000 -112.000000) (-56.000000 1756.000000 -112.000000) (-40.000000 1748.000000 -80.000000) (-40.000000 1760.000000 -80.000000) 
6 592 593 (-56.000000 1756.000000 -112.000000) (-13.000000 1734.500000 -198.000000) (48.000000 1704.000000 -198.000000) (48.000000 1704.000000 -128.000000) (-0.000000 1728.000000 -80.000000) (-40.000000 1748.000000 -80.000000) 
4 592 665 (-13.000000 1760.000000 -198.000000) (48.000000 1760.000000 -198.000000) (48.000000 1704.000000 -198.000000) (-13.000000 1734.500000 -198.000000) 
4 592 612 (-56.000000 1760.000000 -112.000000) (-13.000000 1760.000000 -198.000000) (-13.000000 1734.500000 -198.000000) (-56.000000 1756.000000 -112.000000) 
5 593 611 (-13.000000 1692.000000 -198.000000) (28.000000 1692.000000 -198.000000) (28.000000 1692.000000 -88.000000) (-44.000000 1692.000000 -88.000000) (-56.000000 1692.000000 -112.000000) 
4 593 603 (28.000000 1692.000000 -88.000000) (28.000000 1692.000000 -80.000000) (-40.000000 1692.000000 -80.000000) (-44.000000 1692.000000 -88.000000) 
3 593 601 (48.000000 1692.000000 -132.000000) (48.000000 1692.000000 -120.000000) (36.000000 1692.000000 -120.000000) 
4 593 602 (28.000000 1692.000000 -198.000000) (48.000000 1692.000000 -198.000000) (48.000000 1692.000000 -132.000000) (28.000000 1692.000000 -112.000000) 
3 593 599 (-48.000000 1692.000000 -96.000000) (-44.000000 1692.000000 -88.000000) (-48.000000 1696.000000 -96.000000) 
4 593 600 (-56.000000 1704.000000 -112.000000) (-56.000000 1692.000000 -112.000000) (-48.000000 1692.000000 -96.000000) (-48.000000 1712.000000 -96.000000) 
4 593 594 (-56.000000 1756.000000 -112.000000) (-56.000000 1704.000000 -112.000000) (-40.000000 1720.000000 -80.000000) (-40.000000 1748.000000 -80.000000) 
4 593 612 (-13.000000 1734.500000 -198.000000) (-13.000000 1692.000000 -198.000000) (-56.000000 1692.000000 -112.000000) (-56.000000 1756.000000 -112.000000) 
4 593 665 (48.000000 1704.000000 -198.000000) (48.000000 1692.000000 -198.000000) (-13.000000 1692.000000 -198.000000) (-13.000000 1734.500000 -198.000000) 
4 594 600 (-56.000000 1704.000000 -112.000000) (-48.000000 1712.000000 -96.000000) (-60.000000 1712.000000 -96.000000) (-62.666667 1710.666667 -98.666667) 
4 594 596 (-56.000000 1714.000000 -92.000000) (-52.000000 1716.000000 -88.000000) (-52.000000 1760.000000 -88.000000) (-56.000000 1760.000000 -92.000000) 
4 594 597 (-62.666667 1710.666667 -98.666667) (-56.000000 1714.000000 -92.000000) (-56.000000 1760.000000 -92.000000) (-62.666667 1760.000000 -98.666667) 
4 594 595 (-48.000000 1718.000000 -84.000000) (-44.000000 1720.000000 -80.000000) (-44.000000 1760.000000 -80.000000) (-48.000000 1760.000000 -84.000000) 
4 594 612 (-62.666667 1760.000000 -98.666667) (-56.000000 1760.000000 -112.000000) (-56.000000 1704.000000 -112.000000) (-62.666667 1710.666667 -98.666667) 
4 596 597 (-56.000000 1760.000000 -92.000000) (-56.000000 1714.000000 -92.000000) (-60.000000 1716.000000 -88.000000) (-60.000000 1760.000000 -88.000000) 
3 597 600 (-64.000000 1712.000000 -96.000000) (-62.666667 1710.666667 -98.666667) (-60.000000 1712.000000 -96.000000) 
4 597 598 (-64.000000 1760.000000 -96.000000) (-64.000000 1712.000000 -96.000000) (-64.000000 1718.000000 -84.000000) (-64.000000 1760.000000 -84.000000) 
4 597 612 (-64.000000 1760.000000 -96.000000) (-62.666667 1760.000000 -98.666667) (-62.666667 1710.666667 -98.666667) (-64.000000 1712.000000 -96.000000) 
4 598 612 (-72.000000 1720.000000 -80.000000) (-72.000000 1760.000000 -80.000000) (-64.000000 1760.000000 -96.000000) (-64.000000 1712.000000 -96.000000) 
4 599 611 (-68.000000 1692.000000 -88.000000) (-64.000000 1692.000000 -96.000000) (-48.000000 1692.000000 -96.000000) (-44.000000 1692.000000 -88.000000) 
4 599 600 (-48.000000 1692.000000 -96.000000) (-64.000000 1692.000000 -96.000000) (-64.000000 1696.000000 -96.000000) (-48.000000 1696.000000 -96.000000) 
3 599 612 (-64.000000 1696.000000 -96.000000) (-64.000000 1692.000000 -96.000000) (-68.000000 1692.000000 -88.000000) 
3 600 611 (-64.000000 1692.000000 -96.000000) (-56.000000 1692.000000 -112.000000) (-48.000000 1692.000000 -96.000000) 
4 600 612 (-64.000000 1712.000000 -96.000000) (-56.000000 1704.000000 -112.000000) (-56.000000 1692.000000 -112.000000) (-64.000000 1692.000000 -96.000000) 
4 601 626 (48.000000 1628.000000 -132.000000) (48.000000 1628.000000 -120.000000) (44.000000 1628.000000 -120.000000) (44.000000 1628.000000 -128.000000) 
3 601 627 (44.000000 1628.000000 -120.000000) (36.000000 1628.000000 -120.000000) (44.000000 1628.000000 -128.000000) 
4 601 602 (48.000000 1692.000000 -132.000000) (48.000000 1628.000000 -132.000000) (36.000000 1628.000000 -120.000000) (36.000000 1692.000000 -120.000000) 
4 602 642 (28.000000 1628.000000 -198.000000) (48.000000 1628.000000 -198.000000) (48.000000 1628.000000 -172.000000) (28.000000 1628.000000 -172.000000) 
4 602 638 (48.000000 1628.000000 -172.000000) (48.000000 1628.000000 -168.000000) (40.000000 1628.000000 -168.000000) (40.000000 1628.000000 -172.000000) 
4 602 641 (40.000000 1628.000000 -168.000000) (28.000000 1628.000000 -168.000000) (28.000000 1628.000000 -172.000000) (40.000000 1628.000000 -172.000000) 
4 602 626 (48.000000 1628.000000 -168.000000) (48.000000 1628.000000 -132.000000) (44.000000 1628.000000 -128.000000) (44.000000 1628.000000 -168.000000) 
4 602 627 (44.000000 1628.000000 -128.000000) (28.000000 1628.000000 -112.000000) (28.000000 1628.000000 -168.000000) (44.000000 1628.000000 -168.000000) 
4 602 611 (28.000000 1692.000000 -112.000000) (28.000000 1692.000000 -198.000000) (28.000000 1628.000000 -198.000000) (28.000000 1628.000000 -112.000000) 
4 602 665 (48.000000 1692.000000 -198.000000) (48.000000 1628.000000 -198.000000) (28.000000 1628.000000 -198.000000) (28.000000 1692.000000 -198.000000) 
4 603 604 (28.000000 1692.000000 -88.000000) (28.000000 1688.000000 -80.000000) (-40.000000 1688.000000 -80.000000) (-44.000000 1692.000000 -88.000000) 
4 604 606 (-44.000000 1668.000000 -80.000000) (-44.000000 1688.000000 -80.000000) (-48.000000 1690.000000 -84.000000) (-48.000000 1668.000000 -84.000000) 
4 604 605 (-52.000000 1668.000000 -88.000000) (28.000000 1668.000000 -88.000000) (28.000000 1668.000000 -84.000000) (-48.000000 1668.000000 -84.000000) 
4 604 611 (-52.000000 1692.000000 -88.000000) (28.000000 1692.000000 -88.000000) (28.000000 1668.000000 -88.000000) (-52.000000 1668.000000 -88.000000) 
4 605 611 (28.000000 1668.000000 -88.000000) (28.000000 1664.000000 -88.000000) (-52.000000 1664.000000 -88.000000) (-52.000000 1668.000000 -88.000000) 
4 607 608 (-64.000000 1652.000000 -84.000000) (28.000000 1652.000000 -84.000000) (28.000000 1648.000000 -80.000000) (-64.000000 1648.000000 -80.000000) 
3 607 609 (-64.000000 1652.000000 -84.000000) (-64.000000 1648.000000 -80.000000) (-64.000000 1652.000000 -80.000000) 
5 608 615 (28.000000 1628.000000 -88.000000) (28.000000 1628.000000 -80.000000) (-64.000000 1628.000000 -80.000000) (-64.000000 1628.000000 -84.000000) (-60.000000 1628.000000 -88.000000) 
4 608 609 (-64.000000 1652.000000 -84.000000) (-64.000000 1628.000000 -84.000000) (-64.000000 1628.000000 -80.000000) (-64.000000 1648.000000 -80.000000) 
4 608 611 (28.000000 1628.000000 -88.000000) (-60.000000 1628.000000 -88.000000) (-60.000000 1656.000000 -88.000000) (28.000000 1656.000000 -88.000000) 
4 608 610 (-60.000000 1628.000000 -88.000000) (-64.000000 1628.000000 -84.000000) (-64.000000 1652.000000 -84.000000) (-60.000000 1656.000000 -88.000000) 
3 609 615 (-64.000000 1628.000000 -80.000000) (-68.000000 1628.000000 -80.000000) (-64.000000 1628.000000 -84.000000) 
4 609 610 (-64.000000 1628.000000 -84.000000) (-68.000000 1628.000000 -80.000000) (-68.000000 1688.000000 -80.000000) (-64.000000 1690.000000 -84.000000) 
4 610 615 (-68.000000 1628.000000 -80.000000) (-72.000000 1628.000000 -80.000000) (-68.000000 1628.000000 -88.000000) (-60.000000 1628.000000 -88.000000) 
4 610 611 (-60.000000 1628.000000 -88.000000) (-68.000000 1628.000000 -88.000000) (-68.000000 1692.000000 -88.000000) (-60.000000 1692.000000 -88.000000) 
4 610 612 (-72.000000 1628.000000 -80.000000) (-72.000000 1688.000000 -80.000000) (-68.000000 1692.000000 -88.000000) (-68.000000 1628.000000 -88.000000) 
4 611 642 (-13.000000 1628.000000 -198.000000) (28.000000 1628.000000 -198.000000) (28.000000 1628.000000 -172.000000) (-26.000000 1628.000000 -172.000000) 
4 611 641 (28.000000 1628.000000 -172.000000) (28.000000 1628.000000 -168.000000) (-28.000000 1628.000000 -168.000000) (-26.000000 1628.000000 -172.000000) 
4 611 627 (28.000000 1628.000000 -168.000000) (28.000000 1628.000000 -108.000000) (-58.000000 1628.000000 -108.000000) (-28.000000 1628.000000 -168.000000) 
4 611 623 (28.000000 1628.000000 -108.000000) (28.000000 1628.000000 -104.000000) (-60.000000 1628.000000 -104.000000) (-58.000000 1628.000000 -108.000000) 
4 611 615 (28.000000 1628.000000 -104.000000) (28.000000 1628.000000 -88.000000) (-68.000000 1628.000000 -88.000000) (-60.000000 1628.000000 -104.000000) 
4 611 665 (28.000000 1628.000000 -198.000000) (-13.000000 1628.000000 -198.000000) (-13.000000 1692.000000 -198.000000) (28.000000 1692.000000 -198.000000) 
4 611 612 (-68.000000 1692.000000 -88.000000) (-13.000000 1692.000000 -198.000000) (-13.000000 1628.000000 -198.000000) (-68.000000 1628.000000 -88.000000) 
4 612 684 (-160.000000 1664.000000 -196.000000) (-160.000000 1664.000000 -176.000000) (-160.000000 1712.000000 -176.000000) (-160.000000 1712.000000 -196.000000) 
4 612 680 (-160.000000 1664.000000 -152.000000) (-160.000000 1664.000000 -148.000000) (-160.000000 1684.000000 -148.000000) (-160.000000 1684.000000 -174.000000) 
4 612 683 (-160.000000 1664.000000 -176.000000) (-160.000000 1664.000000 -152.000000) (-160.000000 1684.000000 -174.000000) (-160.000000 1684.000000 -176.000000) 
4 612 679 (-160.000000 1692.000000 -168.000000) (-160.000000 1692.000000 -176.000000) (-160.000000 1684.000000 -176.000000) (-160.000000 1684.000000 -168.000000) 
4 612 678 (-160.000000 1684.000000 -148.000000) (-160.000000 1692.000000 -148.000000) (-160.000000 1692.000000 -168.000000) (-160.000000 1684.000000 -168.000000) 
4 612 674 (-160.000000 1692.000000 -148.000000) (-160.000000 1712.000000 -148.000000) (-160.000000 1712.000000 -176.000000) (-160.000000 1692.000000 -176.000000) 
4 612 642 (-160.000000 1628.000000 -172.000000) (-160.000000 1628.000000 -198.000000) (-13.000000 1628.000000 -198.000000) (-26.000000 1628.000000 -172.000000) 
4 612 641 (-160.000000 1628.000000 -168.000000) (-160.000000 1628.000000 -172.000000) (-26.000000 1628.000000 -172.000000) (-28.000000 1628.000000 -168.000000) 
5 612 627 (-160.000000 1628.000000 -128.000000) (-160.000000 1628.000000 -168.000000) (-28.000000 1628.000000 -168.000000) (-58.000000 1628.000000 -108.000000) (-140.000000 1628.000000 -108.000000) 
4 612 623 (-58.000000 1628.000000 -108.000000) (-60.000000 1628.000000 -104.000000) (-136.000000 1628.000000 -104.000000) (-140.000000 1628.000000 -108.000000) 
4 612 615 (-60.000000 1628.000000 -104.000000) (-72.000000 1628.000000 -80.000000) (-112.000000 1628.000000 -80.000000) (-136.000000 1628.000000 -104.000000) 
4 612 665 (-160.000000 1628.000000 -198.000000) (-160.000000 1760.000000 -198.000000) (-13.000000 1760.000000 -198.000000) (-13.000000 1628.000000 -198.000000) 
4 613 616 (48.000000 1578.000000 -96.000000) (48.000000 1578.000000 -80.000000) (44.000000 1578.000000 -80.000000) (44.000000 1578.000000 -96.000000) 
5 613 615 (44.000000 1628.000000 -80.000000) (44.000000 1628.000000 -96.000000) (44.000000 1600.000000 -100.000000) (44.000000 1578.000000 -100.000000) (44.000000 1578.000000 -80.000000) 
4 614 621 (44.000000 1628.000000 -104.000000) (48.000000 1628.000000 -104.000000) (48.000000 1612.000000 -104.000000) (44.000000 1612.000000 -104.000000) 
4 614 622 (48.000000 1608.000000 -104.000000) (48.000000 1600.000000 -104.000000) (44.000000 1600.000000 -104.000000) (44.000000 1608.000000 -104.000000) 
3 614 615 (44.000000 1628.000000 -100.000000) (44.000000 1628.000000 -104.000000) (44.000000 1600.000000 -104.000000) 
4 615 623 (-136.000000 1578.000000 -104.000000) (-136.000000 1628.000000 -104.000000) (44.000000 1628.000000 -104.000000) (44.000000 1578.000000 -104.000000) 
3 615 619 (36.000000 1578.000000 -104.000000) (40.000000 1578.000000 -104.000000) (40.000000 1578.000000 -100.000000) 
4 615 620 (-128.000000 1578.000000 -96.000000) (-136.000000 1578.000000 -104.000000) (36.000000 1578.000000 -104.000000) (44.000000 1578.000000 -96.000000) 
4 615 616 (44.000000 1578.000000 -80.000000) (-112.000000 1578.000000 -80.000000) (-128.000000 1578.000000 -96.000000) (44.000000 1578.000000 -96.000000) 
4 616 617 (48.000000 1574.000000 -96.000000) (48.000000 1540.000000 -96.000000) (44.000000 1540.000000 -96.000000) (44.000000 1574.000000 -96.000000) 
4 616 620 (-128.000000 1536.000000 -96.000000) (-128.000000 1578.000000 -96.000000) (44.000000 1578.000000 -96.000000) (44.000000 1536.000000 -96.000000) 
4 617 618 (40.000000 1540.000000 -100.000000) (40.000000 1574.000000 -100.000000) (44.000000 1574.000000 -100.000000) (44.000000 1540.000000 -100.000000) 
4 617 620 (44.000000 1540.000000 -96.000000) (44.000000 1574.000000 -96.000000) (40.000000 1574.000000 -100.000000) (40.000000 1540.000000 -100.000000) 
4 618 624 (44.000000 1540.000000 -104.000000) (40.000000 1540.000000 -104.000000) (40.000000 1574.000000 -104.000000) (44.000000 1574.000000 -104.000000) 
4 618 619 (40.000000 1574.000000 -104.000000) (40.000000 1540.000000 -104.000000) (40.000000 1540.000000 -100.000000) (40.000000 1574.000000 -100.000000) 
4 619 625 (36.000000 1578.000000 -104.000000) (40.000000 1578.000000 -104.000000) (40.000000 1536.000000 -104.000000) (36.000000 1536.000000 -104.000000) 
4 619 620 (36.000000 1578.000000 -104.000000) (36.000000 1536.000000 -104.000000) (40.000000 1536.000000 -100.000000) (40.000000 1578.000000 -100.000000) 
4 620 625 (-136.000000 1536.000000 -104.000000) (-136.000000 1578.000000 -104.000000) (36.000000 1578.000000 -104.000000) (36.000000 1536.000000 -104.000000) 
4 621 627 (40.000000 1628.000000 -108.000000) (44.000000 1628.000000 -108.000000) (44.000000 1612.000000 -108.000000) (40.000000 1612.000000 -108.000000) 
4 621 623 (44.000000 1628.000000 -104.000000) (40.000000 1628.000000 -108.000000) (40.000000 1612.000000 -108.000000) (44.000000 1612.000000 -104.000000) 
4 622 631 (48.000000 1604.000000 -108.000000) (48.000000 1588.000000 -108.000000) (44.000000 1588.000000 -108.000000) (44.000000 1604.000000 -108.000000) 
4 622 635 (48.000000 1588.000000 -108.000000) (48.000000 1578.000000 -108.000000) (44.000000 1578.000000 -108.000000) (44.000000 1588.000000 -108.000000) 
4 622 636 (44.000000 1578.000000 -108.000000) (40.000000 1578.000000 -108.000000) (40.000000 1608.000000 -108.000000) (44.000000 1608.000000 -108.000000) 
3 622 625 (42.000000 1578.000000 -106.000000) (40.000000 1578.000000 -108.000000) (44.000000 1578.000000 -108.000000) 
4 622 623 (40.000000 1608.000000 -108.000000) (40.000000 1578.000000 -108.000000) (44.000000 1578.000000 -104.000000) (44.000000 1608.000000 -104.000000) 
4 623 636 (-140.000000 1578.000000 -108.000000) (-140.000000 1608.000000 -108.000000) (40.000000 1608.000000 -108.000000) (40.000000 1578.000000 -108.000000) 
4 623 628 (36.000000 1612.000000 -108.000000) (40.000000 1612.000000 -108.000000) (40.000000 1608.000000 -108.000000) (36.000000 1608.000000 -108.000000) 
4 623 630 (-140.000000 1608.000000 -108.000000) (-140.000000 1612.000000 -108.000000) (36.000000 1612.000000 -108.000000) (36.000000 1608.000000 -108.000000) 
4 623 627 (-140.000000 1612.000000 -108.000000) (-140.000000 1628.000000 -108.000000) (40.000000 1628.000000 -108.000000) (40.000000 1612.000000 -108.000000) 
5 623 625 (40.000000 1578.000000 -104.000000) (-136.000000 1578.000000 -104.000000) (-140.000000 1578.000000 -108.000000) (40.000000 1578.000000 -108.000000) (42.000000 1578.000000 -106.000000) 
4 624 648 (48.000000 1544.000000 -108.000000) (48.000000 1540.000000 -108.000000) (44.000000 1540.000000 -108.000000) (44.000000 1544.000000 -108.000000) 
4 624 635 (48.000000 1574.000000 -108.000000) (48.000000 1544.000000 -108.000000) (44.000000 1544.000000 -108.000000) (44.000000 1574.000000 -108.000000) 
4 624 625 (44.000000 1574.000000 -108.000000) (44.000000 1540.000000 -108.000000) (40.000000 1540.000000 -104.000000) (40.000000 1574.000000 -104.000000) 
4 625 648 (-140.000000 1536.000000 -108.000000) (-140.000000 1544.000000 -108.000000) (44.000000 1544.000000 -108.000000) (44.000000 1536.000000 -108.000000) 
4 625 636 (-140.000000 1544.000000 -108.000000) (-140.000000 1578.000000 -108.000000) (44.000000 1578.000000 -108.000000) (44.000000 1544.000000 -108.000000) 
4 626 638 (44.000000 1628.000000 -168.000000) (48.000000 1628.000000 -168.000000) (48.000000 1612.000000 -168.000000) (44.000000 1612.000000 -168.000000) 
3 626 629 (48.000000 1612.000000 -120.000000) (48.000000 1612.000000 -116.000000) (44.000000 1612.000000 -116.000000) 
4 626 630 (44.000000 1612.000000 -168.000000) (48.000000 1612.000000 -168.000000) (48.000000 1612.000000 -120.000000) (44.000000 1612.000000 -116.000000) 
4 626 627 (44.000000 1628.000000 -112.000000) (44.000000 1628.000000 -168.000000) (44.000000 1612.000000 -168.000000) (44.000000 1612.000000 -112.000000) 
4 627 638 (40.000000 1628.000000 -168.000000) (44.000000 1628.000000 -168.000000) (44.000000 1612.000000 -168.000000) (40.000000 1612.000000 -168.000000) 
4 627 641 (-160.000000 1612.000000 -168.000000) (-160.000000 1628.000000 -168.000000) (40.000000 1628.000000 -168.000000) (40.000000 1612.000000 -168.000000) 
3 627 628 (40.000000 1612.000000 -108.000000) (36.000000 1612.000000 -108.000000) (40.000000 1612.000000 -112.000000) 
6 627 630 (-140.000000 1612.000000 -108.000000) (-160.000000 1612.000000 -128.000000) (-160.000000 1612.000000 -168.000000) (44.000000 1612.000000 -168.000000) (44.000000 1612.000000 -116.000000) (36.000000 1612.000000 -108.000000) 
3 628 636 (40.000000 1608.000000 -108.000000) (36.000000 1608.000000 -108.000000) (40.000000 1608.000000 -112.000000) 
4 628 630 (36.000000 1612.000000 -108.000000) (40.000000 1612.000000 -112.000000) (40.000000 1608.000000 -112.000000) (36.000000 1608.000000 -108.000000) 
3 629 632 (48.000000 1608.000000 -120.000000) (48.000000 1608.000000 -116.000000) (44.000000 1608.000000 -116.000000) 
4 629 630 (44.000000 1612.000000 -116.000000) (48.000000 1612.000000 -120.000000) (48.000000 1608.000000 -120.000000) (44.000000 1608.000000 -116.000000) 
4 630 638 (40.000000 1612.000000 -168.000000) (48.000000 1612.000000 -168.000000) (48.000000 1608.000000 -168.000000) (40.000000 1608.000000 -168.000000) 
4 630 641 (-160.000000 1608.000000 -168.000000) (-160.000000 1612.000000 -168.000000) (40.000000 1612.000000 -168.000000) (40.000000 1608.000000 -168.000000) 
4 630 632 (48.000000 1608.000000 -168.000000) (48.000000 1608.000000 -120.000000) (44.000000 1608.000000 -116.000000) (44.000000 1608.000000 -168.000000) 
6 630 636 (44.000000 1608.000000 -116.000000) (36.000000 1608.000000 -108.000000) (-140.000000 1608.000000 -108.000000) (-160.000000 1608.000000 -128.000000) (-160.000000 1608.000000 -168.000000) (44.000000 1608.000000 -168.000000) 
4 631 635 (48.000000 1580.000000 -116.000000) (48.000000 1588.000000 -108.000000) (44.000000 1588.000000 -108.000000) (44.000000 1580.000000 -116.000000) 
3 631 636 (44.000000 1580.000000 -116.000000) (44.000000 1588.000000 -108.000000) (44.000000 1604.000000 -108.000000) 
3 632 637 (48.000000 1564.000000 -168.000000) (48.000000 1560.000000 -168.000000) (44.000000 1560.000000 -168.000000) 
4 632 638 (44.000000 1608.000000 -168.000000) (48.000000 1608.000000 -168.000000) (48.000000 1564.000000 -168.000000) (44.000000 1560.000000 -168.000000) 
7 632 636 (44.000000 1608.000000 -112.000000) (44.000000 1608.000000 -168.000000) (44.000000 1556.000000 -168.000000) (44.000000 1556.000000 -160.000000) (44.000000 1564.000000 -136.000000) (44.000000 1580.000000 -120.000000) (44.000000 1604.000000 -112.000000) 
4 633 635 (48.000000 1552.000000 -144.000000) (48.000000 1560.000000 -136.000000) (44.000000 1560.000000 -136.000000) (44.000000 1552.000000 -144.000000) 
3 633 636 (44.000000 1552.000000 -160.000000) (44.000000 1552.000000 -144.000000) (44.000000 1560.000000 -136.000000) 
4 633 634 (44.000000 1552.000000 -144.000000) (44.000000 1552.000000 -160.000000) (48.000000 1552.000000 -160.000000) (48.000000 1552.000000 -144.000000) 
4 634 649 (48.000000 1544.000000 -168.000000) (48.000000 1544.000000 -152.000000) (44.000000 1544.000000 -152.000000) (44.000000 1544.000000 -168.000000) 
3 634 639 (48.000000 1548.000000 -168.000000) (48.000000 1544.000000 -168.000000) (44.000000 1548.000000 -168.000000) 
3 634 640 (48.000000 1544.000000 -168.000000) (44.000000 1544.000000 -168.000000) (44.000000 1548.000000 -168.000000) 
4 634 635 (44.000000 1544.000000 -152.000000) (48.000000 1544.000000 -152.000000) (48.000000 1552.000000 -144.000000) (44.000000 1552.000000 -144.000000) 
4 634 636 (44.000000 1552.000000 -168.000000) (44.000000 1544.000000 -168.000000) (44.000000 1544.000000 -152.000000) (44.000000 1552.000000 -144.000000) 
4 635 649 (48.000000 1544.000000 -152.000000) (48.000000 1544.000000 -128.000000) (44.000000 1544.000000 -128.000000) (44.000000 1544.000000 -152.000000) 
4 635 648 (48.000000 1544.000000 -128.000000) (48.000000 1544.000000 -108.000000) (44.000000 1544.000000 -108.000000) (44.000000 1544.000000 -128.000000) 
3 635 636 (44.000000 1544.000000 -152.000000) (44.000000 1544.000000 -108.000000) (44.000000 1588.000000 -108.000000) 
4 636 654 (-160.000000 1544.000000 -128.000000) (-160.000000 1544.000000 -168.000000) (44.000000 1544.000000 -168.000000) (44.000000 1544.000000 -128.000000) 
4 636 648 (44.000000 1544.000000 -108.000000) (-140.000000 1544.000000 -108.000000) (-160.000000 1544.000000 -128.000000) (44.000000 1544.000000 -128.000000) 
4 636 638 (40.000000 1608.000000 -168.000000) (44.000000 1608.000000 -168.000000) (44.000000 1560.000000 -168.000000) (40.000000 1556.000000 -168.000000) 
4 636 640 (44.000000 1548.000000 -168.000000) (44.000000 1544.000000 -168.000000) (40.000000 1544.000000 -168.000000) (40.000000 1552.000000 -168.000000) 
4 636 641 (-160.000000 1544.000000 -168.000000) (-160.000000 1608.000000 -168.000000) (40.000000 1608.000000 -168.000000) (40.000000 1544.000000 -168.000000) 
3 637 642 (44.000000 1560.000000 -172.000000) (48.000000 1564.000000 -172.000000) (48.000000 1560.000000 -172.000000) 
4 637 638 (48.000000 1564.000000 -172.000000) (44.000000 1560.000000 -172.000000) (44.000000 1560.000000 -168.000000) (48.000000 1564.000000 -168.000000) 
4 638 642 (40.000000 1556.000000 -172.000000) (40.000000 1628.000000 -172.000000) (48.000000 1628.000000 -172.000000) (48.000000 1564.000000 -172.000000) 
4 638 641 (40.000000 1628.000000 -168.000000) (40.000000 1628.000000 -172.000000) (40.000000 1556.000000 -172.000000) (40.000000 1556.000000 -168.000000) 
3 639 645 (48.000000 1544.000000 -172.000000) (44.000000 1548.000000 -172.000000) (48.000000 1548.000000 -172.000000) 
4 639 640 (44.000000 1548.000000 -172.000000) (48.000000 1544.000000 -172.000000) (48.000000 1544.000000 -168.000000) (44.000000 1548.000000 -168.000000) 
4 640 652 (48.000000 1544.000000 -172.000000) (48.000000 1544.000000 -168.000000) (44.000000 1544.000000 -168.000000) (44.000000 1544.000000 -172.000000) 
4 640 654 (44.000000 1544.000000 -168.000000) (40.000000 1544.000000 -168.000000) (40.000000 1544.000000 -172.000000) (44.000000 1544.000000 -172.000000) 
3 640 645 (48.000000 1544.000000 -172.000000) (40.000000 1544.000000 -172.000000) (44.000000 1548.000000 -172.000000) 
3 640 647 (40.000000 1544.000000 -172.000000) (40.000000 1552.000000 -172.000000) (44.000000 1548.000000 -172.000000) 
4 640 641 (40.000000 1552.000000 -172.000000) (40.000000 1544.000000 -172.000000) (40.000000 1544.000000 -168.000000) (40.000000 1552.000000 -168.000000) 
4 641 654 (40.000000 1544.000000 -168.000000) (-160.000000 1544.000000 -168.000000) (-160.000000 1544.000000 -172.000000) (40.000000 1544.000000 -172.000000) 
4 641 647 (40.000000 1544.000000 -172.000000) (-160.000000 1544.000000 -172.000000) (-160.000000 1552.000000 -172.000000) (40.000000 1552.000000 -172.000000) 
4 641 643 (-160.000000 1552.000000 -172.000000) (-160.000000 1556.000000 -172.000000) (40.000000 1556.000000 -172.000000) (40.000000 1552.000000 -172.000000) 
4 641 642 (-160.000000 1556.000000 -172.000000) (-160.000000 1628.000000 -172.000000) (40.000000 1628.000000 -172.000000) (40.000000 1556.000000 -172.000000) 
4 642 643 (-160.000000 1556.000000 -172.000000) (-160.000000 1556.000000 -198.000000) (44.000000 1556.000000 -198.000000) (44.000000 1556.000000 -172.000000) 
4 642 665 (-160.000000 1556.000000 -198.000000) (-160.000000 1628.000000 -198.000000) (48.000000 1628.000000 -198.000000) (48.000000 1556.000000 -198.000000) 
4 643 647 (44.000000 1552.000000 -172.000000) (-160.000000 1552.000000 -172.000000) (-160.000000 1552.000000 -198.000000) (44.000000 1552.000000 -198.000000) 
4 643 665 (-160.000000 1552.000000 -198.000000) (-160.000000 1556.000000 -198.000000) (44.000000 1556.000000 -198.000000) (44.000000 1552.000000 -198.000000) 
4 644 645 (44.000000 1548.000000 -172.000000) (44.000000 1548.000000 -182.000000) (48.000000 1548.000000 -182.000000) (48.000000 1548.000000 -172.000000) 
3 644 646 (48.000000 1552.000000 -186.000000) (48.000000 1548.000000 -186.000000) (44.000000 1548.000000 -186.000000) 
4 644 647 (48.000000 1552.000000 -172.000000) (48.000000 1552.000000 -186.000000) (44.000000 1548.000000 -186.000000) (44.000000 1548.000000 -172.000000) 
4 645 652 (48.000000 1544.000000 -176.000000) (48.000000 1544.000000 -172.000000) (44.000000 1544.000000 -172.000000) (44.000000 1544.000000 -176.000000) 
4 645 654 (44.000000 1544.000000 -172.000000) (40.000000 1544.000000 -172.000000) (40.000000 1544.000000 -182.000000) (44.000000 1544.000000 -182.000000) 
4 645 647 (40.000000 1544.000000 -182.000000) (40.000000 1544.000000 -172.000000) (44.000000 1548.000000 -172.000000) (44.000000 1548.000000 -182.000000) 
4 646 658 (40.000000 1544.000000 -198.000000) (44.000000 1544.000000 -198.000000) (44.000000 1544.000000 -186.000000) (40.000000 1544.000000 -186.000000) 
4 646 647 (48.000000 1552.000000 -186.000000) (48.000000 1552.000000 -198.000000) (40.000000 1544.000000 -198.000000) (40.000000 1544.000000 -186.000000) 
3 646 665 (48.000000 1552.000000 -198.000000) (48.000000 1544.000000 -198.000000) (40.000000 1544.000000 -198.000000) 
4 647 658 (-160.000000 1544.000000 -198.000000) (40.000000 1544.000000 -198.000000) (40.000000 1544.000000 -186.000000) (-160.000000 1544.000000 -186.000000) 
4 647 655 (40.000000 1544.000000 -186.000000) (40.000000 1544.000000 -182.000000) (36.000000 1544.000000 -182.000000) (36.000000 1544.000000 -186.000000) 
4 647 656 (36.000000 1544.000000 -182.000000) (-160.000000 1544.000000 -182.000000) (-160.000000 1544.000000 -186.000000) (36.000000 1544.000000 -186.000000) 
4 647 654 (40.000000 1544.000000 -182.000000) (40.000000 1544.000000 -172.000000) (-160.000000 1544.000000 -172.000000) (-160.000000 1544.000000 -182.000000) 
4 647 665 (-160.000000 1544.000000 -198.000000) (-160.000000 1552.000000 -198.000000) (48.000000 1552.000000 -198.000000) (40.000000 1544.000000 -198.000000) 
4 648 649 (44.000000 1544.000000 -128.000000) (48.000000 1544.000000 -128.000000) (48.000000 1536.000000 -128.000000) (44.000000 1536.000000 -128.000000) 
4 648 654 (-160.000000 1536.000000 -128.000000) (-160.000000 1544.000000 -128.000000) (44.000000 1544.000000 -128.000000) (44.000000 1536.000000 -128.000000) 
4 649 663 (48.000000 1508.000000 -132.000000) (48.000000 1508.000000 -128.000000) (44.000000 1508.000000 -128.000000) (44.000000 1508.000000 -132.000000) 
4 649 652 (44.000000 1544.000000 -168.000000) (48.000000 1544.000000 -168.000000) (48.000000 1536.000000 -160.000000) (44.000000 1536.000000 -160.000000) 
4 649 651 (48.000000 1530.000000 -154.000000) (48.000000 1526.000000 -150.000000) (44.000000 1526.000000 -150.000000) (44.000000 1530.000000 -154.000000) 
4 649 650 (48.000000 1526.000000 -150.000000) (48.000000 1508.000000 -132.000000) (44.000000 1508.000000 -132.000000) (44.000000 1526.000000 -150.000000) 
4 649 654 (44.000000 1544.000000 -128.000000) (44.000000 1544.000000 -168.000000) (44.000000 1508.000000 -132.000000) (44.000000 1508.000000 -128.000000) 
3 650 660 (48.000000 1508.000000 -146.000000) (48.000000 1508.000000 -142.000000) (44.000000 1508.000000 -146.000000) 
4 650 663 (48.000000 1508.000000 -142.000000) (48.000000 1508.000000 -132.000000) (44.000000 1508.000000 -132.000000) (44.000000 1508.000000 -146.000000) 
4 650 651 (44.000000 1514.000000 -150.000000) (44.000000 1526.000000 -150.000000) (48.000000 1526.000000 -150.000000) (48.000000 1514.000000 -150.000000) 
3 650 654 (44.000000 1508.000000 -150.000000) (44.000000 1508.000000 -132.000000) (44.000000 1526.000000 -150.000000) 
3 651 654 (44.000000 1514.000000 -150.000000) (44.000000 1526.000000 -150.000000) (44.000000 1530.000000 -154.000000) 
3 652 654 (44.000000 1544.000000 -168.000000) (44.000000 1544.000000 -176.000000) (44.000000 1536.000000 -160.000000) 
4 653 664 (48.000000 1508.000000 -182.000000) (48.000000 1508.000000 -158.000000) (44.000000 1508.000000 -158.000000) (44.000000 1508.000000 -182.000000) 
4 653 657 (48.000000 1508.000000 -182.000000) (44.000000 1508.000000 -182.000000) (44.000000 1536.000000 -182.000000) (48.000000 1536.000000 -182.000000) 
7 653 654 (44.000000 1540.000000 -182.000000) (44.000000 1508.000000 -182.000000) (44.000000 1508.000000 -154.000000) (44.000000 1514.000000 -154.000000) (44.000000 1530.000000 -158.000000) (44.000000 1532.000000 -160.000000) (44.000000 1540.000000 -176.000000) 
3 654 661 (40.000000 1508.000000 -158.000000) (44.000000 1508.000000 -158.000000) (40.000000 1508.000000 -154.000000) 
3 654 662 (32.000000 1508.000000 -158.000000) (40.000000 1508.000000 -158.000000) (40.000000 1508.000000 -150.000000) 
5 654 663 (44.000000 1508.000000 -128.000000) (-160.000000 1508.000000 -128.000000) (-160.000000 1508.000000 -158.000000) (32.000000 1508.000000 -158.000000) (44.000000 1508.000000 -146.000000) 
4 654 664 (-160.000000 1508.000000 -158.000000) (-160.000000 1508.000000 -182.000000) (44.000000 1508.000000 -182.000000) (44.000000 1508.000000 -158.000000) 
3 654 655 (36.000000 1544.000000 -182.000000) (40.000000 1544.000000 -182.000000) (40.000000 1540.000000 -182.000000) 
4 654 656 (-160.000000 1536.000000 -182.000000) (-160.000000 1544.000000 -182.000000) (36.000000 1544.000000 -182.000000) (44.000000 1536.000000 -182.000000) 
4 654 657 (44.000000 1508.000000 -182.000000) (-160.000000 1508.000000 -182.000000) (-160.000000 1536.000000 -182.000000) (44.000000 1536.000000 -182.000000) 
3 655 658 (36.000000 1544.000000 -186.000000) (40.000000 1544.000000 -186.000000) (40.000000 1540.000000 -186.000000) 
4 655 656 (36.000000 1544.000000 -182.000000) (36.000000 1544.000000 -186.000000) (40.000000 1540.000000 -186.000000) (40.000000 1540.000000 -182.000000) 
4 656 658 (-160.000000 1540.000000 -186.000000) (-160.000000 1544.000000 -186.000000) (36.000000 1544.000000 -186.000000) (40.000000 1540.000000 -186.000000) 
4 656 659 (-160.000000 1536.000000 -186.000000) (-160.000000 1540.000000 -186.000000) (40.000000 1540.000000 -186.000000) (44.000000 1536.000000 -186.000000) 
4 656 657 (-160.000000 1536.000000 -186.000000) (44.000000 1536.000000 -186.000000) (44.000000 1536.000000 -182.000000) (-160.000000 1536.000000 -182.000000) 
4 657 664 (48.000000 1508.000000 -186.000000) (48.000000 1508.000000 -182.000000) (-160.000000 1508.000000 -182.000000) (-160.000000 1508.000000 -186.000000) 
4 657 659 (-160.000000 1508.000000 -186.000000) (-160.000000 1536.000000 -186.000000) (48.000000 1536.000000 -186.000000) (48.000000 1508.000000 -186.000000) 
4 658 659 (-160.000000 1540.000000 -198.000000) (44.000000 1540.000000 -198.000000) (44.000000 1540.000000 -186.000000) (-160.000000 1540.000000 -186.000000) 
4 658 665 (-160.000000 1540.000000 -198.000000) (-160.000000 1544.000000 -198.000000) (44.000000 1544.000000 -198.000000) (44.000000 1540.000000 -198.000000) 
4 659 664 (-160.000000 1508.000000 -198.000000) (48.000000 1508.000000 -198.000000) (48.000000 1508.000000 -186.000000) (-160.000000 1508.000000 -186.000000) 
4 659 665 (-160.000000 1508.000000 -198.000000) (-160.000000 1540.000000 -198.000000) (48.000000 1540.000000 -198.000000) (48.000000 1508.000000 -198.000000) 
3 660 666 (48.000000 1504.000000 -146.000000) (48.000000 1504.000000 -142.000000) (44.000000 1504.000000 -146.000000) 
4 660 663 (44.000000 1504.000000 -146.000000) (48.000000 1504.000000 -142.000000) (48.000000 1508.000000 -142.000000) (44.000000 1508.000000 -146.000000) 
3 661 668 (40.000000 1504.000000 -154.000000) (40.000000 1504.000000 -158.000000) (44.000000 1504.000000 -158.000000) 
4 661 662 (40.000000 1504.000000 -158.000000) (40.000000 1504.000000 -154.000000) (40.000000 1508.000000 -154.000000) (40.000000 1508.000000 -158.000000) 
4 661 664 (44.000000 1504.000000 -158.000000) (40.000000 1504.000000 -158.000000) (40.000000 1508.000000 -158.000000) (44.000000 1508.000000 -158.000000) 
3 662 668 (40.000000 1504.000000 -150.000000) (32.000000 1504.000000 -158.000000) (40.000000 1504.000000 -158.000000) 
4 662 664 (40.000000 1504.000000 -158.000000) (32.000000 1504.000000 -158.000000) (32.000000 1508.000000 -158.000000) (40.000000 1508.000000 -158.000000) 
4 662 663 (32.000000 1504.000000 -158.000000) (40.000000 1504.000000 -150.000000) (40.000000 1508.000000 -150.000000) (32.000000 1508.000000 -158.000000) 
4 663 666 (48.000000 1504.000000 -142.000000) (48.000000 1504.000000 -128.000000) (44.000000 1504.000000 -128.000000) (44.000000 1504.000000 -146.000000) 
5 663 668 (44.000000 1504.000000 -128.000000) (-160.000000 1504.000000 -128.000000) (-160.000000 1504.000000 -158.000000) (32.000000 1504.000000 -158.000000) (44.000000 1504.000000 -146.000000) 
4 663 664 (32.000000 1504.000000 -158.000000) (-160.000000 1504.000000 -158.000000) (-160.000000 1508.000000 -158.000000) (32.000000 1508.000000 -158.000000) 
4 664 667 (48.000000 1504.000000 -198.000000) (48.000000 1504.000000 -158.000000) (44.000000 1504.000000 -158.000000) (44.000000 1504.000000 -198.000000) 
4 664 668 (44.000000 1504.000000 -158.000000) (-160.000000 1504.000000 -158.000000) (-160.000000 1504.000000 -198.000000) (44.000000 1504.000000 -198.000000) 
4 664 665 (-160.000000 1504.000000 -198.000000) (-160.000000 1508.000000 -198.000000) (48.000000 1508.000000 -198.000000) (48.000000 1504.000000 -198.000000) 
4 665 667 (44.000000 1504.000000 -256.000000) (48.000000 1504.000000 -256.000000) (48.000000 1504.000000 -198.000000) (44.000000 1504.000000 -198.000000) 
4 665 668 (-160.000000 1504.000000 -256.000000) (44.000000 1504.000000 -256.000000) (44.000000 1504.000000 -198.000000) (-160.000000 1504.000000 -198.000000) 
3 666 669 (48.000000 1476.000000 -146.000000) (48.000000 1476.000000 -142.000000) (44.000000 1476.000000 -146.000000) 
4 666 673 (48.000000 1476.000000 -142.000000) (48.000000 1476.000000 -128.000000) (44.000000 1476.000000 -128.000000) (44.000000 1476.000000 -146.000000) 
4 666 668 (44.000000 1476.000000 -128.000000) (44.000000 1504.000000 -128.000000) (44.000000 1504.000000 -150.000000) (44.000000 1476.000000 -150.000000) 
4 667 672 (44.000000 1476.000000 -256.000000) (48.000000 1476.000000 -256.000000) (48.000000 1476.000000 -158.000000) (44.000000 1476.000000 -158.000000) 
4 667 668 (44.000000 1504.000000 -154.000000) (44.000000 1504.000000 -256.000000) (44.000000 1476.000000 -256.000000) (44.000000 1476.000000 -154.000000) 
3 668 670 (44.000000 1476.000000 -158.000000) (40.000000 1476.000000 -154.000000) (40.000000 1476.000000 -158.000000) 
3 668 671 (40.000000 1476.000000 -150.000000) (32.000000 1476.000000 -158.000000) (40.000000 1476.000000 -158.000000) 
4 668 672 (-66.000000 1476.000000 -256.000000) (44.000000 1476.000000 -256.000000) (44.000000 1476.000000 -158.000000) (32.000000 1476.000000 -158.000000) 
5 668 673 (-160.000000 1476.000000 -128.000000) (-160.000000 1476.000000 -256.000000) (-66.000000 1476.000000 -256.000000) (44.000000 1476.000000 -146.000000) (44.000000 1476.000000 -128.000000) 
4 669 673 (48.000000 1476.000000 -142.000000) (44.000000 1476.000000 -146.000000) (44.000000 1472.000000 -146.000000) (48.000000 1472.000000 -142.000000) 
4 670 672 (44.000000 1472.000000 -158.000000) (40.000000 1472.000000 -158.000000) (40.000000 1476.000000 -158.000000) (44.000000 1476.000000 -158.000000) 
4 670 671 (40.000000 1472.000000 -158.000000) (40.000000 1472.000000 -154.000000) (40.000000 1476.000000 -154.000000) (40.000000 1476.000000 -158.000000) 
4 671 672 (40.000000 1472.000000 -158.000000) (32.000000 1472.000000 -158.000000) (32.000000 1476.000000 -158.000000) (40.000000 1476.000000 -158.000000) 
4 671 673 (40.000000 1476.000000 -150.000000) (32.000000 1476.000000 -158.000000) (32.000000 1472.000000 -158.000000) (40.000000 1472.000000 -150.000000) 
4 672 688 (-66.000000 1472.000000 -256.000000) (32.000000 1472.000000 -256.000000) (32.000000 1472.000000 -160.000000) (30.857143 1472.000000 -159.142857) 
4 672 673 (32.000000 1476.000000 -158.000000) (-66.000000 1476.000000 -256.000000) (-66.000000 1472.000000 -256.000000) (32.000000 1472.000000 -158.000000) 
6 673 688 (-144.000000 1472.000000 -256.000000) (-66.000000 1472.000000 -256.000000) (30.857143 1472.000000 -159.142857) (-0.000000 1472.000000 -136.000000) (-112.000000 1472.000000 -136.000000) (-144.000000 1472.000000 -160.000000) 
4 674 684 (-210.000000 1712.000000 -176.000000) (-160.000000 1712.000000 -176.000000) (-160.000000 1692.000000 -176.000000) (-210.000000 1692.000000 -176.000000) 
4 674 679 (-206.000000 1692.000000 -176.000000) (-160.000000 1692.000000 -176.000000) (-160.000000 1692.000000 -168.000000) (-206.000000 1692.000000 -168.000000) 
4 674 678 (-160.000000 1692.000000 -168.000000) (-160.000000 1692.000000 -148.000000) (-210.000000 1692.000000 -148.000000) (-210.000000 1692.000000 -168.000000) 
3 674 676 (-210.000000 1692.000000 -148.000000) (-210.000000 1712.000000 -148.000000) (-210.000000 1692.000000 -170.000000) 
4 674 675 (-210.000000 1712.000000 -152.000000) (-210.000000 1712.000000 -176.000000) (-210.000000 1692.000000 -176.000000) (-210.000000 1692.000000 -174.000000) 
4 675 702 (-246.000000 1712.000000 -152.000000) (-246.000000 1712.000000 -176.000000) (-246.000000 1692.000000 -176.000000) (-246.000000 1692.000000 -174.000000) 
4 675 685 (-246.000000 1692.000000 -176.000000) (-246.000000 1712.000000 -176.000000) (-210.000000 1712.000000 -176.000000) (-210.000000 1692.000000 -176.000000) 
4 675 677 (-246.000000 1712.000000 -152.000000) (-246.000000 1692.000000 -174.000000) (-214.000000 1692.000000 -174.000000) (-214.000000 1712.000000 -152.000000) 
4 676 678 (-210.000000 1692.000000 -168.000000) (-210.000000 1692.000000 -148.000000) (-214.000000 1692.000000 -148.000000) (-214.000000 1692.000000 -168.000000) 
3 676 677 (-214.000000 1692.000000 -170.000000) (-214.000000 1692.000000 -148.000000) (-214.000000 1712.000000 -148.000000) 
3 677 703 (-246.000000 1692.000000 -148.000000) (-246.000000 1712.000000 -148.000000) (-246.000000 1692.000000 -170.000000) 
4 677 678 (-246.000000 1692.000000 -148.000000) (-246.000000 1692.000000 -168.000000) (-214.000000 1692.000000 -168.000000) (-214.000000 1692.000000 -148.000000) 
4 678 704 (-246.000000 1684.000000 -148.000000) (-246.000000 1692.000000 -148.000000) (-246.000000 1692.000000 -168.000000) (-246.000000 1684.000000 -168.000000) 
4 678 681 (-210.000000 1684.000000 -148.000000) (-246.000000 1684.000000 -148.000000) (-246.000000 1684.000000 -168.000000) (-210.000000 1684.000000 -168.000000) 
4 678 680 (-160.000000 1684.000000 -168.000000) (-160.000000 1684.000000 -148.000000) (-210.000000 1684.000000 -148.000000) (-210.000000 1684.000000 -168.000000) 
4 678 679 (-206.000000 1692.000000 -168.000000) (-160.000000 1692.000000 -168.000000) (-160.000000 1684.000000 -168.000000) (-206.000000 1684.000000 -168.000000) 
4 679 684 (-206.000000 1692.000000 -176.000000) (-160.000000 1692.000000 -176.000000) (-160.000000 1684.000000 -176.000000) (-206.000000 1684.000000 -176.000000) 
4 679 680 (-160.000000 1684.000000 -174.000000) (-160.000000 1684.000000 -168.000000) (-206.000000 1684.000000 -168.000000) (-206.000000 1684.000000 -174.000000) 
4 679 683 (-160.000000 1684.000000 -176.000000) (-160.000000 1684.000000 -174.000000) (-206.000000 1684.000000 -174.000000) (-206.000000 1684.000000 -176.000000) 
3 680 681 (-210.000000 1664.000000 -148.000000) (-210.000000 1684.000000 -148.000000) (-210.000000 1684.000000 -170.000000) 
4 680 683 (-210.000000 1684.000000 -174.000000) (-160.000000 1684.000000 -174.000000) (-160.000000 1664.000000 -152.000000) (-210.000000 1664.000000 -152.000000) 
3 681 705 (-246.000000 1664.000000 -148.000000) (-246.000000 1684.000000 -148.000000) (-246.000000 1684.000000 -170.000000) 
4 681 682 (-246.000000 1684.000000 -170.000000) (-214.000000 1684.000000 -170.000000) (-214.000000 1664.000000 -148.000000) (-246.000000 1664.000000 -148.000000) 
4 682 683 (-246.000000 1684.000000 -174.000000) (-214.000000 1684.000000 -174.000000) (-214.000000 1664.000000 -152.000000) (-246.000000 1664.000000 -152.000000) 
4 683 706 (-246.000000 1664.000000 -176.000000) (-246.000000 1664.000000 -152.000000) (-246.000000 1684.000000 -174.000000) (-246.000000 1684.000000 -176.000000) 
4 683 686 (-210.000000 1664.000000 -176.000000) (-214.000000 1664.000000 -176.000000) (-214.000000 1684.000000 -176.000000) (-210.000000 1684.000000 -176.000000) 
4 683 687 (-214.000000 1664.000000 -176.000000) (-246.000000 1664.000000 -176.000000) (-246.000000 1684.000000 -176.000000) (-214.000000 1684.000000 -176.000000) 
4 683 684 (-160.000000 1664.000000 -176.000000) (-210.000000 1664.000000 -176.000000) (-210.000000 1684.000000 -176.000000) (-160.000000 1684.000000 -176.000000) 
4 684 686 (-210.000000 1686.000000 -196.000000) (-210.000000 1664.000000 -196.000000) (-210.000000 1664.000000 -176.000000) (-210.000000 1686.000000 -176.000000) 
4 684 685 (-210.000000 1712.000000 -196.000000) (-210.000000 1690.000000 -196.000000) (-210.000000 1690.000000 -176.000000) (-210.000000 1712.000000 -176.000000) 
4 685 708 (-246.000000 1690.000000 -176.000000) (-246.000000 1712.000000 -176.000000) (-246.000000 1712.000000 -196.000000) (-246.000000 1690.000000 -196.000000) 
4 685 687 (-246.000000 1690.000000 -176.000000) (-246.000000 1690.000000 -196.000000) (-214.000000 1690.000000 -196.000000) (-214.000000 1690.000000 -176.000000) 
4 686 687 (-214.000000 1686.000000 -196.000000) (-214.000000 1664.000000 -196.000000) (-214.000000 1664.000000 -176.000000) (-214.000000 1686.000000 -176.000000) 
4 687 709 (-246.000000 1664.000000 -196.000000) (-246.000000 1664.000000 -176.000000) (-246.000000 1686.000000 -176.000000) (-246.000000 1686.000000 -196.000000) 
6 688 689 (-144.000000 1456.000000 -160.000000) (-144.000000 1456.000000 -256.000000) (32.000000 1456.000000 -256.000000) (32.000000 1456.000000 -160.000000) (-0.000000 1456.000000 -136.000000) (-112.000000 1456.000000 -136.000000) 
6 689 690 (-144.000000 1440.000000 -256.000000) (32.000000 1440.000000 -256.000000) (32.000000 1440.000000 -160.000000) (-0.000000 1440.000000 -136.000000) (-112.000000 1440.000000 -136.000000) (-144.000000 1440.000000 -160.000000) 
6 690 691 (-144.000000 1424.000000 -256.000000) (32.000000 1424.000000 -256.000000) (32.000000 1424.000000 -160.000000) (0.000000 1424.000000 -136.000000) (-112.000000 1424.000000 -136.000000) (-144.000000 1424.000000 -160.000000) 
4 691 700 (-184.000000 1376.000000 -256.000000) (-8.000000 1376.000000 -256.000000) (-8.000000 1376.000000 -248.000000) (-184.000000 1376.000000 -248.000000) 
4 691 697 (-8.000000 1376.000000 -100.000000) (-8.000000 1376.000000 -96.000000) (-56.000000 1376.000000 -96.000000) (-56.000000 1376.000000 -100.000000) 
4 691 698 (-8.000000 1376.000000 -248.000000) (-8.000000 1376.000000 -100.000000) (-56.000000 1376.000000 -100.000000) (-56.000000 1376.000000 -248.000000) 
4 691 699 (-56.000000 1376.000000 -96.000000) (-184.000000 1376.000000 -96.000000) (-184.000000 1376.000000 -248.000000) (-56.000000 1376.000000 -248.000000) 
4 691 693 (-8.000000 1376.000000 -96.000000) (-8.000000 1376.000000 -92.000000) (-184.000000 1376.000000 -92.000000) (-184.000000 1376.000000 -96.000000) 
4 691 692 (-8.000000 1376.000000 -256.000000) (144.000000 1376.000000 -256.000000) (103.000000 1376.000000 -92.000000) (-8.000000 1376.000000 -92.000000) 
4 692 941 (-8.000000 1326.000000 -96.000000) (-8.000000 1326.000000 -256.000000) (160.000000 1326.000000 -256.000000) (120.000000 1326.000000 -96.000000) 
4 692 940 (112.000000 1326.000000 -64.000000) (-8.000000 1326.000000 -64.000000) (-8.000000 1326.000000 -96.000000) (120.000000 1326.000000 -96.000000) 
4 692 701 (-8.000000 1360.000000 -256.000000) (-8.000000 1326.000000 -256.000000) (-8.000000 1326.000000 -248.000000) (-8.000000 1360.000000 -248.000000) 
4 692 700 (-8.000000 1376.000000 -248.000000) (-8.000000 1376.000000 -256.000000) (-8.000000 1360.000000 -256.000000) (-8.000000 1360.000000 -248.000000) 
4 692 697 (-8.000000 1376.000000 -96.000000) (-8.000000 1376.000000 -100.000000) (-8.000000 1344.000000 -100.000000) (-8.000000 1344.000000 -96.000000) 
4 692 698 (-8.000000 1376.000000 -100.000000) (-8.000000 1376.000000 -248.000000) (-8.000000 1326.000000 -248.000000) (-8.000000 1326.000000 -100.000000) 
4 692 694 (-8.000000 1330.000000 -96.000000) (-8.000000 1326.000000 -96.000000) (-8.000000 1326.000000 -64.000000) (-8.000000 1330.000000 -64.000000) 
4 692 693 (-8.000000 1376.000000 -64.000000) (-8.000000 1376.000000 -96.000000) (-8.000000 1330.000000 -96.000000) (-8.000000 1330.000000 -64.000000) 
4 693 697 (-56.000000 1376.000000 -96.000000) (-8.000000 1376.000000 -96.000000) (-8.000000 1344.000000 -96.000000) (-56.000000 1344.000000 -96.000000) 
4 693 699 (-200.000000 1330.000000 -96.000000) (-200.000000 1376.000000 -96.000000) (-56.000000 1376.000000 -96.000000) (-56.000000 1330.000000 -96.000000) 
4 693 696 (-48.000000 1330.000000 -64.000000) (-200.000000 1330.000000 -64.000000) (-200.000000 1330.000000 -96.000000) (-48.000000 1330.000000 -96.000000) 
4 693 695 (-20.000000 1330.000000 -64.000000) (-44.000000 1330.000000 -64.000000) (-44.000000 1330.000000 -96.000000) (-20.000000 1330.000000 -96.000000) 
4 693 694 (-8.000000 1330.000000 -96.000000) (-8.000000 1330.000000 -64.000000) (-15.999142 1330.000000 -64.000000) (-15.999142 1330.000000 -96.000000) 
4 694 940 (-8.000000 1326.000000 -64.000000) (-15.999142 1326.000000 -64.000000) (-15.999142 1326.000000 -96.000000) (-8.000000 1326.000000 -96.000000) 
4 695 940 (-20.000000 1326.000000 -64.000000) (-44.000000 1326.000000 -64.000000) (-44.000000 1326.000000 -96.000000) (-20.000000 1326.000000 -96.000000) 
4 696 940 (-48.000000 1326.000000 -64.000000) (-200.000000 1326.000000 -64.000000) (-200.000000 1326.000000 -96.000000) (-48.000000 1326.000000 -96.000000) 
4 696 699 (-200.000000 1326.000000 -96.000000) (-200.000000 1330.000000 -96.000000) (-56.000000 1330.000000 -96.000000) (-56.000000 1326.000000 -96.000000) 
4 697 698 (-56.000000 1344.000000 -100.000000) (-56.000000 1376.000000 -100.000000) (-8.000000 1376.000000 -100.000000) (-8.000000 1344.000000 -100.000000) 
4 697 699 (-56.000000 1376.000000 -96.000000) (-56.000000 1376.000000 -100.000000) (-56.000000 1344.000000 -100.000000) (-56.000000 1344.000000 -96.000000) 
4 698 942 (-56.000000 1326.000000 -248.000000) (-8.000000 1326.000000 -248.000000) (-8.000000 1326.000000 -100.000000) (-56.000000 1326.000000 -100.000000) 
4 698 701 (-8.000000 1326.000000 -248.000000) (-56.000000 1326.000000 -248.000000) (-56.000000 1360.000000 -248.000000) (-8.000000 1360.000000 -248.000000) 
4 698 700 (-56.000000 1360.000000 -248.000000) (-56.000000 1376.000000 -248.000000) (-8.000000 1376.000000 -248.000000) (-8.000000 1360.000000 -248.000000) 
4 698 699 (-56.000000 1376.000000 -100.000000) (-56.000000 1376.000000 -248.000000) (-56.000000 1326.000000 -248.000000) (-56.000000 1326.000000 -100.000000) 
4 699 944 (-200.000000 1326.000000 -96.000000) (-200.000000 1326.000000 -248.000000) (-56.000000 1326.000000 -248.000000) (-56.000000 1326.000000 -96.000000) 
4 699 701 (-56.000000 1326.000000 -248.000000) (-196.000000 1326.000000 -248.000000) (-196.000000 1360.000000 -248.000000) (-56.000000 1360.000000 -248.000000) 
4 699 700 (-200.000000 1360.000000 -248.000000) (-200.000000 1376.000000 -248.000000) (-56.000000 1376.000000 -248.000000) (-56.000000 1360.000000 -248.000000) 
4 700 701 (-8.000000 1360.000000 -256.000000) (-8.000000 1360.000000 -248.000000) (-196.000000 1360.000000 -248.000000) (-196.000000 1360.000000 -256.000000) 
4 701 945 (-196.000000 1326.000000 -256.000000) (-56.000000 1326.000000 -256.000000) (-56.000000 1326.000000 -248.000000) (-196.000000 1326.000000 -248.000000) 
4 701 942 (-56.000000 1326.000000 -256.000000) (-8.000000 1326.000000 -256.000000) (-8.000000 1326.000000 -248.000000) (-56.000000 1326.000000 -248.000000) 
4 702 708 (-250.000000 1692.000000 -176.000000) (-250.000000 1712.000000 -176.000000) (-246.000000 1712.000000 -176.000000) (-246.000000 1692.000000 -176.000000) 
4 702 707 (-250.000000 1712.000000 -152.000000) (-250.000000 1712.000000 -176.000000) (-250.000000 1692.000000 -176.000000) (-250.000000 1692.000000 -174.000000) 
4 703 704 (-246.000000 1692.000000 -168.000000) (-246.000000 1692.000000 -148.000000) (-250.000000 1692.000000 -148.000000) (-250.000000 1692.000000 -168.000000) 
3 703 707 (-250.000000 1712.000000 -148.000000) (-250.000000 1692.000000 -170.000000) (-250.000000 1692.000000 -148.000000) 
4 704 705 (-250.000000 1684.000000 -148.000000) (-250.000000 1684.000000 -168.000000) (-246.000000 1684.000000 -168.000000) (-246.000000 1684.000000 -148.000000) 
4 704 707 (-250.000000 1684.000000 -168.000000) (-250.000000 1684.000000 -148.000000) (-250.000000 1692.000000 -148.000000) (-250.000000 1692.000000 -168.000000) 
3 705 707 (-250.000000 1664.000000 -148.000000) (-250.000000 1684.000000 -148.000000) (-250.000000 1684.000000 -170.000000) 
4 706 709 (-246.000000 1664.000000 -176.000000) (-250.000000 1664.000000 -176.000000) (-250.000000 1684.000000 -176.000000) (-246.000000 1684.000000 -176.000000) 
4 706 707 (-250.000000 1684.000000 -176.000000) (-250.000000 1664.000000 -176.000000) (-250.000000 1664.000000 -152.000000) (-250.000000 1684.000000 -174.000000) 
4 707 710 (-250.000000 1664.000000 -176.000000) (-368.000000 1664.000000 -176.000000) (-368.000000 1690.000000 -176.000000) (-250.000000 1690.000000 -176.000000) 
4 707 708 (-368.000000 1690.000000 -176.000000) (-368.000000 1712.000000 -176.000000) (-250.000000 1712.000000 -176.000000) (-250.000000 1690.000000 -176.000000) 
4 708 710 (-368.000000 1690.000000 -196.000000) (-250.000000 1690.000000 -196.000000) (-250.000000 1690.000000 -176.000000) (-368.000000 1690.000000 -176.000000) 
4 709 710 (-250.000000 1686.000000 -196.000000) (-250.000000 1664.000000 -196.000000) (-250.000000 1664.000000 -176.000000) (-250.000000 1686.000000 -176.000000) 
5 711 724 (1680.000000 952.000000 -256.000000) (1680.000000 904.000000 -256.000000) (1680.000000 904.000000 -164.000000) (1680.000000 938.000000 -96.000000) (1680.000000 952.000000 -96.000000) 
4 711 723 (1680.000000 1072.000000 -256.000000) (1680.000000 952.000000 -256.000000) (1680.000000 952.000000 -96.000000) (1680.000000 1072.000000 -96.000000) 
3 711 726 (1680.000000 904.000000 -256.000000) (1680.000000 858.000000 -256.000000) (1680.000000 904.000000 -164.000000) 
4 711 717 (1680.000000 940.000000 -92.000000) (1680.000000 944.000000 -92.000000) (1680.000000 944.000000 -96.000000) (1680.000000 940.000000 -96.000000) 
4 711 716 (1680.000000 944.000000 -92.000000) (1680.000000 1072.000000 -92.000000) (1680.000000 1072.000000 -96.000000) (1680.000000 944.000000 -96.000000) 
3 711 719 (1680.000000 938.000000 -96.000000) (1680.000000 940.000000 -92.000000) (1680.000000 940.000000 -96.000000) 
4 711 713 (1680.000000 940.000000 -92.000000) (1680.000000 936.000000 -100.000000) (1696.000000 936.000000 -100.000000) (1692.000000 940.000000 -92.000000) 
4 711 712 (1712.000000 936.000000 -100.000000) (1728.000000 936.000000 -100.000000) (1728.000000 940.000000 -92.000000) (1716.000000 940.000000 -92.000000) 
4 711 715 (1680.000000 936.000000 -100.000000) (1680.000000 858.000000 -256.000000) (1728.000000 858.000000 -256.000000) (1728.000000 936.000000 -100.000000) 
4 712 714 (1712.000000 920.000000 -100.000000) (1728.000000 920.000000 -100.000000) (1728.000000 916.000000 -92.000000) (1716.000000 916.000000 -92.000000) 
4 712 715 (1712.000000 936.000000 -100.000000) (1728.000000 936.000000 -100.000000) (1728.000000 920.000000 -100.000000) (1712.000000 920.000000 -100.000000) 
4 713 724 (1680.000000 938.000000 -96.000000) (1680.000000 936.000000 -100.000000) (1680.000000 920.000000 -100.000000) (1680.000000 918.000000 -96.000000) 
4 713 719 (1680.000000 916.000000 -92.000000) (1680.000000 940.000000 -92.000000) (1680.000000 938.000000 -96.000000) (1680.000000 918.000000 -96.000000) 
4 713 715 (1680.000000 920.000000 -100.000000) (1680.000000 936.000000 -100.000000) (1696.000000 936.000000 -100.000000) (1696.000000 920.000000 -100.000000) 
4 713 714 (1680.000000 916.000000 -92.000000) (1680.000000 920.000000 -100.000000) (1696.000000 920.000000 -100.000000) (1692.000000 916.000000 -92.000000) 
4 714 724 (1680.000000 904.000000 -96.000000) (1680.000000 918.000000 -96.000000) (1680.000000 920.000000 -100.000000) (1680.000000 904.000000 -100.000000) 
4 714 726 (1680.000000 784.000000 -100.000000) (1680.000000 784.000000 -96.000000) (1680.000000 904.000000 -96.000000) (1680.000000 904.000000 -100.000000) 
4 714 720 (1680.000000 912.000000 -92.000000) (1680.000000 916.000000 -92.000000) (1680.000000 916.000000 -96.000000) (1680.000000 912.000000 -96.000000) 
4 714 722 (1680.000000 784.000000 -96.000000) (1680.000000 784.000000 -92.000000) (1680.000000 912.000000 -92.000000) (1680.000000 912.000000 -96.000000) 
3 714 719 (1680.000000 916.000000 -92.000000) (1680.000000 918.000000 -96.000000) (1680.000000 916.000000 -96.000000) 
4 714 715 (1728.000000 784.000000 -100.000000) (1680.000000 784.000000 -100.000000) (1680.000000 920.000000 -100.000000) (1728.000000 920.000000 -100.000000) 
3 715 724 (1680.000000 904.000000 -100.000000) (1680.000000 936.000000 -100.000000) (1680.000000 904.000000 -164.000000) 
5 715 726 (1680.000000 858.000000 -256.000000) (1680.000000 784.000000 -256.000000) (1680.000000 784.000000 -100.000000) (1680.000000 904.000000 -100.000000) (1680.000000 904.000000 -164.000000) 
4 716 730 (1584.000000 944.000000 -64.000000) (1584.000000 1088.000000 -64.000000) (1584.000000 1088.000000 -96.000000) (1584.000000 944.000000 -96.000000) 
4 716 724 (1616.000000 952.000000 -96.000000) (1680.000000 952.000000 -96.000000) (1680.000000 944.000000 -96.000000) (1616.000000 944.000000 -96.000000) 
4 716 723 (1584.000000 952.000000 -96.000000) (1584.000000 1088.000000 -96.000000) (1680.000000 1088.000000 -96.000000) (1680.000000 952.000000 -96.000000) 
4 716 718 (1584.000000 944.000000 -96.000000) (1598.000000 944.000000 -96.000000) (1598.000000 944.000000 -64.000000) (1584.000000 944.000000 -64.000000) 
4 716 717 (1602.000000 944.000000 -96.000000) (1680.000000 944.000000 -96.000000) (1680.000000 944.000000 -64.000000) (1602.000000 944.000000 -64.000000) 
4 717 724 (1616.000000 944.000000 -96.000000) (1680.000000 944.000000 -96.000000) (1680.000000 940.000000 -96.000000) (1616.000000 940.000000 -96.000000) 
4 717 719 (1602.000000 940.000000 -96.000000) (1680.000000 940.000000 -96.000000) (1680.000000 940.000000 -64.000000) (1602.000000 940.000000 -64.000000) 
4 718 730 (1584.000000 940.000000 -64.000000) (1584.000000 944.000000 -64.000000) (1584.000000 944.000000 -96.000000) (1584.000000 940.000000 -96.000000) 
4 718 719 (1584.000000 940.000000 -64.000000) (1584.000000 940.000000 -96.000000) (1598.000000 940.000000 -96.000000) (1598.000000 940.000000 -64.000000) 
4 719 730 (1584.000000 916.000000 -64.000000) (1584.000000 940.000000 -64.000000) (1584.000000 940.000000 -96.000000) (1584.000000 916.000000 -96.000000) 
4 719 724 (1616.000000 940.000000 -96.000000) (1680.000000 940.000000 -96.000000) (1680.000000 916.000000 -96.000000) (1616.000000 916.000000 -96.000000) 
4 719 721 (1584.000000 916.000000 -64.000000) (1584.000000 916.000000 -96.000000) (1598.000000 916.000000 -96.000000) (1598.000000 916.000000 -64.000000) 
4 719 720 (1602.000000 916.000000 -96.000000) (1680.000000 916.000000 -96.000000) (1680.000000 916.000000 -64.000000) (1602.000000 916.000000 -64.000000) 
4 720 724 (1616.000000 916.000000 -96.000000) (1680.000000 916.000000 -96.000000) (1680.000000 912.000000 -96.000000) (1616.000000 912.000000 -96.000000) 
4 720 722 (1602.000000 912.000000 -96.000000) (1680.000000 912.000000 -96.000000) (1680.000000 912.000000 -64.000000) (1602.000000 912.000000 -64.000000) 
4 721 730 (1584.000000 912.000000 -64.000000) (1584.000000 916.000000 -64.000000) (1584.000000 916.000000 -96.000000) (1584.000000 912.000000 -96.000000) 
4 721 722 (1584.000000 912.000000 -96.000000) (1598.000000 912.000000 -96.000000) (1598.000000 912.000000 -64.000000) (1584.000000 912.000000 -64.000000) 
4 722 730 (1584.000000 784.000000 -96.000000) (1584.000000 784.000000 -64.000000) (1584.000000 912.000000 -64.000000) (1584.000000 912.000000 -96.000000) 
4 722 727 (1584.000000 784.000000 -64.000000) (1584.000000 784.000000 -96.000000) (1680.000000 784.000000 -96.000000) (1680.000000 784.000000 -64.000000) 
4 722 724 (1616.000000 912.000000 -96.000000) (1680.000000 912.000000 -96.000000) (1680.000000 904.000000 -96.000000) (1616.000000 904.000000 -96.000000) 
4 722 726 (1584.000000 784.000000 -96.000000) (1584.000000 904.000000 -96.000000) (1680.000000 904.000000 -96.000000) (1680.000000 784.000000 -96.000000) 
4 723 730 (1584.000000 1088.000000 -256.000000) (1584.000000 952.000000 -256.000000) (1584.000000 952.000000 -96.000000) (1584.000000 1088.000000 -96.000000) 
4 723 725 (1584.000000 952.000000 -100.000000) (1584.000000 952.000000 -256.000000) (1616.000000 952.000000 -256.000000) (1616.000000 952.000000 -100.000000) 
4 723 724 (1680.000000 952.000000 -96.000000) (1616.000000 952.000000 -96.000000) (1616.000000 952.000000 -256.000000) (1680.000000 952.000000 -256.000000) 
4 724 725 (1616.000000 952.000000 -256.000000) (1616.000000 904.000000 -256.000000) (1616.000000 904.000000 -100.000000) (1616.000000 952.000000 -100.000000) 
4 724 726 (1680.000000 904.000000 -96.000000) (1616.000000 904.000000 -96.000000) (1616.000000 904.000000 -256.000000) (1680.000000 904.000000 -256.000000) 
4 725 730 (1584.000000 952.000000 -256.000000) (1584.000000 904.000000 -256.000000) (1584.000000 904.000000 -100.000000) (1584.000000 952.000000 -100.000000) 
4 725 726 (1584.000000 904.000000 -100.000000) (1584.000000 904.000000 -256.000000) (1616.000000 904.000000 -256.000000) (1616.000000 904.000000 -100.000000) 
4 726 730 (1584.000000 904.000000 -256.000000) (1584.000000 784.000000 -256.000000) (1584.000000 784.000000 -96.000000) (1584.000000 904.000000 -96.000000) 
4 726 727 (1584.000000 784.000000 -96.000000) (1584.000000 784.000000 -256.000000) (1680.000000 784.000000 -256.000000) (1680.000000 784.000000 -96.000000) 
4 727 737 (1584.000000 784.000000 -64.000000) (1584.000000 784.000000 -256.000000) (1584.000000 768.000000 -256.000000) (1584.000000 768.000000 -64.000000) 
4 728 741 (1088.000000 784.000000 -40.000000) (1072.000000 784.000000 -40.000000) (1072.000000 784.000000 -64.000000) (1088.000000 784.000000 -64.000000) 
4 728 739 (1408.000000 784.000000 -40.000000) (1088.000000 784.000000 -40.000000) (1088.000000 784.000000 -64.000000) (1408.000000 784.000000 -64.000000) 
4 728 738 (1472.000000 784.000000 -40.000000) (1408.000000 784.000000 -40.000000) (1408.000000 784.000000 -64.000000) (1472.000000 784.000000 -64.000000) 
4 728 733 (1080.000000 912.000000 -64.000000) (1472.000000 912.000000 -64.000000) (1472.000000 880.000000 -64.000000) (1080.000000 880.000000 -64.000000) 
4 728 735 (1472.000000 784.000000 -64.000000) (1072.000000 784.000000 -64.000000) (1072.000000 880.000000 -64.000000) (1472.000000 880.000000 -64.000000) 
4 728 732 (1072.000000 912.000000 -64.000000) (1072.000000 1088.000000 -64.000000) (1472.000000 1088.000000 -64.000000) (1472.000000 912.000000 -64.000000) 
4 729 962 (640.000000 784.000000 -64.000000) (640.000000 784.000000 -40.000000) (640.000000 1088.000000 -40.000000) (640.000000 1088.000000 -64.000000) 
4 729 745 (1024.000000 784.000000 -40.000000) (640.000000 784.000000 -40.000000) (640.000000 784.000000 -64.000000) (1024.000000 784.000000 -64.000000) 
4 729 743 (1040.000000 784.000000 -40.000000) (1024.000000 784.000000 -40.000000) (1024.000000 784.000000 -64.000000) (1040.000000 784.000000 -64.000000) 
4 729 735 (1040.000000 784.000000 -64.000000) (1032.000000 784.000000 -64.000000) (1032.000000 880.000000 -64.000000) (1040.000000 880.000000 -64.000000) 
4 729 736 (1032.000000 784.000000 -64.000000) (640.000000 784.000000 -64.000000) (640.000000 912.000000 -64.000000) (1032.000000 912.000000 -64.000000) 
4 729 732 (640.000000 912.000000 -64.000000) (640.000000 1088.000000 -64.000000) (1040.000000 1088.000000 -64.000000) (1040.000000 912.000000 -64.000000) 
4 730 737 (1584.000000 784.000000 -256.000000) (1584.000000 784.000000 -64.000000) (1520.000000 784.000000 -64.000000) (1520.000000 784.000000 -256.000000) 
4 730 731 (1520.000000 1072.000000 -256.000000) (1520.000000 784.000000 -256.000000) (1520.000000 784.000000 -92.000000) (1520.000000 1072.000000 -92.000000) 
4 731 733 (1472.000000 912.000000 -256.000000) (1472.000000 880.000000 -256.000000) (1472.000000 880.000000 -92.000000) (1472.000000 912.000000 -92.000000) 
4 731 735 (1472.000000 880.000000 -256.000000) (1472.000000 784.000000 -256.000000) (1472.000000 784.000000 -92.000000) (1472.000000 880.000000 -92.000000) 
4 731 732 (1472.000000 1072.000000 -256.000000) (1472.000000 912.000000 -256.000000) (1472.000000 912.000000 -92.000000) (1472.000000 1072.000000 -92.000000) 
4 732 962 (640.000000 912.000000 -64.000000) (640.000000 1088.000000 -64.000000) (640.000000 1088.000000 -256.000000) (640.000000 912.000000 -256.000000) 
4 732 734 (1032.000000 912.000000 -256.000000) (1080.000000 912.000000 -256.000000) (1080.000000 912.000000 -68.000000) (1032.000000 912.000000 -68.000000) 
4 732 733 (1080.000000 912.000000 -256.000000) (1472.000000 912.000000 -256.000000) (1472.000000 912.000000 -64.000000) (1080.000000 912.000000 -64.000000) 
4 732 736 (640.000000 912.000000 -64.000000) (640.000000 912.000000 -256.000000) (1032.000000 912.000000 -256.000000) (1032.000000 912.000000 -64.000000) 
4 733 734 (1080.000000 912.000000 -256.000000) (1080.000000 880.000000 -256.000000) (1080.000000 880.000000 -68.000000) (1080.000000 912.000000 -68.000000) 
4 733 735 (1080.000000 880.000000 -256.000000) (1472.000000 880.000000 -256.000000) (1472.000000 880.000000 -64.000000) (1080.000000 880.000000 -64.000000) 
4 734 736 (1032.000000 912.000000 -256.000000) (1032.000000 880.000000 -256.000000) (1032.000000 880.000000 -68.000000) (1032.000000 912.000000 -68.000000) 
4 734 735 (1032.000000 880.000000 -256.000000) (1080.000000 880.000000 -256.000000) (1080.000000 880.000000 -68.000000) (1032.000000 880.000000 -68.000000) 
4 735 757 (1088.000000 784.000000 -64.000000) (1032.000000 784.000000 -64.000000) (1032.000000 784.000000 -256.000000) (1088.000000 784.000000 -256.000000) 
4 735 756 (1232.000000 784.000000 -64.000000) (1088.000000 784.000000 -64.000000) (1088.000000 784.000000 -256.000000) (1232.000000 784.000000 -256.000000) 
4 735 753 (1264.000000 784.000000 -64.000000) (1232.000000 784.000000 -64.000000) (1232.000000 784.000000 -68.000000) (1264.000000 784.000000 -68.000000) 
4 735 755 (1232.000000 784.000000 -68.000000) (1232.000000 784.000000 -256.000000) (1264.000000 784.000000 -256.000000) (1264.000000 784.000000 -68.000000) 
4 735 752 (1312.000000 784.000000 -64.000000) (1264.000000 784.000000 -64.000000) (1264.000000 784.000000 -256.000000) (1312.000000 784.000000 -256.000000) 
4 735 747 (1408.000000 784.000000 -64.000000) (1312.000000 784.000000 -64.000000) (1312.000000 784.000000 -256.000000) (1408.000000 784.000000 -256.000000) 
4 735 738 (1472.000000 784.000000 -64.000000) (1408.000000 784.000000 -64.000000) (1408.000000 784.000000 -256.000000) (1472.000000 784.000000 -256.000000) 
4 735 736 (1032.000000 880.000000 -256.000000) (1032.000000 784.000000 -256.000000) (1032.000000 784.000000 -64.000000) (1032.000000 880.000000 -64.000000) 
4 736 962 (640.000000 784.000000 -256.000000) (640.000000 784.000000 -64.000000) (640.000000 912.000000 -64.000000) (640.000000 912.000000 -256.000000) 
4 736 764 (848.000000 784.000000 -64.000000) (816.000000 784.000000 -64.000000) (816.000000 784.000000 -68.000000) (848.000000 784.000000 -68.000000) 
4 736 763 (1024.000000 784.000000 -64.000000) (848.000000 784.000000 -64.000000) (848.000000 784.000000 -68.000000) (1024.000000 784.000000 -68.000000) 
4 736 766 (816.000000 784.000000 -68.000000) (816.000000 784.000000 -256.000000) (1024.000000 784.000000 -256.000000) (1024.000000 784.000000 -68.000000) 
4 736 757 (1032.000000 784.000000 -64.000000) (1024.000000 784.000000 -64.000000) (1024.000000 784.000000 -256.000000) (1032.000000 784.000000 -256.000000) 
4 736 767 (816.000000 784.000000 -64.000000) (640.000000 784.000000 -64.000000) (640.000000 784.000000 -256.000000) (816.000000 784.000000 -256.000000) 
4 738 747 (1408.000000 784.000000 -64.000000) (1408.000000 784.000000 -256.000000) (1408.000000 704.000000 -256.000000) (1408.000000 704.000000 -64.000000) 
4 738 739 (1408.000000 784.000000 -40.000000) (1408.000000 784.000000 -64.000000) (1408.000000 704.000000 -64.000000) (1408.000000 704.000000 -40.000000) 
4 739 756 (1232.000000 688.000000 -64.000000) (1088.000000 688.000000 -64.000000) (1088.000000 784.000000 -64.000000) (1232.000000 784.000000 -64.000000) 
4 739 753 (1232.000000 696.000000 -64.000000) (1232.000000 784.000000 -64.000000) (1264.000000 784.000000 -64.000000) (1264.000000 696.000000 -64.000000) 
4 739 752 (1312.000000 688.000000 -64.000000) (1264.000000 688.000000 -64.000000) (1264.000000 784.000000 -64.000000) (1312.000000 784.000000 -64.000000) 
4 739 747 (1408.000000 784.000000 -64.000000) (1408.000000 688.000000 -64.000000) (1312.000000 688.000000 -64.000000) (1312.000000 784.000000 -64.000000) 
4 739 741 (1088.000000 784.000000 -40.000000) (1088.000000 784.000000 -64.000000) (1088.000000 704.000000 -64.000000) (1088.000000 704.000000 -40.000000) 
4 740 756 (1232.000000 240.000000 -64.000000) (1088.000000 240.000000 -64.000000) (1088.000000 656.000000 -64.000000) (1232.000000 656.000000 -64.000000) 
4 740 754 (1232.000000 248.000000 -64.000000) (1232.000000 648.000000 -64.000000) (1264.000000 648.000000 -64.000000) (1264.000000 248.000000 -64.000000) 
4 740 752 (1312.000000 240.000000 -64.000000) (1264.000000 240.000000 -64.000000) (1264.000000 656.000000 -64.000000) (1312.000000 656.000000 -64.000000) 
4 740 750 (1408.000000 260.000000 -64.000000) (1408.000000 240.000000 -64.000000) (1312.000000 240.000000 -64.000000) (1312.000000 260.000000 -64.000000) 
4 740 749 (1408.000000 284.000000 -64.000000) (1408.000000 260.000000 -64.000000) (1312.000000 260.000000 -64.000000) (1312.000000 284.000000 -64.000000) 
4 740 748 (1408.000000 332.000000 -64.000000) (1408.000000 284.000000 -64.000000) (1312.000000 284.000000 -64.000000) (1312.000000 332.000000 -64.000000) 
4 740 747 (1408.000000 656.000000 -64.000000) (1408.000000 332.000000 -64.000000) (1312.000000 332.000000 -64.000000) (1312.000000 656.000000 -64.000000) 
4 740 742 (1088.000000 640.000000 -64.000000) (1088.000000 256.000000 -64.000000) (1088.000000 256.000000 -40.000000) (1088.000000 640.000000 -40.000000) 
4 741 757 (1072.000000 704.000000 -64.000000) (1072.000000 784.000000 -64.000000) (1088.000000 784.000000 -64.000000) (1088.000000 704.000000 -64.000000) 
4 742 759 (1080.000000 464.000000 -64.000000) (1088.000000 464.000000 -64.000000) (1088.000000 432.000000 -64.000000) (1080.000000 432.000000 -64.000000) 
4 742 762 (1072.000000 256.000000 -64.000000) (1072.000000 432.000000 -64.000000) (1088.000000 432.000000 -64.000000) (1088.000000 256.000000 -64.000000) 
4 742 758 (1072.000000 464.000000 -64.000000) (1072.000000 640.000000 -64.000000) (1088.000000 640.000000 -64.000000) (1088.000000 464.000000 -64.000000) 
4 743 757 (1024.000000 704.000000 -64.000000) (1024.000000 784.000000 -64.000000) (1040.000000 784.000000 -64.000000) (1040.000000 704.000000 -64.000000) 
4 743 745 (1024.000000 784.000000 -64.000000) (1024.000000 704.000000 -64.000000) (1024.000000 704.000000 -40.000000) (1024.000000 784.000000 -40.000000) 
4 744 761 (1024.000000 432.000000 -64.000000) (1024.000000 464.000000 -64.000000) (1032.000000 464.000000 -64.000000) (1032.000000 432.000000 -64.000000) 
4 744 762 (1024.000000 256.000000 -64.000000) (1024.000000 432.000000 -64.000000) (1040.000000 432.000000 -64.000000) (1040.000000 256.000000 -64.000000) 
4 744 758 (1024.000000 464.000000 -64.000000) (1024.000000 640.000000 -64.000000) (1040.000000 640.000000 -64.000000) (1040.000000 464.000000 -64.000000) 
4 744 746 (1024.000000 640.000000 -64.000000) (1024.000000 256.000000 -64.000000) (1024.000000 256.000000 -40.000000) (1024.000000 640.000000 -40.000000) 
4 745 962 (640.000000 704.000000 -40.000000) (640.000000 784.000000 -40.000000) (640.000000 784.000000 -64.000000) (640.000000 704.000000 -64.000000) 
4 745 764 (816.000000 784.000000 -64.000000) (848.000000 784.000000 -64.000000) (848.000000 696.000000 -64.000000) (816.000000 696.000000 -64.000000) 
4 745 763 (848.000000 784.000000 -64.000000) (1024.000000 784.000000 -64.000000) (1024.000000 688.000000 -64.000000) (848.000000 688.000000 -64.000000) 
4 745 767 (640.000000 688.000000 -64.000000) (640.000000 784.000000 -64.000000) (816.000000 784.000000 -64.000000) (816.000000 688.000000 -64.000000) 
4 746 765 (816.000000 248.000000 -64.000000) (816.000000 648.000000 -64.000000) (848.000000 648.000000 -64.000000) (848.000000 248.000000 -64.000000) 
4 746 763 (1024.000000 240.000000 -64.000000) (848.000000 240.000000 -64.000000) (848.000000 656.000000 -64.000000) (1024.000000 656.000000 -64.000000) 
4 746 767 (816.000000 240.000000 -64.000000) (640.000000 240.000000 -64.000000) (640.000000 656.000000 -64.000000) (816.000000 656.000000 -64.000000) 
4 747 752 (1312.000000 332.000000 -64.000000) (1312.000000 784.000000 -64.000000) (1312.000000 784.000000 -256.000000) (1312.000000 332.000000 -256.000000) 
4 747 751 (1408.000000 332.000000 -248.000000) (1408.000000 332.000000 -240.000000) (1312.000000 332.000000 -240.000000) (1312.000000 332.000000 -248.000000) 
4 747 748 (1408.000000 332.000000 -240.000000) (1408.000000 332.000000 -64.000000) (1312.000000 332.000000 -64.000000) (1312.000000 332.000000 -240.000000) 
4 748 752 (1312.000000 284.000000 -64.000000) (1312.000000 332.000000 -64.000000) (1312.000000 332.000000 -240.000000) (1312.000000 284.000000 -240.000000) 
4 748 751 (1312.000000 308.000000 -240.000000) (1312.000000 332.000000 -240.000000) (1408.000000 332.000000 -240.000000) (1408.000000 308.000000 -240.000000) 
4 748 749 (1408.000000 284.000000 -232.000000) (1408.000000 284.000000 -64.000000) (1312.000000 284.000000 -64.000000) (1312.000000 284.000000 -232.000000) 
4 749 752 (1312.000000 260.000000 -64.000000) (1312.000000 284.000000 -64.000000) (1312.000000 284.000000 -232.000000) (1312.000000 260.000000 -232.000000) 
4 749 750 (1408.000000 260.000000 -224.000000) (1408.000000 260.000000 -64.000000) (1312.000000 260.000000 -64.000000) (1312.000000 260.000000 -224.000000) 
4 750 901 (1368.000000 240.000000 -64.000000) (1312.000000 240.000000 -64.000000) (1312.000000 240.000000 -224.000000) (1368.000000 240.000000 -224.000000) 
4 750 900 (1408.000000 240.000000 -224.000000) (1408.000000 240.000000 -64.000000) (1368.000000 240.000000 -64.000000) (1368.000000 240.000000 -224.000000) 
4 750 752 (1312.000000 240.000000 -224.000000) (1312.000000 240.000000 -64.000000) (1312.000000 260.000000 -64.000000) (1312.000000 260.000000 -224.000000) 
4 751 752 (1312.000000 308.000000 -240.000000) (1312.000000 332.000000 -240.000000) (1312.000000 332.000000 -248.000000) (1312.000000 308.000000 -248.000000) 
4 752 905 (1264.000000 240.000000 -256.000000) (1312.000000 240.000000 -256.000000) (1312.000000 240.000000 -64.000000) (1264.000000 240.000000 -64.000000) 
4 752 754 (1264.000000 248.000000 -64.000000) (1264.000000 648.000000 -64.000000) (1264.000000 648.000000 -68.000000) (1264.000000 248.000000 -68.000000) 
4 752 753 (1264.000000 696.000000 -64.000000) (1264.000000 784.000000 -64.000000) (1264.000000 784.000000 -68.000000) (1264.000000 696.000000 -68.000000) 
4 752 755 (1264.000000 240.000000 -256.000000) (1264.000000 240.000000 -68.000000) (1264.000000 784.000000 -68.000000) (1264.000000 784.000000 -256.000000) 
4 753 756 (1232.000000 784.000000 -64.000000) (1232.000000 784.000000 -68.000000) (1232.000000 696.000000 -68.000000) (1232.000000 696.000000 -64.000000) 
4 753 755 (1232.000000 696.000000 -68.000000) (1232.000000 784.000000 -68.000000) (1264.000000 784.000000 -68.000000) (1264.000000 696.000000 -68.000000) 
4 754 756 (1232.000000 648.000000 -68.000000) (1232.000000 248.000000 -68.000000) (1232.000000 248.000000 -64.000000) (1232.000000 648.000000 -64.000000) 
4 754 755 (1232.000000 248.000000 -68.000000) (1232.000000 648.000000 -68.000000) (1264.000000 648.000000 -68.000000) (1264.000000 248.000000 -68.000000) 
4 755 906 (1232.000000 240.000000 -256.000000) (1264.000000 240.000000 -256.000000) (1264.000000 240.000000 -68.000000) (1232.000000 240.000000 -68.000000) 
4 755 756 (1232.000000 784.000000 -68.000000) (1232.000000 784.000000 -256.000000) (1232.000000 240.000000 -256.000000) (1232.000000 240.000000 -68.000000) 
4 756 908 (1088.000000 240.000000 -256.000000) (1232.000000 240.000000 -256.000000) (1232.000000 240.000000 -64.000000) (1088.000000 240.000000 -64.000000) 
4 756 759 (1088.000000 432.000000 -64.000000) (1088.000000 464.000000 -64.000000) (1088.000000 464.000000 -68.000000) (1088.000000 432.000000 -68.000000) 
4 756 760 (1088.000000 464.000000 -68.000000) (1088.000000 464.000000 -256.000000) (1088.000000 432.000000 -256.000000) (1088.000000 432.000000 -68.000000) 
4 756 762 (1088.000000 256.000000 -64.000000) (1088.000000 432.000000 -64.000000) (1088.000000 432.000000 -256.000000) (1088.000000 256.000000 -256.000000) 
4 756 758 (1088.000000 464.000000 -64.000000) (1088.000000 640.000000 -64.000000) (1088.000000 640.000000 -256.000000) (1088.000000 464.000000 -256.000000) 
4 756 757 (1088.000000 704.000000 -64.000000) (1088.000000 784.000000 -64.000000) (1088.000000 784.000000 -256.000000) (1088.000000 704.000000 -256.000000) 
4 757 763 (1024.000000 704.000000 -64.000000) (1024.000000 784.000000 -64.000000) (1024.000000 784.000000 -68.000000) (1024.000000 704.000000 -68.000000) 
4 757 766 (1024.000000 784.000000 -68.000000) (1024.000000 784.000000 -256.000000) (1024.000000 704.000000 -256.000000) (1024.000000 704.000000 -68.000000) 
4 758 763 (1024.000000 464.000000 -64.000000) (1024.000000 640.000000 -64.000000) (1024.000000 640.000000 -68.000000) (1024.000000 464.000000 -68.000000) 
4 758 766 (1024.000000 640.000000 -68.000000) (1024.000000 640.000000 -256.000000) (1024.000000 464.000000 -256.000000) (1024.000000 464.000000 -68.000000) 
4 758 759 (1088.000000 464.000000 -68.000000) (1088.000000 464.000000 -64.000000) (1080.000000 464.000000 -64.000000) (1080.000000 464.000000 -68.000000) 
4 758 760 (1032.000000 464.000000 -256.000000) (1088.000000 464.000000 -256.000000) (1088.000000 464.000000 -68.000000) (1032.000000 464.000000 -68.000000) 
4 758 761 (1024.000000 464.000000 -256.000000) (1032.000000 464.000000 -256.000000) (1032.000000 464.000000 -64.000000) (1024.000000 464.000000 -64.000000) 
4 759 760 (1088.000000 432.000000 -68.000000) (1080.000000 432.000000 -68.000000) (1080.000000 464.000000 -68.000000) (1088.000000 464.000000 -68.000000) 
4 759 762 (1088.000000 432.000000 -68.000000) (1088.000000 432.000000 -64.000000) (1080.000000 432.000000 -64.000000) (1080.000000 432.000000 -68.000000) 
4 760 761 (1032.000000 464.000000 -68.000000) (1032.000000 464.000000 -256.000000) (1032.000000 432.000000 -256.000000) (1032.000000 432.000000 -68.000000) 
4 760 762 (1032.000000 432.000000 -256.000000) (1088.000000 432.000000 -256.000000) (1088.000000 432.000000 -68.000000) (1032.000000 432.000000 -68.000000) 
4 761 763 (1024.000000 432.000000 -64.000000) (1024.000000 464.000000 -64.000000) (1024.000000 464.000000 -68.000000) (1024.000000 432.000000 -68.000000) 
4 761 766 (1024.000000 464.000000 -68.000000) (1024.000000 464.000000 -256.000000) (1024.000000 432.000000 -256.000000) (1024.000000 432.000000 -68.000000) 
4 761 762 (1024.000000 432.000000 -256.000000) (1032.000000 432.000000 -256.000000) (1032.000000 432.000000 -64.000000) (1024.000000 432.000000 -64.000000) 
4 762 763 (1024.000000 256.000000 -64.000000) (1024.000000 432.000000 -64.000000) (1024.000000 432.000000 -68.000000) (1024.000000 256.000000 -68.000000) 
4 762 766 (1024.000000 432.000000 -68.000000) (1024.000000 432.000000 -256.000000) (1024.000000 256.000000 -256.000000) (1024.000000 256.000000 -68.000000) 
4 763 909 (1024.000000 240.000000 -68.000000) (1024.000000 240.000000 -64.000000) (848.000000 240.000000 -64.000000) (848.000000 240.000000 -68.000000) 
4 763 764 (848.000000 696.000000 -64.000000) (848.000000 784.000000 -64.000000) (848.000000 784.000000 -68.000000) (848.000000 696.000000 -68.000000) 
4 763 765 (848.000000 248.000000 -64.000000) (848.000000 648.000000 -64.000000) (848.000000 648.000000 -68.000000) (848.000000 248.000000 -68.000000) 
4 763 766 (848.000000 784.000000 -68.000000) (1024.000000 784.000000 -68.000000) (1024.000000 240.000000 -68.000000) (848.000000 240.000000 -68.000000) 
4 764 767 (816.000000 784.000000 -64.000000) (816.000000 784.000000 -68.000000) (816.000000 696.000000 -68.000000) (816.000000 696.000000 -64.000000) 
4 764 766 (816.000000 696.000000 -68.000000) (816.000000 784.000000 -68.000000) (848.000000 784.000000 -68.000000) (848.000000 696.000000 -68.000000) 
4 765 766 (816.000000 248.000000 -68.000000) (816.000000 648.000000 -68.000000) (848.000000 648.000000 -68.000000) (848.000000 248.000000 -68.000000) 
4 765 767 (816.000000 648.000000 -68.000000) (816.000000 248.000000 -68.000000) (816.000000 248.000000 -64.000000) (816.000000 648.000000 -64.000000) 
4 766 911 (816.000000 240.000000 -256.000000) (848.000000 240.000000 -256.000000) (848.000000 240.000000 -68.000000) (816.000000 240.000000 -68.000000) 
4 766 909 (848.000000 240.000000 -256.000000) (1024.000000 240.000000 -256.000000) (1024.000000 240.000000 -68.000000) (848.000000 240.000000 -68.000000) 
4 766 767 (816.000000 784.000000 -68.000000) (816.000000 784.000000 -256.000000) (816.000000 240.000000 -256.000000) (816.000000 240.000000 -68.000000) 
4 767 962 (640.000000 704.000000 -64.000000) (640.000000 784.000000 -64.000000) (640.000000 784.000000 -256.000000) (640.000000 704.000000 -256.000000) 
4 767 910 (640.000000 240.000000 -64.000000) (640.000000 240.000000 -68.000000) (816.000000 240.000000 -68.000000) (816.000000 240.000000 -64.000000) 
4 767 911 (640.000000 240.000000 -68.000000) (640.000000 240.000000 -256.000000) (816.000000 240.000000 -256.000000) (816.000000 240.000000 -68.000000) 
4 768 917 (1536.000000 -144.000000 -224.000000) (1536.000000 -196.000000 -224.000000) (1536.000000 -196.000000 -112.000000) (1536.000000 -144.000000 -112.000000) 
4 768 769 (1704.000000 -196.000000 -116.000000) (1792.000000 -196.000000 -116.000000) (1792.000000 -196.000000 -112.000000) (1704.000000 -196.000000 -112.000000) 
4 768 770 (1536.000000 -196.000000 -112.000000) (1536.000000 -196.000000 -116.000000) (1640.000000 -196.000000 -116.000000) (1640.000000 -196.000000 -112.000000) 
4 768 771 (1536.000000 -196.000000 -116.000000) (1536.000000 -196.000000 -224.000000) (1792.000000 -196.000000 -224.000000) (1792.000000 -196.000000 -116.000000) 
4 769 772 (1704.000000 -204.000000 -116.000000) (1792.000000 -204.000000 -116.000000) (1792.000000 -204.000000 -112.000000) (1704.000000 -204.000000 -112.000000) 
4 769 771 (1704.000000 -196.000000 -116.000000) (1792.000000 -196.000000 -116.000000) (1792.000000 -204.000000 -116.000000) (1704.000000 -204.000000 -116.000000) 
4 770 917 (1536.000000 -204.000000 -116.000000) (1536.000000 -204.000000 -112.000000) (1536.000000 -196.000000 -112.000000) (1536.000000 -196.000000 -116.000000) 
4 770 771 (1536.000000 -204.000000 -116.000000) (1536.000000 -196.000000 -116.000000) (1640.000000 -196.000000 -116.000000) (1640.000000 -204.000000 -116.000000) 
4 770 772 (1536.000000 -204.000000 -112.000000) (1536.000000 -204.000000 -116.000000) (1640.000000 -204.000000 -116.000000) (1640.000000 -204.000000 -112.000000) 
4 771 917 (1536.000000 -196.000000 -224.000000) (1536.000000 -204.000000 -224.000000) (1536.000000 -204.000000 -116.000000) (1536.000000 -196.000000 -116.000000) 
4 771 772 (1536.000000 -204.000000 -116.000000) (1536.000000 -204.000000 -224.000000) (1792.000000 -204.000000 -224.000000) (1792.000000 -204.000000 -116.000000) 
4 772 917 (1536.000000 -204.000000 -224.000000) (1536.000000 -256.000000 -224.000000) (1536.000000 -256.000000 -112.000000) (1536.000000 -204.000000 -112.000000) 
4 772 773 (1792.000000 -256.000000 -112.000000) (1680.000000 -256.000000 -112.000000) (1680.000000 -256.000000 -224.000000) (1792.000000 -256.000000 -224.000000) 
4 773 824 (1688.000000 -308.000000 -224.000000) (1776.000000 -308.000000 -224.000000) (1776.000000 -308.000000 -188.600000) (1688.000000 -308.000000 -188.600000) 
4 773 820 (1776.000000 -308.000000 -188.600000) (1776.000000 -308.000000 -128.000000) (1748.000000 -308.000000 -128.000000) (1748.000000 -308.000000 -188.600000) 
4 773 823 (1748.000000 -308.000000 -128.000000) (1688.000000 -308.000000 -128.000000) (1688.000000 -308.000000 -188.600000) (1748.000000 -308.000000 -188.600000) 
4 773 819 (1776.000000 -308.000000 -224.000000) (1792.000000 -308.000000 -224.000000) (1792.000000 -308.000000 -128.000000) (1776.000000 -308.000000 -128.000000) 
4 773 885 (1680.000000 -308.000000 -224.000000) (1688.000000 -308.000000 -224.000000) (1688.000000 -308.000000 -128.000000) (1680.000000 -308.000000 -128.000000) 
4 773 813 (1716.000000 -308.000000 -112.000000) (1680.000000 -308.000000 -112.000000) (1680.000000 -308.000000 -128.000000) (1716.000000 -308.000000 -128.000000) 
4 773 790 (1748.000000 -308.000000 -112.000000) (1726.000000 -308.000000 -112.000000) (1726.000000 -308.000000 -128.000000) (1748.000000 -308.000000 -128.000000) 
4 773 791 (1726.000000 -308.000000 -112.000000) (1716.000000 -308.000000 -112.000000) (1716.000000 -308.000000 -128.000000) (1726.000000 -308.000000 -128.000000) 
4 773 780 (1760.000000 -308.000000 -112.000000) (1748.000000 -308.000000 -112.000000) (1748.000000 -308.000000 -128.000000) (1760.000000 -308.000000 -128.000000) 
4 773 779 (1792.000000 -308.000000 -128.000000) (1792.000000 -308.000000 -112.000000) (1760.000000 -308.000000 -112.000000) (1760.000000 -308.000000 -128.000000) 
4 774 792 (1748.000000 -376.000000 -68.857143) (1748.000000 -320.000000 -68.857143) (1748.000000 -320.000000 -84.000000) (1748.000000 -376.000000 -84.000000) 
4 774 796 (1748.000000 -576.000000 -84.000000) (1748.000000 -576.000000 -68.857143) (1748.000000 -376.000000 -68.857143) (1748.000000 -376.000000 -84.000000) 
4 774 787 (1756.000000 -576.000000 -84.000000) (1748.000000 -576.000000 -84.000000) (1748.000000 -524.000000 -84.000000) (1756.000000 -524.000000 -84.000000) 
4 774 784 (1748.000000 -340.000000 -84.000000) (1748.000000 -320.000000 -84.000000) (1756.000000 -320.000000 -84.000000) (1756.000000 -340.000000 -84.000000) 
4 774 783 (1748.000000 -430.000000 -84.000000) (1748.000000 -340.000000 -84.000000) (1756.000000 -340.000000 -84.000000) (1756.000000 -430.000000 -84.000000) 
4 774 786 (1748.000000 -524.000000 -84.000000) (1748.000000 -430.000000 -84.000000) (1756.000000 -430.000000 -84.000000) (1756.000000 -524.000000 -84.000000) 
4 774 782 (1760.000000 -576.000000 -84.000000) (1756.000000 -576.000000 -84.000000) (1756.000000 -320.000000 -84.000000) (1760.000000 -320.000000 -84.000000) 
4 774 776 (1768.000000 -576.000000 -84.000000) (1760.000000 -576.000000 -84.000000) (1760.000000 -320.000000 -84.000000) (1768.000000 -320.000000 -84.000000) 
4 775 777 (1768.000000 -456.000000 -96.000000) (1768.000000 -376.000000 -96.000000) (1776.000000 -384.000000 -96.000000) (1776.000000 -448.000000 -96.000000) 
4 775 778 (1776.000000 -576.000000 -96.000000) (1768.000000 -576.000000 -96.000000) (1768.000000 -508.000000 -96.000000) (1776.000000 -512.000000 -96.000000) 
4 775 776 (1768.000000 -320.000000 -96.000000) (1768.000000 -576.000000 -96.000000) (1768.000000 -576.000000 -92.000000) (1768.000000 -320.000000 -92.000000) 
4 776 782 (1760.000000 -576.000000 -96.000000) (1760.000000 -576.000000 -84.000000) (1760.000000 -320.000000 -84.000000) (1760.000000 -320.000000 -96.000000) 
4 776 777 (1760.000000 -464.000000 -96.000000) (1760.000000 -368.000000 -96.000000) (1768.000000 -376.000000 -96.000000) (1768.000000 -456.000000 -96.000000) 
4 776 778 (1768.000000 -576.000000 -96.000000) (1760.000000 -576.000000 -96.000000) (1760.000000 -504.000000 -96.000000) (1768.000000 -508.000000 -96.000000) 
4 777 782 (1760.000000 -464.000000 -96.000000) (1760.000000 -368.000000 -96.000000) (1760.000000 -368.000000 -112.000000) (1760.000000 -464.000000 -112.000000) 
4 777 779 (1760.000000 -464.000000 -112.000000) (1760.000000 -368.000000 -112.000000) (1776.000000 -384.000000 -112.000000) (1776.000000 -448.000000 -112.000000) 
4 778 814 (1760.000000 -576.000000 -96.000000) (1760.000000 -576.000000 -112.000000) (1768.000000 -576.000000 -112.000000) (1768.000000 -576.000000 -96.000000) 
4 778 782 (1760.000000 -576.000000 -112.000000) (1760.000000 -576.000000 -96.000000) (1760.000000 -504.000000 -96.000000) (1760.000000 -504.000000 -112.000000) 
4 778 779 (1776.000000 -576.000000 -112.000000) (1760.000000 -576.000000 -112.000000) (1760.000000 -504.000000 -112.000000) (1776.000000 -512.000000 -112.000000) 
4 779 887 (1792.000000 -504.000000 -128.000000) (1792.000000 -556.000000 -128.000000) (1760.000000 -556.000000 -128.000000) (1760.000000 -504.000000 -128.000000) 
3 779 849 (1768.000000 -480.000000 -128.000000) (1760.000000 -488.000000 -128.000000) (1760.000000 -480.000000 -128.000000) 
4 779 829 (1776.000000 -458.000000 -128.000000) (1776.000000 -471.000000 -128.000000) (1760.000000 -471.000000 -128.000000) (1760.000000 -458.000000 -128.000000) 
4 779 827 (1776.000000 -442.666667 -128.000000) (1776.000000 -458.000000 -128.000000) (1760.000000 -458.000000 -128.000000) (1760.000000 -442.666667 -128.000000) 
5 779 833 (1776.000000 -471.000000 -128.000000) (1776.000000 -472.000000 -128.000000) (1768.000000 -480.000000 -128.000000) (1760.000000 -480.000000 -128.000000) (1760.000000 -471.000000 -128.000000) 
4 779 825 (1776.000000 -472.000000 -128.000000) (1776.000000 -504.000000 -128.000000) (1760.000000 -504.000000 -128.000000) (1760.000000 -488.000000 -128.000000) 
4 779 821 (1776.000000 -410.000000 -128.000000) (1776.000000 -442.666667 -128.000000) (1760.000000 -442.666667 -128.000000) (1760.000000 -410.000000 -128.000000) 
4 779 820 (1760.000000 -308.000000 -128.000000) (1776.000000 -308.000000 -128.000000) (1776.000000 -410.000000 -128.000000) (1760.000000 -410.000000 -128.000000) 
4 779 819 (1776.000000 -308.000000 -128.000000) (1792.000000 -308.000000 -128.000000) (1792.000000 -504.000000 -128.000000) (1776.000000 -504.000000 -128.000000) 
4 779 892 (1792.000000 -556.000000 -128.000000) (1792.000000 -576.000000 -128.000000) (1760.000000 -576.000000 -128.000000) (1760.000000 -556.000000 -128.000000) 
4 779 818 (1792.000000 -576.000000 -128.000000) (1792.000000 -576.000000 -112.000000) (1760.000000 -576.000000 -112.000000) (1760.000000 -576.000000 -128.000000) 
4 779 782 (1760.000000 -320.000000 -128.000000) (1760.000000 -576.000000 -128.000000) (1760.000000 -576.000000 -112.000000) (1760.000000 -320.000000 -112.000000) 
4 779 780 (1760.000000 -308.000000 -128.000000) (1760.000000 -320.000000 -128.000000) (1760.000000 -320.000000 -112.000000) (1760.000000 -308.000000 -112.000000) 
5 780 820 (1748.000000 -308.000000 -128.000000) (1760.000000 -308.000000 -128.000000) (1760.000000 -320.000000 -128.000000) (1756.000000 -320.000000 -128.000000) (1748.000000 -316.800000 -128.000000) 
4 780 790 (1748.000000 -308.000000 -128.000000) (1748.000000 -316.800000 -128.000000) (1748.000000 -316.800000 -112.000000) (1748.000000 -308.000000 -112.000000) 
4 780 782 (1756.000000 -320.000000 -128.000000) (1760.000000 -320.000000 -128.000000) (1760.000000 -320.000000 -112.000000) (1756.000000 -320.000000 -112.000000) 
4 780 781 (1748.000000 -316.800000 -112.000000) (1748.000000 -316.800000 -128.000000) (1756.000000 -320.000000 -128.000000) (1756.000000 -320.000000 -112.000000) 
3 781 820 (1756.000000 -320.000000 -128.000000) (1748.000000 -320.000000 -128.000000) (1748.000000 -316.800000 -128.000000) 
4 781 791 (1748.000000 -316.800000 -128.000000) (1748.000000 -320.000000 -128.000000) (1748.000000 -320.000000 -96.000000) (1748.000000 -316.800000 -96.000000) 
4 781 785 (1748.000000 -320.000000 -96.000000) (1748.000000 -320.000000 -128.000000) (1756.000000 -320.000000 -128.000000) (1756.000000 -320.000000 -96.000000) 
4 782 887 (1760.000000 -504.000000 -128.000000) (1760.000000 -556.000000 -128.000000) (1756.000000 -556.000000 -128.000000) (1756.000000 -504.000000 -128.000000) 
4 782 849 (1760.000000 -480.000000 -128.000000) (1760.000000 -488.000000 -128.000000) (1756.000000 -492.000000 -128.000000) (1756.000000 -480.000000 -128.000000) 
4 782 829 (1760.000000 -458.000000 -128.000000) (1760.000000 -471.000000 -128.000000) (1756.000000 -471.000000 -128.000000) (1756.000000 -458.000000 -128.000000) 
4 782 827 (1760.000000 -442.666667 -128.000000) (1760.000000 -458.000000 -128.000000) (1756.000000 -458.000000 -128.000000) (1756.000000 -442.666667 -128.000000) 
4 782 833 (1760.000000 -471.000000 -128.000000) (1760.000000 -480.000000 -128.000000) (1756.000000 -480.000000 -128.000000) (1756.000000 -471.000000 -128.000000) 
4 782 825 (1760.000000 -488.000000 -128.000000) (1760.000000 -504.000000 -128.000000) (1756.000000 -504.000000 -128.000000) (1756.000000 -492.000000 -128.000000) 
4 782 821 (1760.000000 -410.000000 -128.000000) (1760.000000 -442.666667 -128.000000) (1756.000000 -442.666667 -128.000000) (1756.000000 -410.000000 -128.000000) 
4 782 820 (1760.000000 -320.000000 -128.000000) (1760.000000 -410.000000 -128.000000) (1756.000000 -410.000000 -128.000000) (1756.000000 -320.000000 -128.000000) 
4 782 892 (1760.000000 -556.000000 -128.000000) (1760.000000 -576.000000 -128.000000) (1756.000000 -576.000000 -128.000000) (1756.000000 -556.000000 -128.000000) 
4 782 814 (1756.000000 -576.000000 -96.000000) (1756.000000 -576.000000 -112.000000) (1760.000000 -576.000000 -112.000000) (1760.000000 -576.000000 -96.000000) 
4 782 818 (1756.000000 -576.000000 -112.000000) (1756.000000 -576.000000 -128.000000) (1760.000000 -576.000000 -128.000000) (1760.000000 -576.000000 -112.000000) 
4 782 788 (1756.000000 -442.666667 -128.000000) (1756.000000 -576.000000 -128.000000) (1756.000000 -576.000000 -92.000000) (1756.000000 -496.000000 -104.000000) 
3 782 787 (1756.000000 -576.000000 -84.000000) (1756.000000 -524.000000 -84.000000) (1756.000000 -496.000000 -96.000000) 
4 782 785 (1756.000000 -320.000000 -92.000000) (1756.000000 -320.000000 -128.000000) (1756.000000 -408.000000 -128.000000) (1756.000000 -356.000000 -100.000000) 
3 782 784 (1756.000000 -320.000000 -84.000000) (1756.000000 -356.000000 -92.000000) (1756.000000 -340.000000 -84.000000) 
3 782 783 (1756.000000 -412.000000 -120.000000) (1756.000000 -430.000000 -84.000000) (1756.000000 -340.000000 -84.000000) 
4 782 786 (1756.000000 -408.000000 -128.000000) (1756.000000 -421.333333 -128.000000) (1756.000000 -524.000000 -84.000000) (1756.000000 -430.000000 -84.000000) 
3 783 792 (1748.000000 -376.000000 -84.000000) (1748.000000 -340.000000 -84.000000) (1748.000000 -376.000000 -102.000000) 
4 783 796 (1748.000000 -412.000000 -120.000000) (1748.000000 -430.000000 -84.000000) (1748.000000 -376.000000 -84.000000) (1748.000000 -376.000000 -102.000000) 
4 783 784 (1748.000000 -356.000000 -92.000000) (1748.000000 -340.000000 -84.000000) (1756.000000 -340.000000 -84.000000) (1756.000000 -356.000000 -92.000000) 
4 783 786 (1756.000000 -412.000000 -120.000000) (1756.000000 -430.000000 -84.000000) (1748.000000 -430.000000 -84.000000) (1748.000000 -412.000000 -120.000000) 
3 784 792 (1748.000000 -356.000000 -92.000000) (1748.000000 -340.000000 -84.000000) (1748.000000 -320.000000 -84.000000) 
4 785 820 (1748.000000 -408.000000 -128.000000) (1748.000000 -320.000000 -128.000000) (1756.000000 -320.000000 -128.000000) (1756.000000 -408.000000 -128.000000) 
5 785 792 (1748.000000 -320.000000 -128.000000) (1748.000000 -376.000000 -128.000000) (1748.000000 -376.000000 -110.769231) (1748.000000 -356.000000 -100.000000) (1748.000000 -320.000000 -92.000000) 
3 785 796 (1748.000000 -376.000000 -128.000000) (1748.000000 -408.000000 -128.000000) (1748.000000 -376.000000 -110.769231) 
4 786 822 (1748.000000 -421.333333 -128.000000) (1748.000000 -410.000000 -128.000000) (1756.000000 -410.000000 -128.000000) (1756.000000 -421.333333 -128.000000) 
4 786 820 (1748.000000 -410.000000 -128.000000) (1748.000000 -408.000000 -128.000000) (1756.000000 -408.000000 -128.000000) (1756.000000 -410.000000 -128.000000) 
4 786 796 (1748.000000 -408.000000 -128.000000) (1748.000000 -421.333333 -128.000000) (1748.000000 -524.000000 -84.000000) (1748.000000 -430.000000 -84.000000) 
4 786 787 (1756.000000 -524.000000 -84.000000) (1748.000000 -524.000000 -84.000000) (1748.000000 -496.000000 -96.000000) (1756.000000 -496.000000 -96.000000) 
3 787 796 (1748.000000 -576.000000 -84.000000) (1748.000000 -524.000000 -84.000000) (1748.000000 -496.000000 -96.000000) 
4 788 887 (1748.000000 -556.000000 -128.000000) (1748.000000 -504.000000 -128.000000) (1756.000000 -504.000000 -128.000000) (1756.000000 -556.000000 -128.000000) 
4 788 849 (1748.000000 -500.000000 -128.000000) (1748.000000 -480.000000 -128.000000) (1756.000000 -480.000000 -128.000000) (1756.000000 -492.000000 -128.000000) 
4 788 829 (1748.000000 -471.000000 -128.000000) (1748.000000 -458.000000 -128.000000) (1756.000000 -458.000000 -128.000000) (1756.000000 -471.000000 -128.000000) 
4 788 827 (1748.000000 -458.000000 -128.000000) (1748.000000 -442.666667 -128.000000) (1756.000000 -442.666667 -128.000000) (1756.000000 -458.000000 -128.000000) 
4 788 833 (1748.000000 -480.000000 -128.000000) (1748.000000 -471.000000 -128.000000) (1756.000000 -471.000000 -128.000000) (1756.000000 -480.000000 -128.000000) 
4 788 825 (1748.000000 -504.000000 -128.000000) (1748.000000 -500.000000 -128.000000) (1756.000000 -492.000000 -128.000000) (1756.000000 -504.000000 -128.000000) 
4 788 892 (1756.000000 -576.000000 -128.000000) (1748.000000 -576.000000 -128.000000) (1748.000000 -556.000000 -128.000000) (1756.000000 -556.000000 -128.000000) 
4 788 814 (1748.000000 -576.000000 -96.000000) (1748.000000 -576.000000 -112.000000) (1756.000000 -576.000000 -112.000000) (1756.000000 -576.000000 -96.000000) 
4 788 818 (1748.000000 -576.000000 -112.000000) (1748.000000 -576.000000 -128.000000) (1756.000000 -576.000000 -128.000000) (1756.000000 -576.000000 -112.000000) 
4 788 798 (1748.000000 -458.000000 -128.000000) (1748.000000 -471.000000 -128.000000) (1748.000000 -509.720430 -104.172043) (1748.000000 -484.000000 -112.000000) 
5 788 799 (1748.000000 -471.000000 -128.000000) (1748.000000 -576.000000 -128.000000) (1748.000000 -576.000000 -92.000000) (1748.000000 -524.169014 -99.774648) (1748.000000 -509.720430 -104.172043) 
4 788 797 (1748.000000 -442.666667 -128.000000) (1748.000000 -458.000000 -128.000000) (1748.000000 -484.000000 -112.000000) (1748.000000 -466.149254 -117.432836) 
3 788 796 (1748.000000 -524.169014 -99.774648) (1748.000000 -496.000000 -104.000000) (1748.000000 -466.149254 -117.432836) 
3 789 790 (1726.000000 -308.000000 -112.000000) (1736.000000 -308.000000 -112.000000) (1736.000000 -312.000000 -112.000000) 
4 789 791 (1726.000000 -308.000000 -96.000000) (1726.000000 -308.000000 -112.000000) (1736.000000 -312.000000 -112.000000) (1736.000000 -312.000000 -96.000000) 
3 790 823 (1726.000000 -308.000000 -128.000000) (1748.000000 -308.000000 -128.000000) (1748.000000 -316.800000 -128.000000) 
4 790 791 (1726.000000 -308.000000 -112.000000) (1726.000000 -308.000000 -128.000000) (1748.000000 -316.800000 -128.000000) (1748.000000 -316.800000 -112.000000) 
5 791 823 (1716.000000 -308.000000 -128.000000) (1726.000000 -308.000000 -128.000000) (1748.000000 -316.800000 -128.000000) (1748.000000 -320.000000 -128.000000) (1716.000000 -320.000000 -128.000000) 
4 791 810 (1716.000000 -312.000000 -112.000000) (1716.000000 -320.000000 -112.000000) (1716.000000 -320.000000 -96.000000) (1716.000000 -312.000000 -96.000000) 
4 791 813 (1716.000000 -308.000000 -112.000000) (1716.000000 -308.000000 -128.000000) (1716.000000 -320.000000 -128.000000) (1716.000000 -320.000000 -112.000000) 
4 791 794 (1728.000000 -320.000000 -128.000000) (1736.000000 -320.000000 -128.000000) (1736.000000 -320.000000 -96.000000) (1728.000000 -320.000000 -96.000000) 
4 791 792 (1736.000000 -320.000000 -128.000000) (1748.000000 -320.000000 -128.000000) (1748.000000 -320.000000 -96.000000) (1736.000000 -320.000000 -96.000000) 
4 791 802 (1716.000000 -320.000000 -128.000000) (1728.000000 -320.000000 -128.000000) (1728.000000 -320.000000 -96.000000) (1716.000000 -320.000000 -96.000000) 
4 792 823 (1748.000000 -320.000000 -128.000000) (1748.000000 -376.000000 -128.000000) (1744.000000 -376.000000 -128.000000) (1736.000000 -320.000000 -128.000000) 
4 792 794 (1736.000000 -320.000000 -128.000000) (1744.000000 -376.000000 -128.000000) (1744.000000 -376.000000 -120.000000) (1736.000000 -320.000000 -92.000000) 
4 792 793 (1744.000000 -376.000000 -112.000000) (1744.000000 -376.000000 -68.571429) (1736.000000 -320.000000 -68.000000) (1736.000000 -320.000000 -84.000000) 
4 792 796 (1744.000000 -376.000000 -128.000000) (1748.000000 -376.000000 -128.000000) (1748.000000 -376.000000 -68.857143) (1744.000000 -376.000000 -68.571429) 
3 793 795 (1736.000000 -376.000000 -112.000000) (1728.000000 -376.000000 -112.000000) (1728.000000 -320.000000 -84.000000) 
4 793 802 (1728.000000 -320.000000 -68.666667) (1728.000000 -320.000000 -84.000000) (1728.000000 -376.000000 -112.000000) (1728.000000 -376.000000 -68.666667) 
5 793 796 (1728.000000 -376.000000 -68.666667) (1728.000000 -376.000000 -112.000000) (1744.000000 -376.000000 -112.000000) (1744.000000 -376.000000 -68.571429) (1736.000000 -376.000000 -68.000000) 
4 794 823 (1744.000000 -376.000000 -128.000000) (1736.000000 -376.000000 -128.000000) (1728.000000 -320.000000 -128.000000) (1736.000000 -320.000000 -128.000000) 
4 794 795 (1728.000000 -320.000000 -92.000000) (1728.000000 -320.000000 -128.000000) (1736.000000 -376.000000 -128.000000) (1736.000000 -376.000000 -120.000000) 
4 794 796 (1736.000000 -376.000000 -128.000000) (1744.000000 -376.000000 -128.000000) (1744.000000 -376.000000 -120.000000) (1736.000000 -376.000000 -120.000000) 
3 795 823 (1736.000000 -376.000000 -128.000000) (1728.000000 -376.000000 -128.000000) (1728.000000 -320.000000 -128.000000) 
4 795 796 (1728.000000 -376.000000 -112.000000) (1728.000000 -376.000000 -128.000000) (1736.000000 -376.000000 -128.000000) (1736.000000 -376.000000 -112.000000) 
4 795 802 (1728.000000 -320.000000 -84.000000) (1728.000000 -320.000000 -128.000000) (1728.000000 -376.000000 -128.000000) (1728.000000 -376.000000 -112.000000) 
4 796 823 (1748.000000 -376.000000 -128.000000) (1748.000000 -431.428571 -128.000000) (1728.000000 -431.428571 -128.000000) (1728.000000 -376.000000 -128.000000) 
4 796 798 (1748.000000 -484.000000 -112.000000) (1748.000000 -509.720430 -104.172043) (1736.000000 -509.720430 -104.172043) (1736.000000 -484.000000 -112.000000) 
4 796 799 (1748.000000 -509.720430 -104.172043) (1748.000000 -576.000000 -84.000000) (1736.000000 -576.000000 -84.000000) (1736.000000 -509.720430 -104.172043) 
4 796 797 (1736.087912 -431.428571 -128.000000) (1748.000000 -431.428571 -128.000000) (1748.000000 -484.000000 -112.000000) (1728.000000 -484.000000 -112.000000) 
3 796 801 (1728.000000 -431.428571 -128.000000) (1736.087912 -431.428571 -128.000000) (1728.000000 -484.000000 -112.000000) 
5 796 802 (1728.000000 -376.000000 -128.000000) (1728.000000 -431.428571 -128.000000) (1728.000000 -576.000000 -84.000000) (1728.000000 -576.000000 -68.666667) (1728.000000 -376.000000 -68.666667) 
4 797 828 (1736.571429 -458.000000 -128.000000) (1732.000000 -458.000000 -128.000000) (1734.358974 -442.666667 -128.000000) (1740.952381 -442.666667 -128.000000) 
4 797 827 (1748.000000 -442.666667 -128.000000) (1748.000000 -458.000000 -128.000000) (1736.571429 -458.000000 -128.000000) (1740.952381 -442.666667 -128.000000) 
4 797 823 (1748.000000 -431.428571 -128.000000) (1748.000000 -442.666667 -128.000000) (1734.358974 -442.666667 -128.000000) (1736.087912 -431.428571 -128.000000) 
4 797 798 (1740.000000 -458.000000 -128.000000) (1748.000000 -458.000000 -128.000000) (1748.000000 -484.000000 -112.000000) (1736.000000 -484.000000 -112.000000) 
3 797 801 (1728.000000 -484.000000 -112.000000) (1736.087912 -431.428571 -128.000000) (1732.000000 -458.000000 -128.000000) 
4 798 829 (1748.000000 -458.000000 -128.000000) (1748.000000 -471.000000 -128.000000) (1738.000000 -471.000000 -128.000000) (1740.000000 -458.000000 -128.000000) 
5 798 799 (1738.000000 -471.000000 -128.000000) (1748.000000 -471.000000 -128.000000) (1748.000000 -509.720430 -104.172043) (1736.000000 -509.720430 -104.172043) (1736.000000 -484.000000 -120.000000) 
4 799 889 (1740.000000 -556.000000 -128.000000) (1736.000000 -556.000000 -128.000000) (1736.000000 -504.000000 -128.000000) (1740.000000 -504.000000 -128.000000) 
4 799 850 (1744.000000 -504.000000 -128.000000) (1736.000000 -504.000000 -128.000000) (1736.000000 -480.000000 -128.000000) (1744.000000 -480.000000 -128.000000) 
4 799 849 (1748.000000 -480.000000 -128.000000) (1748.000000 -500.000000 -128.000000) (1744.000000 -504.000000 -128.000000) (1744.000000 -480.000000 -128.000000) 
4 799 833 (1748.000000 -471.000000 -128.000000) (1748.000000 -480.000000 -128.000000) (1736.000000 -480.000000 -128.000000) (1736.000000 -471.000000 -128.000000) 
3 799 825 (1748.000000 -500.000000 -128.000000) (1748.000000 -504.000000 -128.000000) (1744.000000 -504.000000 -128.000000) 
4 799 892 (1748.000000 -556.000000 -128.000000) (1748.000000 -576.000000 -128.000000) (1736.000000 -576.000000 -128.000000) (1736.000000 -556.000000 -128.000000) 
4 799 814 (1748.000000 -576.000000 -112.000000) (1748.000000 -576.000000 -96.000000) (1736.000000 -576.000000 -96.000000) (1736.000000 -576.000000 -112.000000) 
4 799 818 (1736.000000 -576.000000 -128.000000) (1748.000000 -576.000000 -128.000000) (1748.000000 -576.000000 -112.000000) (1736.000000 -576.000000 -112.000000) 
4 799 800 (1736.000000 -471.000000 -128.000000) (1736.000000 -576.000000 -128.000000) (1736.000000 -576.000000 -92.000000) (1736.000000 -484.000000 -120.000000) 
4 800 889 (1728.000000 -556.000000 -128.000000) (1728.000000 -504.000000 -128.000000) (1736.000000 -504.000000 -128.000000) (1736.000000 -556.000000 -128.000000) 
5 800 850 (1728.000000 -504.000000 -128.000000) (1728.000000 -484.000000 -128.000000) (1728.615385 -480.000000 -128.000000) (1736.000000 -480.000000 -128.000000) (1736.000000 -504.000000 -128.000000) 
3 800 847 (1728.615385 -480.000000 -128.000000) (1729.600000 -473.600000 -128.000000) (1736.000000 -480.000000 -128.000000) 
4 800 833 (1729.600000 -473.600000 -128.000000) (1730.000000 -471.000000 -128.000000) (1736.000000 -471.000000 -128.000000) (1736.000000 -480.000000 -128.000000) 
4 800 892 (1736.000000 -576.000000 -128.000000) (1728.000000 -576.000000 -128.000000) (1728.000000 -556.000000 -128.000000) (1736.000000 -556.000000 -128.000000) 
4 800 814 (1728.000000 -576.000000 -96.000000) (1728.000000 -576.000000 -112.000000) (1736.000000 -576.000000 -112.000000) (1736.000000 -576.000000 -96.000000) 
4 800 818 (1728.000000 -576.000000 -112.000000) (1728.000000 -576.000000 -128.000000) (1736.000000 -576.000000 -128.000000) (1736.000000 -576.000000 -112.000000) 
4 800 802 (1728.000000 -484.000000 -128.000000) (1728.000000 -576.000000 -128.000000) (1728.000000 -576.000000 -92.000000) (1728.000000 -484.000000 -120.000000) 
3 800 801 (1728.000000 -484.000000 -128.000000) (1728.000000 -484.000000 -120.000000) (1730.000000 -471.000000 -128.000000) 
3 801 850 (1728.000000 -484.000000 -128.000000) (1728.000000 -480.000000 -128.000000) (1728.615385 -480.000000 -128.000000) 
4 801 847 (1728.000000 -480.000000 -128.000000) (1728.000000 -472.000000 -128.000000) (1729.600000 -473.600000 -128.000000) (1728.615385 -480.000000 -128.000000) 
5 801 831 (1728.000000 -471.000000 -128.000000) (1728.000000 -460.000000 -128.000000) (1732.952381 -442.666667 -128.000000) (1734.358974 -442.666667 -128.000000) (1730.000000 -471.000000 -128.000000) 
3 801 832 (1728.000000 -460.000000 -128.000000) (1728.000000 -442.666667 -128.000000) (1732.952381 -442.666667 -128.000000) 
4 801 833 (1728.000000 -472.000000 -128.000000) (1728.000000 -471.000000 -128.000000) (1730.000000 -471.000000 -128.000000) (1729.600000 -473.600000 -128.000000) 
4 801 823 (1728.000000 -442.666667 -128.000000) (1728.000000 -431.428571 -128.000000) (1736.087912 -431.428571 -128.000000) (1734.358974 -442.666667 -128.000000) 
3 801 802 (1728.000000 -431.428571 -128.000000) (1728.000000 -484.000000 -128.000000) (1728.000000 -484.000000 -112.000000) 
4 802 889 (1724.000000 -504.000000 -128.000000) (1728.000000 -504.000000 -128.000000) (1728.000000 -556.000000 -128.000000) (1724.000000 -556.000000 -128.000000) 
4 802 886 (1716.000000 -556.000000 -128.000000) (1716.000000 -504.000000 -128.000000) (1724.000000 -504.000000 -128.000000) (1724.000000 -556.000000 -128.000000) 
4 802 878 (1716.621802 -500.735790 -128.000000) (1728.000000 -500.735771 -128.000000) (1728.000000 -504.000000 -128.000000) (1717.044140 -504.000000 -128.000000) 
4 802 881 (1716.000000 -504.000000 -128.000000) (1716.000000 -500.735791 -128.000000) (1716.621802 -500.735790 -128.000000) (1717.044140 -504.000000 -128.000000) 
4 802 853 (1716.000000 -500.735791 -128.000000) (1716.000000 -442.666667 -128.000000) (1728.000000 -442.666667 -128.000000) (1728.000000 -500.735771 -128.000000) 
4 802 823 (1716.000000 -442.666667 -128.000000) (1716.000000 -320.000000 -128.000000) (1728.000000 -320.000000 -128.000000) (1728.000000 -442.666667 -128.000000) 
4 802 892 (1728.000000 -576.000000 -128.000000) (1716.000000 -576.000000 -128.000000) (1716.000000 -556.000000 -128.000000) (1728.000000 -556.000000 -128.000000) 
4 802 814 (1716.000000 -576.000000 -96.000000) (1716.000000 -576.000000 -112.000000) (1728.000000 -576.000000 -112.000000) (1728.000000 -576.000000 -96.000000) 
4 802 818 (1716.000000 -576.000000 -112.000000) (1716.000000 -576.000000 -128.000000) (1728.000000 -576.000000 -128.000000) (1728.000000 -576.000000 -112.000000) 
4 802 810 (1716.000000 -576.000000 -112.000000) (1716.000000 -576.000000 -96.000000) (1716.000000 -320.000000 -96.000000) (1716.000000 -320.000000 -112.000000) 
5 802 804 (1716.000000 -576.000000 -92.000000) (1716.000000 -576.000000 -90.400000) (1716.000000 -320.000000 -84.000000) (1716.000000 -320.000000 -92.000000) (1716.000000 -480.000000 -96.000000) 
4 802 803 (1716.000000 -576.000000 -90.400000) (1716.000000 -576.000000 -69.666667) (1716.000000 -320.000000 -69.666667) (1716.000000 -320.000000 -84.000000) 
3 802 807 (1716.000000 -576.000000 -96.000000) (1716.000000 -576.000000 -92.000000) (1716.000000 -480.000000 -96.000000) 
3 802 808 (1716.000000 -320.000000 -92.000000) (1716.000000 -320.000000 -96.000000) (1716.000000 -480.000000 -96.000000) 
4 802 813 (1716.000000 -576.000000 -128.000000) (1716.000000 -576.000000 -112.000000) (1716.000000 -320.000000 -112.000000) (1716.000000 -320.000000 -128.000000) 
6 803 805 (1716.000000 -576.000000 -84.000000) (1716.000000 -576.000000 -69.666667) (1712.000000 -512.000000 -70.000000) (1705.000000 -400.000000 -72.187500) (1705.000000 -400.000000 -86.000000) (1710.000000 -480.000000 -88.000000) 
3 803 804 (1716.000000 -320.000000 -84.000000) (1716.000000 -576.000000 -90.400000) (1710.000000 -480.000000 -88.000000) 
4 803 806 (1705.000000 -400.000000 -86.000000) (1705.000000 -400.000000 -72.187500) (1708.000000 -320.000000 -71.250000) (1708.000000 -320.000000 -84.000000) 
3 804 808 (1716.000000 -480.000000 -96.000000) (1710.000000 -480.000000 -96.000000) (1716.000000 -320.000000 -92.000000) 
3 804 807 (1710.000000 -480.000000 -96.000000) (1716.000000 -480.000000 -96.000000) (1716.000000 -576.000000 -92.000000) 
4 805 806 (1702.000000 -480.000000 -88.000000) (1702.000000 -480.000000 -73.125000) (1705.000000 -400.000000 -72.187500) (1705.000000 -400.000000 -86.000000) 
4 805 809 (1708.000000 -576.000000 -84.000000) (1708.000000 -576.000000 -71.250000) (1702.000000 -480.000000 -73.125000) (1702.000000 -480.000000 -88.000000) 
4 806 809 (1702.000000 -480.000000 -96.000000) (1702.000000 -480.000000 -73.125000) (1696.000000 -384.000000 -75.000000) (1696.000000 -384.000000 -93.600000) 
4 806 808 (1702.000000 -480.000000 -96.000000) (1696.000000 -384.000000 -93.600000) (1696.000000 -320.000000 -92.000000) (1708.000000 -320.000000 -92.000000) 
3 807 811 (1704.000000 -512.000000 -96.000000) (1702.000000 -480.000000 -96.000000) (1704.000000 -480.000000 -96.000000) 
5 807 810 (1716.000000 -576.000000 -96.000000) (1708.000000 -576.000000 -96.000000) (1704.000000 -512.000000 -96.000000) (1704.000000 -480.000000 -96.000000) (1716.000000 -480.000000 -96.000000) 
3 807 809 (1702.000000 -480.000000 -96.000000) (1708.000000 -576.000000 -96.000000) (1708.000000 -576.000000 -92.000000) 
5 808 811 (1702.000000 -480.000000 -96.000000) (1696.000000 -384.000000 -96.000000) (1696.000000 -368.000000 -96.000000) (1704.000000 -352.000000 -96.000000) (1704.000000 -480.000000 -96.000000) 
4 808 810 (1704.000000 -320.000000 -96.000000) (1716.000000 -320.000000 -96.000000) (1716.000000 -480.000000 -96.000000) (1704.000000 -480.000000 -96.000000) 
3 808 809 (1696.000000 -384.000000 -96.000000) (1702.000000 -480.000000 -96.000000) (1696.000000 -384.000000 -93.600000) 
3 809 811 (1696.000000 -512.000000 -96.000000) (1696.000000 -384.000000 -96.000000) (1704.000000 -512.000000 -96.000000) 
3 809 810 (1708.000000 -576.000000 -96.000000) (1704.000000 -576.000000 -96.000000) (1704.000000 -512.000000 -96.000000) 
4 810 814 (1704.000000 -576.000000 -112.000000) (1716.000000 -576.000000 -112.000000) (1716.000000 -576.000000 -96.000000) (1704.000000 -576.000000 -96.000000) 
4 810 811 (1704.000000 -352.000000 -112.000000) (1704.000000 -512.000000 -112.000000) (1704.000000 -512.000000 -96.000000) (1704.000000 -352.000000 -96.000000) 
4 810 813 (1716.000000 -312.000000 -112.000000) (1716.000000 -576.000000 -112.000000) (1704.000000 -576.000000 -112.000000) (1704.000000 -320.000000 -112.000000) 
4 811 812 (1696.000000 -368.000000 -112.000000) (1696.000000 -448.000000 -112.000000) (1696.000000 -448.000000 -96.000000) (1696.000000 -368.000000 -96.000000) 
4 811 813 (1704.000000 -352.000000 -112.000000) (1704.000000 -512.000000 -112.000000) (1696.000000 -512.000000 -112.000000) (1696.000000 -368.000000 -112.000000) 
4 812 813 (1688.000000 -448.000000 -112.000000) (1688.000000 -384.000000 -112.000000) (1696.000000 -368.000000 -112.000000) (1696.000000 -448.000000 -112.000000) 
4 813 886 (1684.000000 -504.000000 -128.000000) (1716.000000 -504.000000 -128.000000) (1716.000000 -556.000000 -128.000000) (1684.000000 -556.000000 -128.000000) 
4 813 891 (1680.000000 -556.000000 -128.000000) (1680.000000 -504.000000 -128.000000) (1684.000000 -504.000000 -128.000000) (1684.000000 -556.000000 -128.000000) 
4 813 881 (1716.000000 -500.735791 -128.000000) (1716.000000 -504.000000 -128.000000) (1688.000000 -504.000000 -128.000000) (1688.000000 -500.735839 -128.000000) 
3 813 854 (1688.000000 -448.000000 -128.000000) (1688.000000 -442.666667 -128.000000) (1693.333333 -442.666667 -128.000000) 
5 813 853 (1716.000000 -442.666667 -128.000000) (1716.000000 -500.735791 -128.000000) (1688.000000 -500.735839 -128.000000) (1688.000000 -448.000000 -128.000000) (1693.333333 -442.666667 -128.000000) 
4 813 823 (1688.000000 -308.000000 -128.000000) (1716.000000 -308.000000 -128.000000) (1716.000000 -442.666667 -128.000000) (1688.000000 -442.666667 -128.000000) 
4 813 885 (1680.000000 -504.000000 -128.000000) (1680.000000 -308.000000 -128.000000) (1688.000000 -308.000000 -128.000000) (1688.000000 -504.000000 -128.000000) 
4 813 892 (1680.000000 -576.000000 -128.000000) (1680.000000 -556.000000 -128.000000) (1716.000000 -556.000000 -128.000000) (1716.000000 -576.000000 -128.000000) 
4 813 818 (1680.000000 -576.000000 -112.000000) (1680.000000 -576.000000 -128.000000) (1716.000000 -576.000000 -128.000000) (1716.000000 -576.000000 -112.000000) 
4 814 815 (1712.000000 -584.000000 -112.000000) (1756.000000 -584.000000 -112.000000) (1756.000000 -584.000000 -96.000000) (1712.000000 -584.000000 -96.000000) 
4 814 818 (1704.000000 -576.000000 -112.000000) (1768.000000 -576.000000 -112.000000) (1768.000000 -584.000000 -112.000000) (1704.000000 -584.000000 -112.000000) 
4 815 818 (1712.000000 -584.000000 -112.000000) (1756.000000 -584.000000 -112.000000) (1748.000000 -588.000000 -112.000000) (1728.000000 -592.000000 -112.000000) 
4 816 817 (1781.851064 -686.340426 -112.000000) (1781.851064 -686.340426 -96.000000) (1706.000000 -656.000000 -96.000000) (1706.000000 -656.000000 -112.000000) 
4 816 818 (1732.000000 -640.000000 -112.000000) (1760.000000 -646.000000 -112.000000) (1781.851064 -686.340426 -112.000000) (1706.000000 -656.000000 -112.000000) 
8 817 818 (1696.000000 -652.000000 -112.000000) (1781.851064 -686.340426 -112.000000) (1786.000000 -694.000000 -112.000000) (1760.000000 -736.000000 -112.000000) (1732.000000 -746.000000 -112.000000) (1706.000000 -736.000000 -112.000000) (1686.000000 -694.000000 -112.000000) (1692.000000 -656.000000 -112.000000) 
4 818 893 (1680.000000 -640.000000 -128.000000) (1680.000000 -752.000000 -128.000000) (1680.000000 -752.000000 -112.000000) (1680.000000 -640.000000 -112.000000) 
4 818 892 (1680.000000 -752.000000 -128.000000) (1680.000000 -576.000000 -128.000000) (1792.000000 -576.000000 -128.000000) (1792.000000 -752.000000 -128.000000) 
4 819 887 (1792.000000 -504.000000 -146.730022) (1792.000000 -504.000000 -128.000000) (1776.000000 -504.000000 -128.000000) (1776.000000 -504.000000 -146.729076) 
4 819 844 (1776.000000 -408.000000 -224.000000) (1776.000000 -416.000000 -224.000000) (1776.000000 -416.000000 -160.000000) (1776.000000 -408.000000 -160.000000) 
5 819 834 (1776.000000 -340.000000 -224.000000) (1776.000000 -408.000000 -224.000000) (1776.000000 -408.000000 -160.000000) (1776.000000 -371.555556 -160.000000) (1776.000000 -340.000000 -174.200000) 
5 819 829 (1776.000000 -471.000000 -128.000000) (1776.000000 -458.000000 -128.000000) (1776.000000 -406.000000 -160.000000) (1776.000000 -409.600000 -160.000000) (1776.000000 -432.000000 -152.000000) 
4 819 827 (1776.000000 -458.000000 -128.000000) (1776.000000 -442.666667 -128.000000) (1776.000000 -371.555556 -160.000000) (1776.000000 -406.000000 -160.000000) 
3 819 830 (1776.000000 -409.600000 -160.000000) (1776.000000 -419.000000 -160.000000) (1776.000000 -432.000000 -152.000000) 
4 819 833 (1776.000000 -472.000000 -160.000000) (1776.000000 -472.000000 -128.000000) (1776.000000 -471.000000 -128.000000) (1776.000000 -419.000000 -160.000000) 
4 819 826 (1776.000000 -328.000000 -224.000000) (1776.000000 -340.000000 -224.000000) (1776.000000 -340.000000 -174.200000) (1776.000000 -328.000000 -179.600000) 
5 819 825 (1776.000000 -472.000000 -224.000000) (1776.000000 -483.294507 -224.000000) (1776.000000 -504.000000 -146.729076) (1776.000000 -504.000000 -128.000000) (1776.000000 -472.000000 -128.000000) 
4 819 824 (1776.000000 -308.000000 -224.000000) (1776.000000 -328.000000 -224.000000) (1776.000000 -328.000000 -179.600000) (1776.000000 -308.000000 -188.600000) 
3 819 821 (1776.000000 -442.666667 -128.000000) (1776.000000 -410.000000 -128.000000) (1776.000000 -416.000000 -140.000000) 
4 819 820 (1776.000000 -410.000000 -128.000000) (1776.000000 -308.000000 -128.000000) (1776.000000 -308.000000 -188.600000) (1776.000000 -416.000000 -140.000000) 
4 819 884 (1776.000000 -483.294507 -224.000000) (1792.000000 -483.294761 -224.000000) (1792.000000 -504.000000 -146.730022) (1776.000000 -504.000000 -146.729076) 
5 820 835 (1748.000000 -371.555556 -160.000000) (1748.000000 -328.000000 -179.600000) (1752.000000 -328.000000 -179.600000) (1768.000000 -336.000000 -176.000000) (1768.000000 -371.555556 -160.000000) 
4 820 834 (1768.000000 -336.000000 -176.000000) (1776.000000 -340.000000 -174.200000) (1776.000000 -371.555556 -160.000000) (1768.000000 -371.555556 -160.000000) 
5 820 828 (1748.000000 -416.000000 -140.000000) (1748.000000 -390.000000 -151.700000) (1753.269841 -371.555556 -160.000000) (1761.269841 -371.555556 -160.000000) (1748.571429 -416.000000 -140.000000) 
4 820 827 (1761.269841 -371.555556 -160.000000) (1776.000000 -371.555556 -160.000000) (1776.000000 -416.000000 -140.000000) (1748.571429 -416.000000 -140.000000) 
3 820 832 (1748.000000 -390.000000 -151.700000) (1748.000000 -371.555556 -160.000000) (1753.269841 -371.555556 -160.000000) 
3 820 826 (1752.000000 -328.000000 -179.600000) (1776.000000 -328.000000 -179.600000) (1776.000000 -340.000000 -174.200000) 
4 820 824 (1748.000000 -328.000000 -179.600000) (1748.000000 -308.000000 -188.600000) (1776.000000 -308.000000 -188.600000) (1776.000000 -328.000000 -179.600000) 
4 820 822 (1756.000000 -412.000000 -132.000000) (1756.000000 -410.000000 -128.000000) (1748.000000 -410.000000 -128.000000) (1748.000000 -412.000000 -132.000000) 
4 820 821 (1756.000000 -416.000000 -140.000000) (1776.000000 -416.000000 -140.000000) (1776.000000 -410.000000 -128.000000) (1756.000000 -410.000000 -128.000000) 
4 820 823 (1748.000000 -410.000000 -128.000000) (1748.000000 -308.000000 -128.000000) (1748.000000 -308.000000 -188.600000) (1748.000000 -416.000000 -140.000000) 
4 821 827 (1776.000000 -442.666667 -128.000000) (1756.000000 -442.666667 -128.000000) (1756.000000 -416.000000 -140.000000) (1776.000000 -416.000000 -140.000000) 
3 821 822 (1756.000000 -421.333333 -128.000000) (1756.000000 -410.000000 -128.000000) (1756.000000 -412.000000 -132.000000) 
3 822 823 (1748.000000 -421.333333 -128.000000) (1748.000000 -410.000000 -128.000000) (1748.000000 -412.000000 -132.000000) 
4 823 869 (1712.000000 -336.000000 -176.000000) (1720.000000 -328.000000 -179.600000) (1728.000000 -328.000000 -179.600000) (1728.000000 -336.000000 -176.000000) 
4 823 862 (1694.222222 -353.777778 -168.000000) (1712.000000 -336.000000 -176.000000) (1728.000000 -336.000000 -176.000000) (1728.000000 -353.777778 -168.000000) 
3 823 855 (1728.000000 -376.000000 -158.000000) (1728.000000 -389.333333 -152.000000) (1714.666667 -389.333333 -152.000000) 
6 823 861 (1688.000000 -389.333333 -152.000000) (1688.000000 -360.000000 -165.200000) (1694.222222 -353.777778 -168.000000) (1728.000000 -353.777778 -168.000000) (1728.000000 -376.000000 -158.000000) (1714.666667 -389.333333 -152.000000) 
5 823 854 (1693.333333 -442.666667 -128.000000) (1688.000000 -442.666667 -128.000000) (1688.000000 -389.333333 -152.000000) (1728.000000 -389.333333 -152.000000) (1728.000000 -408.000000 -143.600000) 
3 823 853 (1728.000000 -442.666667 -128.000000) (1693.333333 -442.666667 -128.000000) (1728.000000 -408.000000 -143.600000) 
5 823 835 (1728.000000 -371.555556 -160.000000) (1728.000000 -344.000000 -172.400000) (1744.000000 -328.000000 -179.600000) (1748.000000 -328.000000 -179.600000) (1748.000000 -371.555556 -160.000000) 
5 823 828 (1740.952381 -442.666667 -128.000000) (1734.358974 -442.666667 -128.000000) (1736.000000 -432.000000 -132.800000) (1748.000000 -390.000000 -151.700000) (1748.000000 -418.000000 -139.100000) 
3 823 827 (1748.000000 -442.666667 -128.000000) (1740.952381 -442.666667 -128.000000) (1748.000000 -418.000000 -139.100000) 
3 823 831 (1734.358974 -442.666667 -128.000000) (1732.952381 -442.666667 -128.000000) (1736.000000 -432.000000 -132.800000) 
5 823 832 (1732.952381 -442.666667 -128.000000) (1728.000000 -442.666667 -128.000000) (1728.000000 -371.555556 -160.000000) (1748.000000 -371.555556 -160.000000) (1748.000000 -390.000000 -151.700000) 
3 823 846 (1728.000000 -344.000000 -172.400000) (1728.000000 -328.000000 -179.600000) (1744.000000 -328.000000 -179.600000) 
3 823 883 (1688.000000 -360.000000 -165.200000) (1688.000000 -328.000000 -179.600000) (1720.000000 -328.000000 -179.600000) 
4 823 824 (1688.000000 -328.000000 -179.600000) (1688.000000 -308.000000 -188.600000) (1748.000000 -308.000000 -188.600000) (1748.000000 -328.000000 -179.600000) 
3 823 885 (1688.000000 -442.666667 -128.000000) (1688.000000 -308.000000 -128.000000) (1688.000000 -308.000000 -188.600000) 
4 824 870 (1720.000000 -328.000000 -216.000000) (1720.000000 -328.000000 -224.000000) (1728.000000 -328.000000 -224.000000) (1728.000000 -328.000000 -216.000000) 
4 824 869 (1728.000000 -328.000000 -179.600000) (1720.000000 -328.000000 -179.600000) (1720.000000 -328.000000 -216.000000) (1728.000000 -328.000000 -216.000000) 
4 824 839 (1744.000000 -328.000000 -189.142857) (1744.000000 -328.000000 -216.000000) (1752.000000 -328.000000 -216.000000) (1752.000000 -328.000000 -189.142857) 
4 824 835 (1752.000000 -328.000000 -179.600000) (1744.000000 -328.000000 -179.600000) (1744.000000 -328.000000 -189.142857) (1752.000000 -328.000000 -189.142857) 
4 824 846 (1744.000000 -328.000000 -179.600000) (1728.000000 -328.000000 -179.600000) (1728.000000 -328.000000 -224.000000) (1744.000000 -328.000000 -224.000000) 
4 824 883 (1720.000000 -328.000000 -179.600000) (1688.000000 -328.000000 -179.600000) (1688.000000 -328.000000 -224.000000) (1720.000000 -328.000000 -224.000000) 
4 824 826 (1776.000000 -328.000000 -224.000000) (1776.000000 -328.000000 -179.600000) (1752.000000 -328.000000 -179.600000) (1752.000000 -328.000000 -224.000000) 
4 824 885 (1688.000000 -308.000000 -224.000000) (1688.000000 -328.000000 -224.000000) (1688.000000 -328.000000 -179.600000) (1688.000000 -308.000000 -188.600000) 
4 825 887 (1776.000000 -504.000000 -128.000000) (1748.000000 -504.000000 -128.000000) (1766.728527 -504.000000 -146.728527) (1776.000000 -504.000000 -146.729076) 
5 825 849 (1768.000000 -480.000000 -224.000000) (1764.705672 -483.294328 -224.000000) (1744.000000 -504.000000 -146.727183) (1744.000000 -504.000000 -128.000000) (1768.000000 -480.000000 -128.000000) 
4 825 833 (1768.000000 -480.000000 -160.000000) (1768.000000 -480.000000 -128.000000) (1776.000000 -472.000000 -128.000000) (1776.000000 -472.000000 -160.000000) 
4 825 884 (1764.705672 -483.294328 -224.000000) (1776.000000 -483.294507 -224.000000) (1776.000000 -504.000000 -146.729076) (1744.000000 -504.000000 -146.727183) 
4 826 839 (1752.000000 -328.000000 -189.142857) (1752.000000 -328.000000 -216.000000) (1768.000000 -336.000000 -216.000000) (1768.000000 -336.000000 -186.285714) 
4 826 835 (1752.000000 -328.000000 -179.600000) (1752.000000 -328.000000 -189.142857) (1768.000000 -336.000000 -186.285714) (1768.000000 -336.000000 -176.000000) 
4 826 834 (1768.000000 -336.000000 -224.000000) (1776.000000 -340.000000 -224.000000) (1776.000000 -340.000000 -174.200000) (1768.000000 -336.000000 -176.000000) 
4 827 837 (1768.000000 -387.200000 -160.000000) (1768.000000 -406.000000 -160.000000) (1751.428571 -406.000000 -160.000000) (1756.800000 -387.200000 -160.000000) 
4 827 836 (1768.000000 -376.000000 -160.000000) (1768.000000 -387.200000 -160.000000) (1756.800000 -387.200000 -160.000000) (1760.000000 -376.000000 -160.000000) 
4 827 835 (1761.269841 -371.555556 -160.000000) (1768.000000 -371.555556 -160.000000) (1768.000000 -376.000000 -160.000000) (1760.000000 -376.000000 -160.000000) 
4 827 834 (1768.000000 -371.555556 -160.000000) (1776.000000 -371.555556 -160.000000) (1776.000000 -406.000000 -160.000000) (1768.000000 -406.000000 -160.000000) 
5 827 829 (1776.000000 -458.000000 -128.000000) (1740.000000 -458.000000 -128.000000) (1744.000000 -432.000000 -144.000000) (1751.428571 -406.000000 -160.000000) (1776.000000 -406.000000 -160.000000) 
5 827 828 (1761.269841 -371.555556 -160.000000) (1756.800000 -387.200000 -160.000000) (1744.000000 -432.000000 -144.000000) (1736.571429 -458.000000 -128.000000) (1740.952381 -442.666667 -128.000000) 
4 828 836 (1760.000000 -376.000000 -160.000000) (1756.800000 -387.200000 -160.000000) (1748.800000 -387.200000 -160.000000) (1752.000000 -376.000000 -160.000000) 
4 828 835 (1753.269841 -371.555556 -160.000000) (1761.269841 -371.555556 -160.000000) (1760.000000 -376.000000 -160.000000) (1752.000000 -376.000000 -160.000000) 
4 828 832 (1753.269841 -371.555556 -160.000000) (1748.800000 -387.200000 -160.000000) (1736.000000 -432.000000 -144.000000) (1736.000000 -432.000000 -132.800000) 
4 828 831 (1732.000000 -458.000000 -128.000000) (1734.358974 -442.666667 -128.000000) (1736.000000 -432.000000 -132.800000) (1736.000000 -432.000000 -144.000000) 
4 829 844 (1776.000000 -408.000000 -160.000000) (1776.000000 -409.600000 -160.000000) (1769.600000 -409.600000 -160.000000) (1768.000000 -408.000000 -160.000000) 
4 829 837 (1768.000000 -408.000000 -160.000000) (1750.857143 -408.000000 -160.000000) (1751.428571 -406.000000 -160.000000) (1768.000000 -406.000000 -160.000000) 
4 829 834 (1776.000000 -406.000000 -160.000000) (1776.000000 -408.000000 -160.000000) (1768.000000 -408.000000 -160.000000) (1768.000000 -406.000000 -160.000000) 
4 829 830 (1750.400000 -409.600000 -160.000000) (1776.000000 -409.600000 -160.000000) (1776.000000 -432.000000 -152.000000) (1744.000000 -432.000000 -152.000000) 
4 829 833 (1776.000000 -432.000000 -152.000000) (1776.000000 -471.000000 -128.000000) (1738.000000 -471.000000 -128.000000) (1744.000000 -432.000000 -152.000000) 
3 830 844 (1776.000000 -409.600000 -160.000000) (1776.000000 -416.000000 -160.000000) (1769.600000 -409.600000 -160.000000) 
4 830 833 (1776.000000 -419.000000 -160.000000) (1776.000000 -432.000000 -152.000000) (1736.000000 -432.000000 -152.000000) (1739.714286 -419.000000 -160.000000) 
3 830 832 (1742.400000 -409.600000 -160.000000) (1739.714286 -419.000000 -160.000000) (1736.000000 -432.000000 -152.000000) 
3 831 853 (1728.000000 -471.000000 -128.000000) (1728.000000 -460.000000 -128.000000) (1728.000000 -460.000000 -134.769231) 
5 831 832 (1736.000000 -432.000000 -152.000000) (1728.000000 -460.000000 -134.769231) (1728.000000 -460.000000 -128.000000) (1732.952381 -442.666667 -128.000000) (1736.000000 -432.000000 -132.800000) 
4 831 833 (1730.000000 -471.000000 -128.000000) (1728.000000 -471.000000 -128.000000) (1728.000000 -460.000000 -134.769231) (1736.000000 -432.000000 -152.000000) 
5 832 855 (1728.000000 -389.333333 -152.000000) (1728.000000 -376.000000 -158.000000) (1728.000000 -376.000000 -160.000000) (1728.000000 -408.000000 -160.000000) (1728.000000 -408.000000 -152.000000) 
3 832 861 (1728.000000 -376.000000 -158.000000) (1728.000000 -371.555556 -160.000000) (1728.000000 -376.000000 -160.000000) 
3 832 854 (1728.000000 -408.000000 -143.600000) (1728.000000 -389.333333 -152.000000) (1728.000000 -408.000000 -152.000000) 
6 832 853 (1728.000000 -460.000000 -128.000000) (1728.000000 -442.666667 -128.000000) (1728.000000 -408.000000 -143.600000) (1728.000000 -408.000000 -160.000000) (1728.000000 -419.000000 -160.000000) (1728.000000 -460.000000 -134.769231) 
3 832 845 (1728.000000 -416.000000 -160.000000) (1728.000000 -408.000000 -160.000000) (1736.000000 -408.000000 -160.000000) 
4 832 838 (1728.000000 -408.000000 -160.000000) (1728.000000 -387.200000 -160.000000) (1748.800000 -387.200000 -160.000000) (1742.857143 -408.000000 -160.000000) 
4 832 836 (1728.000000 -387.200000 -160.000000) (1728.000000 -376.000000 -160.000000) (1752.000000 -376.000000 -160.000000) (1748.800000 -387.200000 -160.000000) 
4 832 835 (1728.000000 -376.000000 -160.000000) (1728.000000 -371.555556 -160.000000) (1753.269841 -371.555556 -160.000000) (1752.000000 -376.000000 -160.000000) 
3 832 833 (1728.000000 -460.000000 -134.769231) (1728.000000 -419.000000 -160.000000) (1739.714286 -419.000000 -160.000000) 
4 833 853 (1728.000000 -472.000000 -160.000000) (1728.000000 -472.000000 -128.000000) (1728.000000 -471.000000 -128.000000) (1728.000000 -419.000000 -160.000000) 
4 833 851 (1736.000000 -480.000000 -150.232416) (1736.000000 -480.000000 -160.000000) (1744.000000 -480.000000 -160.000000) (1744.000000 -480.000000 -156.858367) 
4 833 850 (1744.000000 -480.000000 -128.000000) (1736.000000 -480.000000 -128.000000) (1736.000000 -480.000000 -150.232416) (1744.000000 -480.000000 -156.858367) 
4 833 849 (1768.000000 -480.000000 -160.000000) (1768.000000 -480.000000 -128.000000) (1744.000000 -480.000000 -128.000000) (1744.000000 -480.000000 -160.000000) 
4 833 847 (1728.000000 -472.000000 -128.000000) (1728.000000 -472.000000 -160.000000) (1736.000000 -480.000000 -160.000000) (1736.000000 -480.000000 -128.000000) 
4 834 844 (1776.000000 -408.000000 -160.000000) (1768.000000 -408.000000 -160.000000) (1768.000000 -408.000000 -224.000000) (1776.000000 -408.000000 -224.000000) 
4 834 840 (1768.000000 -376.000000 -224.000000) (1768.000000 -408.000000 -224.000000) (1768.000000 -408.000000 -216.000000) (1768.000000 -376.000000 -216.000000) 
4 834 839 (1768.000000 -336.000000 -186.285714) (1768.000000 -336.000000 -216.000000) (1768.000000 -408.000000 -216.000000) (1768.000000 -408.000000 -160.571429) 
5 834 837 (1768.000000 -376.000000 -172.000000) (1768.000000 -408.000000 -160.571429) (1768.000000 -408.000000 -160.000000) (1768.000000 -387.200000 -160.000000) (1768.000000 -376.000000 -164.000000) 
3 834 836 (1768.000000 -387.200000 -160.000000) (1768.000000 -376.000000 -160.000000) (1768.000000 -376.000000 -164.000000) 
5 834 835 (1768.000000 -336.000000 -176.000000) (1768.000000 -336.000000 -186.285714) (1768.000000 -376.000000 -172.000000) (1768.000000 -376.000000 -160.000000) (1768.000000 -371.555556 -160.000000) 
4 835 869 (1728.000000 -344.000000 -176.000000) (1728.000000 -344.000000 -183.428571) (1728.000000 -352.000000 -180.571429) (1728.000000 -352.000000 -176.000000) 
3 835 868 (1728.000000 -352.000000 -180.571429) (1728.000000 -364.800000 -176.000000) (1728.000000 -352.000000 -176.000000) 
6 835 862 (1728.000000 -353.777778 -168.000000) (1728.000000 -344.000000 -172.400000) (1728.000000 -344.000000 -176.000000) (1728.000000 -364.800000 -176.000000) (1728.000000 -376.000000 -172.000000) (1728.000000 -376.000000 -168.000000) 
4 835 861 (1728.000000 -376.000000 -160.000000) (1728.000000 -371.555556 -160.000000) (1728.000000 -353.777778 -168.000000) (1728.000000 -376.000000 -168.000000) 
6 835 839 (1728.000000 -376.000000 -172.000000) (1728.000000 -344.000000 -183.428571) (1744.000000 -328.000000 -189.142857) (1752.000000 -328.000000 -189.142857) (1768.000000 -336.000000 -186.285714) (1768.000000 -376.000000 -172.000000) 
4 835 837 (1760.000000 -376.000000 -172.000000) (1768.000000 -376.000000 -172.000000) (1768.000000 -376.000000 -164.000000) (1760.000000 -376.000000 -164.000000) 
4 835 838 (1728.000000 -376.000000 -164.000000) (1728.000000 -376.000000 -172.000000) (1752.000000 -376.000000 -172.000000) (1752.000000 -376.000000 -164.000000) 
4 835 836 (1728.000000 -376.000000 -160.000000) (1728.000000 -376.000000 -164.000000) (1768.000000 -376.000000 -164.000000) (1768.000000 -376.000000 -160.000000) 
4 835 846 (1728.000000 -344.000000 -183.428571) (1728.000000 -344.000000 -172.400000) (1744.000000 -328.000000 -179.600000) (1744.000000 -328.000000 -189.142857) 
3 836 855 (1728.000000 -387.200000 -160.000000) (1728.000000 -376.000000 -160.000000) (1728.000000 -376.000000 -164.000000) 
4 836 837 (1768.000000 -387.200000 -160.000000) (1756.800000 -387.200000 -160.000000) (1760.000000 -376.000000 -164.000000) (1768.000000 -376.000000 -164.000000) 
4 836 838 (1748.800000 -387.200000 -160.000000) (1728.000000 -387.200000 -160.000000) (1728.000000 -376.000000 -164.000000) (1752.000000 -376.000000 -164.000000) 
4 837 839 (1768.000000 -408.000000 -160.571429) (1750.857143 -408.000000 -160.571429) (1760.000000 -376.000000 -172.000000) (1768.000000 -376.000000 -172.000000) 
3 838 862 (1728.000000 -376.000000 -168.000000) (1728.000000 -376.000000 -172.000000) (1728.000000 -387.200000 -168.000000) 
6 838 855 (1728.000000 -408.000000 -160.571429) (1728.000000 -408.000000 -160.000000) (1728.000000 -387.200000 -160.000000) (1728.000000 -376.000000 -164.000000) (1728.000000 -376.000000 -168.000000) (1728.000000 -387.200000 -168.000000) 
4 838 845 (1736.000000 -408.000000 -160.000000) (1728.000000 -408.000000 -160.000000) (1728.000000 -408.000000 -160.571429) (1736.000000 -408.000000 -160.571429) 
4 838 839 (1742.857143 -408.000000 -160.571429) (1728.000000 -408.000000 -160.571429) (1728.000000 -376.000000 -172.000000) (1752.000000 -376.000000 -172.000000) 
4 839 875 (1728.000000 -376.000000 -200.000000) (1728.000000 -368.000000 -212.000000) (1728.000000 -368.000000 -216.000000) (1728.000000 -376.000000 -216.000000) 
3 839 874 (1728.000000 -392.000000 -176.000000) (1728.000000 -368.000000 -176.000000) (1728.000000 -368.000000 -212.000000) 
4 839 869 (1728.000000 -352.000000 -180.571429) (1728.000000 -344.000000 -183.428571) (1728.000000 -344.000000 -216.000000) (1728.000000 -352.000000 -216.000000) 
5 839 868 (1728.000000 -368.000000 -176.000000) (1728.000000 -364.800000 -176.000000) (1728.000000 -352.000000 -180.571429) (1728.000000 -352.000000 -216.000000) (1728.000000 -368.000000 -216.000000) 
4 839 864 (1728.000000 -408.000000 -176.000000) (1728.000000 -408.000000 -168.000000) (1728.000000 -400.000000 -168.000000) (1728.000000 -400.000000 -176.000000) 
4 839 862 (1728.000000 -400.000000 -168.000000) (1728.000000 -387.200000 -168.000000) (1728.000000 -364.800000 -176.000000) (1728.000000 -400.000000 -176.000000) 
3 839 855 (1728.000000 -408.000000 -168.000000) (1728.000000 -408.000000 -160.571429) (1728.000000 -387.200000 -168.000000) 
4 839 845 (1728.000000 -408.000000 -160.571429) (1728.000000 -408.000000 -216.000000) (1736.000000 -408.000000 -216.000000) (1736.000000 -408.000000 -160.571429) 
3 839 841 (1752.000000 -392.000000 -216.000000) (1746.000000 -398.000000 -216.000000) (1744.000000 -392.000000 -216.000000) 
3 839 842 (1746.000000 -398.000000 -216.000000) (1736.000000 -408.000000 -216.000000) (1736.000000 -368.000000 -216.000000) 
4 839 843 (1728.000000 -408.000000 -216.000000) (1728.000000 -344.000000 -216.000000) (1736.000000 -336.000000 -216.000000) (1736.000000 -408.000000 -216.000000) 
3 839 840 (1768.000000 -376.000000 -216.000000) (1768.000000 -408.000000 -216.000000) (1736.000000 -408.000000 -216.000000) 
4 839 846 (1728.000000 -344.000000 -216.000000) (1728.000000 -344.000000 -183.428571) (1744.000000 -328.000000 -189.142857) (1744.000000 -328.000000 -216.000000) 
4 840 841 (1752.000000 -392.000000 -224.000000) (1746.000000 -398.000000 -224.000000) (1746.000000 -398.000000 -216.000000) (1752.000000 -392.000000 -216.000000) 
4 840 842 (1746.000000 -398.000000 -224.000000) (1736.000000 -408.000000 -224.000000) (1736.000000 -408.000000 -216.000000) (1746.000000 -398.000000 -216.000000) 
4 841 842 (1744.000000 -392.000000 -224.000000) (1746.000000 -398.000000 -224.000000) (1746.000000 -398.000000 -216.000000) (1744.000000 -392.000000 -216.000000) 
4 842 843 (1736.000000 -408.000000 -216.000000) (1736.000000 -368.000000 -216.000000) (1736.000000 -368.000000 -224.000000) (1736.000000 -408.000000 -224.000000) 
4 843 875 (1728.000000 -368.000000 -224.000000) (1728.000000 -376.000000 -224.000000) (1728.000000 -376.000000 -216.000000) (1728.000000 -368.000000 -216.000000) 
4 843 870 (1728.000000 -344.000000 -224.000000) (1728.000000 -352.000000 -224.000000) (1728.000000 -352.000000 -216.000000) (1728.000000 -344.000000 -216.000000) 
4 843 868 (1728.000000 -352.000000 -224.000000) (1728.000000 -368.000000 -224.000000) (1728.000000 -368.000000 -216.000000) (1728.000000 -352.000000 -216.000000) 
4 843 845 (1728.000000 -408.000000 -216.000000) (1728.000000 -408.000000 -224.000000) (1736.000000 -408.000000 -224.000000) (1736.000000 -408.000000 -216.000000) 
4 843 846 (1736.000000 -336.000000 -224.000000) (1728.000000 -344.000000 -224.000000) (1728.000000 -344.000000 -216.000000) (1736.000000 -336.000000 -216.000000) 
4 845 864 (1728.000000 -416.000000 -176.000000) (1728.000000 -416.000000 -168.000000) (1728.000000 -408.000000 -168.000000) (1728.000000 -408.000000 -176.000000) 
4 845 853 (1728.000000 -416.000000 -168.000000) (1728.000000 -416.000000 -160.000000) (1728.000000 -408.000000 -160.000000) (1728.000000 -408.000000 -168.000000) 
4 846 870 (1728.000000 -328.000000 -216.000000) (1728.000000 -328.000000 -224.000000) (1728.000000 -344.000000 -224.000000) (1728.000000 -344.000000 -216.000000) 
5 846 869 (1728.000000 -328.000000 -179.600000) (1728.000000 -328.000000 -216.000000) (1728.000000 -344.000000 -216.000000) (1728.000000 -344.000000 -176.000000) (1728.000000 -336.000000 -176.000000) 
3 846 862 (1728.000000 -344.000000 -176.000000) (1728.000000 -344.000000 -172.400000) (1728.000000 -336.000000 -176.000000) 
5 847 877 (1728.000000 -480.000000 -205.385026) (1728.000000 -480.000000 -176.000000) (1728.000000 -472.000000 -176.000000) (1728.000000 -472.000000 -220.972968) (1728.000000 -475.566949 -221.928986) 
4 847 863 (1728.000000 -480.000000 -176.000000) (1728.000000 -480.000000 -168.000000) (1728.000000 -472.000000 -168.000000) (1728.000000 -472.000000 -176.000000) 
4 847 853 (1728.000000 -480.000000 -168.000000) (1728.000000 -480.000000 -128.000000) (1728.000000 -472.000000 -128.000000) (1728.000000 -472.000000 -168.000000) 
4 847 851 (1736.000000 -480.000000 -205.384975) (1736.000000 -480.000000 -150.232416) (1728.000000 -480.000000 -143.606466) (1728.000000 -480.000000 -205.385026) 
4 847 850 (1736.000000 -480.000000 -150.232416) (1736.000000 -480.000000 -128.000000) (1728.000000 -480.000000 -128.000000) (1728.000000 -480.000000 -143.606466) 
3 847 848 (1728.000000 -472.000000 -220.972968) (1731.566943 -475.566943 -221.928985) (1728.000000 -475.566949 -221.928986) 
4 848 882 (1728.000000 -475.012009 -224.000000) (1728.000000 -480.000000 -224.000000) (1728.000000 -480.000000 -223.117138) (1728.000000 -475.566949 -221.928986) 
4 848 877 (1728.000000 -472.000000 -224.000000) (1728.000000 -475.012009 -224.000000) (1728.000000 -475.566949 -221.928986) (1728.000000 -472.000000 -220.972968) 
4 848 852 (1728.000000 -480.000000 -224.000000) (1736.000000 -480.000000 -224.000000) (1736.000000 -480.000000 -223.117138) (1728.000000 -480.000000 -223.117138) 
3 849 852 (1744.000000 -480.000000 -223.117138) (1744.000000 -480.000000 -224.000000) (1744.000000 -483.294000 -224.000000) 
3 849 851 (1744.000000 -480.000000 -156.858367) (1744.000000 -480.000000 -205.384924) (1744.000000 -492.131702 -160.109920) 
5 849 850 (1744.000000 -480.000000 -128.000000) (1744.000000 -480.000000 -156.858367) (1744.000000 -499.859000 -162.181000) (1744.000000 -504.000000 -146.727183) (1744.000000 -504.000000 -128.000000) 
3 849 884 (1744.000000 -483.294000 -224.000000) (1764.705672 -483.294328 -224.000000) (1744.000000 -504.000000 -146.727183) 
3 850 889 (1740.000000 -504.000000 -128.000000) (1728.000000 -504.000000 -128.000000) (1728.000000 -504.000000 -140.000000) 
5 850 878 (1728.000000 -503.171800 -149.817000) (1728.000000 -504.000000 -146.726237) (1728.000000 -504.000000 -128.000000) (1728.000000 -500.735771 -128.000000) (1728.000000 -495.444720 -147.745979) 
4 850 853 (1728.000000 -500.735771 -128.000000) (1728.000000 -480.000000 -128.000000) (1728.000000 -480.000000 -143.606466) (1728.000000 -495.444720 -147.745979) 
4 850 851 (1728.000000 -495.444720 -147.745979) (1728.000000 -480.000000 -143.606466) (1744.000000 -480.000000 -156.858367) (1744.000000 -492.131702 -160.109920) 
4 850 884 (1744.000000 -499.859000 -162.181000) (1744.000000 -504.000000 -146.727183) (1728.000000 -504.000000 -146.726237) (1728.000000 -503.171800 -149.817000) 
3 851 877 (1728.000000 -480.000000 -176.000000) (1728.000000 -480.000000 -205.385026) (1728.000000 -487.873890 -176.000000) 
4 851 863 (1728.000000 -480.000000 -168.000000) (1728.000000 -480.000000 -176.000000) (1728.000000 -487.873890 -176.000000) (1728.000000 -490.017536 -168.000000) 
4 851 853 (1728.000000 -495.444720 -147.745979) (1728.000000 -480.000000 -143.606466) (1728.000000 -480.000000 -168.000000) (1728.000000 -490.017536 -168.000000) 
3 852 882 (1728.000000 -480.000000 -224.000000) (1728.000000 -483.293746 -224.000000) (1728.000000 -480.000000 -223.117138) 
3 853 879 (1724.000000 -496.272974 -144.654993) (1712.571822 -498.639334 -135.823910) (1708.000483 -496.273000 -144.655000) 
4 853 878 (1728.000000 -495.444720 -147.745979) (1728.000000 -500.735771 -128.000000) (1716.621802 -500.735790 -128.000000) (1712.571822 -498.639334 -135.823910) 
3 853 880 (1696.000000 -490.061000 -167.838000) (1695.916142 -490.017591 -168.000000) (1696.000000 -490.017591 -168.000000) 
4 853 881 (1716.621802 -500.735790 -128.000000) (1688.000000 -500.735839 -128.000000) (1688.000000 -490.017605 -168.000000) (1695.916142 -490.017591 -168.000000) 
3 853 864 (1724.000000 -412.000000 -168.000000) (1728.000000 -408.000000 -168.000000) (1728.000000 -416.000000 -168.000000) 
4 853 867 (1688.000000 -472.000000 -168.000000) (1688.000000 -448.000000 -168.000000) (1696.000000 -440.000000 -168.000000) (1720.000000 -440.000000 -168.000000) 
4 853 863 (1688.000000 -490.017605 -168.000000) (1688.000000 -472.000000 -168.000000) (1728.000000 -432.000000 -168.000000) (1728.000000 -490.017536 -168.000000) 
4 853 858 (1708.000000 -428.000000 -168.000000) (1700.000000 -436.000000 -168.000000) (1700.000000 -436.000000 -152.000000) (1708.000000 -428.000000 -152.000000) 
4 853 859 (1700.000000 -436.000000 -168.000000) (1692.000000 -444.000000 -168.000000) (1692.000000 -444.000000 -152.000000) (1700.000000 -436.000000 -152.000000) 
4 853 860 (1692.000000 -444.000000 -168.000000) (1688.000000 -448.000000 -168.000000) (1688.000000 -448.000000 -152.000000) (1692.000000 -444.000000 -152.000000) 
4 853 855 (1728.000000 -408.000000 -152.000000) (1728.000000 -408.000000 -168.000000) (1712.000000 -424.000000 -168.000000) (1712.000000 -424.000000 -152.000000) 
5 853 854 (1728.000000 -408.000000 -143.600000) (1728.000000 -408.000000 -152.000000) (1688.000000 -448.000000 -152.000000) (1688.000000 -448.000000 -128.000000) (1693.333333 -442.666667 -128.000000) 
4 853 885 (1688.000000 -490.017605 -168.000000) (1688.000000 -500.735839 -128.000000) (1688.000000 -448.000000 -128.000000) (1688.000000 -448.000000 -168.000000) 
3 854 858 (1708.000000 -428.000000 -152.000000) (1700.000000 -436.000000 -152.000000) (1696.000000 -428.000000 -152.000000) 
3 854 857 (1700.000000 -404.000000 -152.000000) (1705.333333 -398.666667 -152.000000) (1708.000000 -404.000000 -152.000000) 
3 854 859 (1700.000000 -436.000000 -152.000000) (1692.000000 -444.000000 -152.000000) (1692.000000 -420.000000 -152.000000) 
4 854 860 (1688.000000 -448.000000 -152.000000) (1688.000000 -416.000000 -152.000000) (1692.000000 -412.000000 -152.000000) (1692.000000 -444.000000 -152.000000) 
3 854 856 (1705.333333 -398.666667 -152.000000) (1712.000000 -392.000000 -152.000000) (1712.000000 -412.000000 -152.000000) 
5 854 855 (1712.000000 -392.000000 -152.000000) (1714.666667 -389.333333 -152.000000) (1728.000000 -389.333333 -152.000000) (1728.000000 -408.000000 -152.000000) (1712.000000 -424.000000 -152.000000) 
3 854 861 (1688.000000 -416.000000 -152.000000) (1688.000000 -389.333333 -152.000000) (1714.666667 -389.333333 -152.000000) 
4 854 885 (1688.000000 -448.000000 -128.000000) (1688.000000 -442.666667 -128.000000) (1688.000000 -389.333333 -152.000000) (1688.000000 -448.000000 -152.000000) 
4 855 864 (1728.000000 -400.000000 -168.000000) (1728.000000 -408.000000 -168.000000) (1724.000000 -412.000000 -168.000000) (1712.000000 -400.000000 -168.000000) 
4 855 862 (1712.000000 -392.000000 -168.000000) (1728.000000 -376.000000 -168.000000) (1728.000000 -400.000000 -168.000000) (1712.000000 -400.000000 -168.000000) 
4 855 856 (1712.000000 -392.000000 -168.000000) (1712.000000 -412.000000 -168.000000) (1712.000000 -412.000000 -152.000000) (1712.000000 -392.000000 -152.000000) 
5 855 861 (1728.000000 -376.000000 -158.000000) (1728.000000 -376.000000 -168.000000) (1712.000000 -392.000000 -168.000000) (1712.000000 -392.000000 -152.000000) (1714.666667 -389.333333 -152.000000) 
4 856 862 (1705.333333 -398.666667 -168.000000) (1712.000000 -392.000000 -168.000000) (1712.000000 -400.000000 -168.000000) (1706.000000 -400.000000 -168.000000) 
4 856 857 (1705.333333 -398.666667 -152.000000) (1705.333333 -398.666667 -168.000000) (1708.000000 -404.000000 -168.000000) (1708.000000 -404.000000 -152.000000) 
4 856 861 (1712.000000 -392.000000 -168.000000) (1705.333333 -398.666667 -168.000000) (1705.333333 -398.666667 -152.000000) (1712.000000 -392.000000 -152.000000) 
3 857 862 (1704.000000 -400.000000 -168.000000) (1705.333333 -398.666667 -168.000000) (1706.000000 -400.000000 -168.000000) 
4 857 861 (1705.333333 -398.666667 -168.000000) (1700.000000 -404.000000 -168.000000) (1700.000000 -404.000000 -152.000000) (1705.333333 -398.666667 -152.000000) 
4 858 859 (1696.000000 -428.000000 -168.000000) (1700.000000 -436.000000 -168.000000) (1700.000000 -436.000000 -152.000000) (1696.000000 -428.000000 -152.000000) 
3 859 865 (1696.000000 -440.000000 -168.000000) (1692.000000 -440.000000 -168.000000) (1692.000000 -436.000000 -168.000000) 
3 859 867 (1696.000000 -440.000000 -168.000000) (1692.000000 -444.000000 -168.000000) (1692.000000 -440.000000 -168.000000) 
4 859 860 (1692.000000 -420.000000 -168.000000) (1692.000000 -444.000000 -168.000000) (1692.000000 -444.000000 -152.000000) (1692.000000 -420.000000 -152.000000) 
4 860 865 (1688.000000 -440.000000 -168.000000) (1688.000000 -432.000000 -168.000000) (1692.000000 -436.000000 -168.000000) (1692.000000 -440.000000 -168.000000) 
4 860 867 (1688.000000 -448.000000 -168.000000) (1688.000000 -440.000000 -168.000000) (1692.000000 -440.000000 -168.000000) (1692.000000 -444.000000 -168.000000) 
4 860 861 (1692.000000 -412.000000 -168.000000) (1688.000000 -416.000000 -168.000000) (1688.000000 -416.000000 -152.000000) (1692.000000 -412.000000 -152.000000) 
4 860 885 (1688.000000 -416.000000 -168.000000) (1688.000000 -448.000000 -168.000000) (1688.000000 -448.000000 -152.000000) (1688.000000 -416.000000 -152.000000) 
3 861 866 (1688.000000 -408.000000 -168.000000) (1688.000000 -400.000000 -168.000000) (1696.000000 -400.000000 -168.000000) 
6 861 862 (1688.000000 -400.000000 -168.000000) (1688.000000 -360.000000 -168.000000) (1694.222222 -353.777778 -168.000000) (1728.000000 -353.777778 -168.000000) (1728.000000 -376.000000 -168.000000) (1704.000000 -400.000000 -168.000000) 
5 861 885 (1688.000000 -389.333333 -152.000000) (1688.000000 -360.000000 -165.200000) (1688.000000 -360.000000 -168.000000) (1688.000000 -416.000000 -168.000000) (1688.000000 -416.000000 -152.000000) 
3 861 883 (1688.000000 -360.000000 -168.000000) (1688.000000 -360.000000 -165.200000) (1694.222222 -353.777778 -168.000000) 
4 862 874 (1688.000000 -392.000000 -176.000000) (1688.000000 -368.000000 -176.000000) (1728.000000 -368.000000 -176.000000) (1728.000000 -392.000000 -176.000000) 
6 862 869 (1688.000000 -368.000000 -176.000000) (1688.000000 -360.000000 -176.000000) (1712.000000 -336.000000 -176.000000) (1728.000000 -336.000000 -176.000000) (1728.000000 -352.000000 -176.000000) (1712.000000 -368.000000 -176.000000) 
3 862 868 (1728.000000 -352.000000 -176.000000) (1728.000000 -368.000000 -176.000000) (1712.000000 -368.000000 -176.000000) 
4 862 864 (1728.000000 -400.000000 -176.000000) (1728.000000 -400.000000 -168.000000) (1712.000000 -400.000000 -168.000000) (1712.000000 -400.000000 -176.000000) 
4 862 866 (1696.000000 -400.000000 -168.000000) (1688.000000 -400.000000 -168.000000) (1688.000000 -400.000000 -176.000000) (1696.000000 -400.000000 -176.000000) 
4 862 883 (1688.000000 -360.000000 -176.000000) (1688.000000 -360.000000 -168.000000) (1694.222222 -353.777778 -168.000000) (1712.000000 -336.000000 -176.000000) 
4 862 885 (1688.000000 -400.000000 -168.000000) (1688.000000 -360.000000 -168.000000) (1688.000000 -360.000000 -176.000000) (1688.000000 -400.000000 -176.000000) 
4 863 880 (1696.000000 -490.017591 -168.000000) (1695.916142 -490.017591 -168.000000) (1691.775010 -487.873952 -176.000000) (1696.000000 -487.873944 -176.000000) 
4 863 881 (1695.916142 -490.017591 -168.000000) (1688.000000 -490.017605 -168.000000) (1688.000000 -487.873958 -176.000000) (1691.775010 -487.873952 -176.000000) 
3 863 876 (1688.000000 -472.000000 -176.000000) (1692.000000 -468.000000 -176.000000) (1696.000000 -472.000000 -176.000000) 
4 863 877 (1728.000000 -487.873890 -176.000000) (1688.000000 -487.873958 -176.000000) (1688.000000 -472.000000 -176.000000) (1728.000000 -472.000000 -176.000000) 
4 863 867 (1720.000000 -440.000000 -176.000000) (1688.000000 -472.000000 -176.000000) (1688.000000 -472.000000 -168.000000) (1720.000000 -440.000000 -168.000000) 
4 863 885 (1688.000000 -487.873958 -176.000000) (1688.000000 -490.017605 -168.000000) (1688.000000 -472.000000 -168.000000) (1688.000000 -472.000000 -176.000000) 
4 865 885 (1688.000000 -440.000000 -168.000000) (1688.000000 -432.000000 -168.000000) (1688.000000 -432.000000 -176.000000) (1688.000000 -440.000000 -176.000000) 
4 865 867 (1688.000000 -440.000000 -168.000000) (1688.000000 -440.000000 -176.000000) (1696.000000 -440.000000 -176.000000) (1696.000000 -440.000000 -168.000000) 
4 866 885 (1688.000000 -408.000000 -168.000000) (1688.000000 -400.000000 -168.000000) (1688.000000 -400.000000 -176.000000) (1688.000000 -408.000000 -176.000000) 
3 867 876 (1688.000000 -472.000000 -176.000000) (1688.000000 -464.000000 -176.000000) (1692.000000 -468.000000 -176.000000) 
4 867 885 (1688.000000 -472.000000 -168.000000) (1688.000000 -440.000000 -168.000000) (1688.000000 -440.000000 -176.000000) (1688.000000 -472.000000 -176.000000) 
4 868 875 (1712.000000 -368.000000 -212.000000) (1712.000000 -368.000000 -224.000000) (1728.000000 -368.000000 -224.000000) (1728.000000 -368.000000 -212.000000) 
4 868 874 (1728.000000 -368.000000 -176.000000) (1712.000000 -368.000000 -176.000000) (1712.000000 -368.000000 -212.000000) (1728.000000 -368.000000 -212.000000) 
4 868 871 (1725.333333 -354.666667 -224.000000) (1720.000000 -360.000000 -224.000000) (1720.000000 -360.000000 -216.000000) (1725.333333 -354.666667 -216.000000) 
4 868 870 (1728.000000 -352.000000 -216.000000) (1728.000000 -352.000000 -224.000000) (1725.333333 -354.666667 -224.000000) (1725.333333 -354.666667 -216.000000) 
4 868 869 (1728.000000 -352.000000 -176.000000) (1728.000000 -352.000000 -216.000000) (1712.000000 -368.000000 -216.000000) (1712.000000 -368.000000 -176.000000) 
4 869 875 (1688.000000 -368.000000 -212.000000) (1688.000000 -368.000000 -216.000000) (1712.000000 -368.000000 -216.000000) (1712.000000 -368.000000 -212.000000) 
4 869 874 (1712.000000 -368.000000 -176.000000) (1688.000000 -368.000000 -176.000000) (1688.000000 -368.000000 -212.000000) (1712.000000 -368.000000 -212.000000) 
3 869 871 (1720.000000 -352.000000 -216.000000) (1725.333333 -354.666667 -216.000000) (1720.000000 -360.000000 -216.000000) 
5 869 870 (1704.000000 -344.000000 -216.000000) (1720.000000 -328.000000 -216.000000) (1728.000000 -328.000000 -216.000000) (1728.000000 -352.000000 -216.000000) (1725.333333 -354.666667 -216.000000) 
3 869 872 (1696.000000 -360.000000 -216.000000) (1692.000000 -356.000000 -216.000000) (1696.000000 -352.000000 -216.000000) 
4 869 873 (1704.000000 -368.000000 -216.000000) (1688.000000 -368.000000 -216.000000) (1688.000000 -360.000000 -216.000000) (1692.000000 -356.000000 -216.000000) 
5 869 883 (1688.000000 -360.000000 -216.000000) (1688.000000 -360.000000 -176.000000) (1712.000000 -336.000000 -176.000000) (1720.000000 -328.000000 -179.600000) (1720.000000 -328.000000 -216.000000) 
4 869 885 (1688.000000 -368.000000 -216.000000) (1688.000000 -368.000000 -176.000000) (1688.000000 -360.000000 -176.000000) (1688.000000 -360.000000 -216.000000) 
4 870 871 (1720.000000 -352.000000 -224.000000) (1725.333333 -354.666667 -224.000000) (1725.333333 -354.666667 -216.000000) (1720.000000 -352.000000 -216.000000) 
4 870 883 (1720.000000 -328.000000 -224.000000) (1704.000000 -344.000000 -224.000000) (1704.000000 -344.000000 -216.000000) (1720.000000 -328.000000 -216.000000) 
4 872 873 (1692.000000 -356.000000 -216.000000) (1692.000000 -356.000000 -224.000000) (1696.000000 -360.000000 -224.000000) (1696.000000 -360.000000 -216.000000) 
4 872 883 (1696.000000 -352.000000 -224.000000) (1692.000000 -356.000000 -224.000000) (1692.000000 -356.000000 -216.000000) (1696.000000 -352.000000 -216.000000) 
4 873 875 (1688.000000 -368.000000 -216.000000) (1688.000000 -368.000000 -224.000000) (1704.000000 -368.000000 -224.000000) (1704.000000 -368.000000 -216.000000) 
4 873 885 (1688.000000 -360.000000 -224.000000) (1688.000000 -368.000000 -224.000000) (1688.000000 -368.000000 -216.000000) (1688.000000 -360.000000 -216.000000) 
4 873 883 (1692.000000 -356.000000 -224.000000) (1688.000000 -360.000000 -224.000000) (1688.000000 -360.000000 -216.000000) (1692.000000 -356.000000 -216.000000) 
4 874 875 (1688.000000 -368.000000 -212.000000) (1728.000000 -368.000000 -212.000000) (1728.000000 -376.000000 -200.000000) (1688.000000 -376.000000 -200.000000) 
3 874 885 (1688.000000 -392.000000 -176.000000) (1688.000000 -368.000000 -176.000000) (1688.000000 -368.000000 -212.000000) 
4 875 885 (1688.000000 -368.000000 -224.000000) (1688.000000 -376.000000 -224.000000) (1688.000000 -376.000000 -200.000000) (1688.000000 -368.000000 -212.000000) 
4 876 877 (1688.000000 -472.000000 -224.000000) (1696.000000 -472.000000 -224.000000) (1696.000000 -472.000000 -176.000000) (1688.000000 -472.000000 -176.000000) 
4 876 885 (1688.000000 -464.000000 -224.000000) (1688.000000 -472.000000 -224.000000) (1688.000000 -472.000000 -176.000000) (1688.000000 -464.000000 -176.000000) 
5 877 880 (1696.000000 -487.873944 -176.000000) (1691.775010 -487.873952 -176.000000) (1688.000000 -485.919833 -183.292711) (1688.000000 -475.567013 -221.929003) (1696.000000 -475.567000 -221.929000) 
3 877 881 (1691.775010 -487.873952 -176.000000) (1688.000000 -487.873958 -176.000000) (1688.000000 -485.919833 -183.292711) 
4 877 882 (1688.000000 -475.012077 -224.000000) (1728.000000 -475.012009 -224.000000) (1728.000000 -475.566949 -221.928986) (1688.000000 -475.567013 -221.929003) 
4 877 885 (1688.000000 -472.000000 -224.000000) (1688.000000 -475.012077 -224.000000) (1688.000000 -487.873958 -176.000000) (1688.000000 -472.000000 -176.000000) 
3 878 889 (1728.000000 -504.000000 -128.000000) (1724.000000 -504.000000 -128.000000) (1728.000000 -504.000000 -140.000000) 
3 878 886 (1724.000000 -504.000000 -128.000000) (1717.044140 -504.000000 -128.000000) (1716.435209 -504.000000 -129.260798) 
4 878 879 (1712.571582 -504.000000 -137.260484) (1712.571822 -498.639334 -135.823910) (1724.000000 -496.272974 -144.654993) (1724.000000 -504.000000 -146.726000) 
3 878 884 (1728.000000 -503.171800 -149.817000) (1728.000000 -504.000000 -146.726237) (1724.000000 -504.000000 -146.726000) 
4 878 881 (1712.571582 -504.000000 -137.260484) (1717.044140 -504.000000 -128.000000) (1716.621802 -500.735790 -128.000000) (1712.571822 -498.639334 -135.823910) 
4 879 881 (1708.000457 -504.000000 -146.725054) (1712.571582 -504.000000 -137.260484) (1712.571822 -498.639334 -135.823910) (1708.000483 -496.273000 -144.655000) 
4 880 881 (1688.000000 -493.646381 -185.362590) (1696.000000 -497.787734 -169.907929) (1696.000000 -490.061000 -167.838000) (1688.000000 -485.919833 -183.292711) 
4 880 884 (1688.000000 -483.293112 -224.000000) (1696.000000 -483.293239 -224.000000) (1696.000000 -497.787734 -169.907929) (1688.000000 -493.646381 -185.362590) 
4 880 885 (1688.000000 -483.293112 -224.000000) (1688.000000 -493.646381 -185.362590) (1688.000000 -485.919833 -183.292711) (1688.000000 -475.567013 -221.929003) 
4 880 882 (1696.000000 -483.294000 -224.000000) (1688.000000 -483.294000 -224.000000) (1688.000000 -475.567013 -221.929003) (1696.000000 -475.567000 -221.929000) 
4 881 890 (1688.000000 -504.000000 -134.000000) (1688.000000 -504.000000 -146.723871) (1696.073507 -504.000000 -146.724348) (1700.000000 -504.000000 -132.000000) 
4 881 886 (1717.044140 -504.000000 -128.000000) (1688.000000 -504.000000 -128.000000) (1688.000000 -504.000000 -134.000000) (1716.435209 -504.000000 -129.260798) 
5 881 885 (1688.000000 -493.646381 -185.362590) (1688.000000 -504.000000 -146.723871) (1688.000000 -504.000000 -128.000000) (1688.000000 -500.735839 -128.000000) (1688.000000 -485.919833 -183.292711) 
3 881 884 (1708.000457 -504.000000 -146.725054) (1688.000000 -504.000000 -146.723871) (1688.000000 -493.646381 -185.362590) 
3 882 885 (1688.000000 -475.012077 -224.000000) (1688.000000 -483.293112 -224.000000) (1688.000000 -475.567013 -221.929003) 
4 883 885 (1688.000000 -328.000000 -224.000000) (1688.000000 -360.000000 -224.000000) (1688.000000 -360.000000 -165.200000) (1688.000000 -328.000000 -179.600000) 
3 884 890 (1696.073507 -504.000000 -146.724348) (1688.000000 -504.000000 -146.723871) (1688.000000 -504.000000 -177.000000) 
4 884 888 (1784.000000 -504.000000 -224.000000) (1792.000000 -504.000000 -224.000000) (1792.000000 -504.000000 -172.000000) (1772.000000 -504.000000 -152.000000) 
3 884 887 (1792.000000 -504.000000 -172.000000) (1792.000000 -504.000000 -146.730022) (1766.728527 -504.000000 -146.728527) 
3 884 885 (1688.000000 -483.293112 -224.000000) (1688.000000 -504.000000 -224.000000) (1688.000000 -504.000000 -146.723871) 
4 885 890 (1688.000000 -504.000000 -177.000000) (1688.000000 -504.000000 -134.000000) (1684.000000 -504.000000 -134.666667) (1684.000000 -504.000000 -192.000000) 
4 885 886 (1688.000000 -504.000000 -134.000000) (1688.000000 -504.000000 -128.000000) (1684.000000 -504.000000 -128.000000) (1684.000000 -504.000000 -134.666667) 
4 885 891 (1680.000000 -504.000000 -128.000000) (1680.000000 -504.000000 -224.000000) (1684.000000 -504.000000 -224.000000) (1684.000000 -504.000000 -128.000000) 
4 886 890 (1684.000000 -504.000000 -134.666667) (1700.000000 -504.000000 -132.000000) (1700.000000 -556.000000 -132.000000) (1684.000000 -556.000000 -134.666667) 
4 886 891 (1684.000000 -504.000000 -128.000000) (1684.000000 -504.000000 -134.666667) (1684.000000 -556.000000 -134.666667) (1684.000000 -556.000000 -128.000000) 
3 886 892 (1724.000000 -556.000000 -128.000000) (1684.000000 -556.000000 -128.000000) (1684.000000 -556.000000 -134.666667) 
4 887 888 (1792.000000 -556.000000 -172.000000) (1772.000000 -556.000000 -152.000000) (1772.000000 -504.000000 -152.000000) (1792.000000 -504.000000 -172.000000) 
3 887 892 (1792.000000 -556.000000 -172.000000) (1792.000000 -556.000000 -128.000000) (1748.000000 -556.000000 -128.000000) 
4 888 892 (1784.000000 -556.000000 -224.000000) (1792.000000 -556.000000 -224.000000) (1792.000000 -556.000000 -172.000000) (1772.000000 -556.000000 -152.000000) 
3 889 892 (1740.000000 -556.000000 -128.000000) (1724.000000 -556.000000 -128.000000) (1728.000000 -556.000000 -140.000000) 
3 890 892 (1700.000000 -556.000000 -132.000000) (1684.000000 -556.000000 -134.666667) (1684.000000 -556.000000 -192.000000) 
4 890 891 (1684.000000 -504.000000 -134.666667) (1684.000000 -504.000000 -192.000000) (1684.000000 -556.000000 -192.000000) (1684.000000 -556.000000 -134.666667) 
4 891 892 (1680.000000 -556.000000 -224.000000) (1684.000000 -556.000000 -224.000000) (1684.000000 -556.000000 -128.000000) (1680.000000 -556.000000 -128.000000) 
4 892 893 (1680.000000 -640.000000 -224.000000) (1680.000000 -752.000000 -224.000000) (1680.000000 -752.000000 -128.000000) (1680.000000 -640.000000 -128.000000) 
3 894 907 (1296.000000 128.000000 -64.000000) (1312.000000 144.000000 -64.000000) (1312.000000 128.000000 -64.000000) 
4 894 901 (1312.000000 144.000000 -64.000000) (1368.000000 200.000000 -64.000000) (1368.000000 128.000000 -64.000000) (1312.000000 128.000000 -64.000000) 
5 894 900 (1368.000000 200.000000 -64.000000) (1376.000000 208.000000 -64.000000) (1408.000000 208.000000 -64.000000) (1408.000000 128.000000 -64.000000) (1368.000000 128.000000 -64.000000) 
4 894 896 (1376.000000 208.000000 -64.000000) (1296.000000 128.000000 -64.000000) (1296.000000 128.000000 -40.000000) (1376.000000 208.000000 -40.000000) 
3 895 908 (1216.000000 0.000000 -64.000000) (1168.000000 0.000000 -64.000000) (1216.000000 48.000000 -64.000000) 
4 895 896 (1216.000000 48.000000 -64.000000) (1168.000000 -0.000000 -64.000000) (1168.000000 0.000000 -40.000000) (1216.000000 48.000000 -40.000000) 
4 896 905 (1264.000000 208.000000 -64.000000) (1312.000000 208.000000 -64.000000) (1312.000000 200.000000 -64.000000) (1264.000000 200.000000 -64.000000) 
4 896 907 (1312.000000 200.000000 -64.000000) (1312.000000 144.000000 -64.000000) (1232.000000 64.000000 -64.000000) (1232.000000 200.000000 -64.000000) 
4 896 901 (1312.000000 208.000000 -64.000000) (1368.000000 208.000000 -64.000000) (1368.000000 200.000000 -64.000000) (1312.000000 144.000000 -64.000000) 
3 896 900 (1368.000000 208.000000 -64.000000) (1376.000000 208.000000 -64.000000) (1368.000000 200.000000 -64.000000) 
5 896 908 (1168.000000 0.000000 -64.000000) (1088.000000 0.000000 -64.000000) (1088.000000 208.000000 -64.000000) (1232.000000 208.000000 -64.000000) (1232.000000 64.000000 -64.000000) 
4 896 898 (1088.000000 192.000000 -64.000000) (1088.000000 0.000000 -64.000000) (1088.000000 -0.000000 -40.000000) (1088.000000 192.000000 -40.000000) 
4 897 910 (640.000000 200.000000 -64.000000) (640.000000 208.000000 -64.000000) (816.000000 208.000000 -64.000000) (816.000000 200.000000 -64.000000) 
4 897 909 (848.000000 208.000000 -64.000000) (1024.000000 208.000000 -64.000000) (1024.000000 200.000000 -64.000000) (848.000000 200.000000 -64.000000) 
4 897 912 (640.000000 192.000000 -64.000000) (640.000000 200.000000 -64.000000) (1024.000000 200.000000 -64.000000) (1024.000000 192.000000 -64.000000) 
4 897 899 (640.000000 192.000000 -64.000000) (1024.000000 192.000000 -64.000000) (1024.000000 192.000000 -40.000000) (640.000000 192.000000 -40.000000) 
4 898 913 (1088.000000 0.000000 -64.000000) (1072.000000 0.000000 -64.000000) (1072.000000 192.000000 -64.000000) (1088.000000 192.000000 -64.000000) 
4 899 929 (1008.000000 0.000000 -40.000000) (640.000000 0.000000 -40.000000) (640.000000 0.000000 -64.000000) (1008.000000 0.000000 -64.000000) 
4 899 928 (1040.000000 0.000000 -40.000000) (1008.000000 0.000000 -40.000000) (1008.000000 0.000000 -64.000000) (1040.000000 0.000000 -64.000000) 
4 899 913 (1040.000000 0.000000 -64.000000) (640.000000 0.000000 -64.000000) (640.000000 192.000000 -64.000000) (1040.000000 192.000000 -64.000000) 
4 900 902 (1368.000000 64.000000 -224.000000) (1368.000000 48.000000 -224.000000) (1368.000000 48.000000 -68.000000) (1368.000000 64.000000 -68.000000) 
4 900 901 (1368.000000 240.000000 -224.000000) (1368.000000 64.000000 -224.000000) (1368.000000 64.000000 -64.000000) (1368.000000 240.000000 -64.000000) 
4 900 904 (1408.000000 48.000000 -224.000000) (1408.000000 48.000000 -64.000000) (1368.000000 48.000000 -64.000000) (1368.000000 48.000000 -224.000000) 
4 901 905 (1312.000000 200.000000 -64.000000) (1312.000000 240.000000 -64.000000) (1312.000000 240.000000 -224.000000) (1312.000000 200.000000 -224.000000) 
4 901 907 (1312.000000 64.000000 -64.000000) (1312.000000 200.000000 -64.000000) (1312.000000 200.000000 -224.000000) (1312.000000 64.000000 -224.000000) 
4 901 902 (1352.000000 64.000000 -68.000000) (1352.000000 64.000000 -224.000000) (1368.000000 64.000000 -224.000000) (1368.000000 64.000000 -68.000000) 
4 901 903 (1352.000000 64.000000 -64.000000) (1312.000000 64.000000 -64.000000) (1312.000000 64.000000 -224.000000) (1352.000000 64.000000 -224.000000) 
4 902 903 (1352.000000 64.000000 -224.000000) (1352.000000 48.000000 -224.000000) (1352.000000 48.000000 -68.000000) (1352.000000 64.000000 -68.000000) 
4 902 904 (1352.000000 48.000000 -68.000000) (1352.000000 48.000000 -224.000000) (1368.000000 48.000000 -224.000000) (1368.000000 48.000000 -68.000000) 
4 903 907 (1312.000000 48.000000 -64.000000) (1312.000000 64.000000 -64.000000) (1312.000000 64.000000 -224.000000) (1312.000000 48.000000 -224.000000) 
4 903 904 (1352.000000 48.000000 -64.000000) (1312.000000 48.000000 -64.000000) (1312.000000 48.000000 -224.000000) (1352.000000 48.000000 -224.000000) 
4 904 914 (1320.000000 0.000000 -224.000000) (1400.000000 0.000000 -224.000000) (1400.000000 0.000000 -128.000000) (1320.000000 0.000000 -128.000000) 
4 904 907 (1312.000000 0.000000 -224.000000) (1312.000000 -0.000000 -64.000000) (1312.000000 48.000000 -64.000000) (1312.000000 48.000000 -224.000000) 
4 905 906 (1264.000000 240.000000 -256.000000) (1264.000000 200.000000 -256.000000) (1264.000000 200.000000 -68.000000) (1264.000000 240.000000 -68.000000) 
4 905 907 (1264.000000 200.000000 -256.000000) (1312.000000 200.000000 -256.000000) (1312.000000 200.000000 -64.000000) (1264.000000 200.000000 -64.000000) 
4 906 908 (1232.000000 240.000000 -68.000000) (1232.000000 240.000000 -256.000000) (1232.000000 200.000000 -256.000000) (1232.000000 200.000000 -68.000000) 
4 906 907 (1232.000000 200.000000 -68.000000) (1232.000000 200.000000 -256.000000) (1264.000000 200.000000 -256.000000) (1264.000000 200.000000 -68.000000) 
4 907 908 (1232.000000 200.000000 -256.000000) (1232.000000 0.000000 -256.000000) (1232.000000 0.000000 -64.000000) (1232.000000 200.000000 -64.000000) 
4 908 915 (1108.000000 0.000000 -132.000000) (1108.000000 0.000000 -184.000000) (1196.000000 0.000000 -184.000000) (1196.000000 0.000000 -132.000000) 
4 908 913 (1088.000000 192.000000 -256.000000) (1088.000000 -0.000000 -256.000000) (1088.000000 -0.000000 -64.000000) (1088.000000 192.000000 -64.000000) 
4 909 911 (848.000000 240.000000 -256.000000) (848.000000 200.000000 -256.000000) (848.000000 200.000000 -68.000000) (848.000000 240.000000 -68.000000) 
4 909 912 (848.000000 200.000000 -256.000000) (1024.000000 200.000000 -256.000000) (1024.000000 200.000000 -64.000000) (848.000000 200.000000 -64.000000) 
4 910 911 (816.000000 200.000000 -68.000000) (640.000000 200.000000 -68.000000) (640.000000 240.000000 -68.000000) (816.000000 240.000000 -68.000000) 
4 910 912 (640.000000 200.000000 -64.000000) (640.000000 200.000000 -68.000000) (816.000000 200.000000 -68.000000) (816.000000 200.000000 -64.000000) 
4 911 912 (640.000000 200.000000 -68.000000) (640.000000 200.000000 -256.000000) (848.000000 200.000000 -256.000000) (848.000000 200.000000 -68.000000) 
4 912 913 (640.000000 192.000000 -64.000000) (640.000000 192.000000 -256.000000) (1024.000000 192.000000 -256.000000) (1024.000000 192.000000 -64.000000) 
4 913 931 (848.000000 0.000000 -64.000000) (640.000000 0.000000 -64.000000) (640.000000 0.000000 -256.000000) (848.000000 0.000000 -256.000000) 
4 913 930 (1008.000000 0.000000 -64.000000) (848.000000 0.000000 -64.000000) (848.000000 0.000000 -256.000000) (1008.000000 0.000000 -256.000000) 
4 913 916 (1040.000000 0.000000 -132.000000) (1040.000000 0.000000 -184.000000) (1068.000000 0.000000 -184.000000) (1068.000000 0.000000 -132.000000) 
4 913 928 (1040.000000 0.000000 -64.000000) (1008.000000 0.000000 -64.000000) (1008.000000 0.000000 -256.000000) (1040.000000 0.000000 -256.000000) 
4 914 921 (1352.000000 -16.000000 -128.000000) (1320.000000 -16.000000 -128.000000) (1320.000000 -16.000000 -224.000000) (1352.000000 -16.000000 -224.000000) 
4 914 918 (1400.000000 -16.000000 -128.000000) (1352.000000 -16.000000 -128.000000) (1352.000000 -16.000000 -224.000000) (1400.000000 -16.000000 -224.000000) 
4 915 923 (1120.000000 -16.000000 -132.000000) (1108.000000 -16.000000 -132.000000) (1108.000000 -16.000000 -184.000000) (1120.000000 -16.000000 -184.000000) 
4 915 921 (1196.000000 -16.000000 -184.000000) (1196.000000 -16.000000 -132.000000) (1120.000000 -16.000000 -132.000000) (1120.000000 -16.000000 -184.000000) 
4 916 924 (1024.000000 -16.000000 -132.000000) (1024.000000 -16.000000 -184.000000) (1040.000000 -16.000000 -184.000000) (1040.000000 -16.000000 -132.000000) 
4 916 923 (1040.000000 -16.000000 -184.000000) (1068.000000 -16.000000 -184.000000) (1068.000000 -16.000000 -132.000000) (1040.000000 -16.000000 -132.000000) 
4 916 928 (1040.000000 0.000000 -132.000000) (1040.000000 0.000000 -184.000000) (1024.000000 -16.000000 -184.000000) (1024.000000 -16.000000 -132.000000) 
4 917 918 (1440.000000 -128.000000 -224.000000) (1440.000000 -272.000000 -224.000000) (1440.000000 -272.000000 -96.000000) (1440.000000 -128.000000 -96.000000) 
4 918 919 (1352.000000 -112.000000 -96.000000) (1352.000000 -16.000000 -96.000000) (1352.000000 -16.000000 -100.000000) (1352.000000 -112.000000 -100.000000) 
4 918 921 (1352.000000 -16.000000 -100.000000) (1352.000000 -16.000000 -224.000000) (1352.000000 -176.000000 -224.000000) (1352.000000 -176.000000 -100.000000) 
4 918 922 (1352.000000 -272.000000 -224.000000) (1352.000000 -272.000000 -96.000000) (1352.000000 -176.000000 -96.000000) (1352.000000 -176.000000 -224.000000) 
4 919 923 (1120.000000 -16.000000 -96.000000) (1120.000000 -16.000000 -100.000000) (1120.000000 -112.000000 -100.000000) (1120.000000 -112.000000 -96.000000) 
4 919 920 (1344.000000 -112.000000 -96.000000) (1128.000000 -112.000000 -96.000000) (1128.000000 -112.000000 -100.000000) (1344.000000 -112.000000 -100.000000) 
4 919 921 (1120.000000 -112.000000 -100.000000) (1120.000000 -16.000000 -100.000000) (1352.000000 -16.000000 -100.000000) (1352.000000 -112.000000 -100.000000) 
4 920 921 (1128.000000 -112.000000 -100.000000) (1344.000000 -112.000000 -100.000000) (1344.000000 -176.000000 -100.000000) (1128.000000 -176.000000 -100.000000) 
4 920 922 (1344.000000 -176.000000 -96.000000) (1128.000000 -176.000000 -96.000000) (1128.000000 -176.000000 -100.000000) (1344.000000 -176.000000 -100.000000) 
4 921 923 (1120.000000 -16.000000 -100.000000) (1120.000000 -16.000000 -224.000000) (1120.000000 -176.000000 -224.000000) (1120.000000 -176.000000 -100.000000) 
4 921 922 (1120.000000 -176.000000 -224.000000) (1352.000000 -176.000000 -224.000000) (1352.000000 -176.000000 -100.000000) (1120.000000 -176.000000 -100.000000) 
4 922 923 (1120.000000 -176.000000 -224.000000) (1120.000000 -272.000000 -224.000000) (1120.000000 -272.000000 -96.000000) (1120.000000 -176.000000 -96.000000) 
4 923 926 (1024.000000 -188.000000 -132.000000) (1024.000000 -100.000000 -132.000000) (1024.000000 -100.000000 -184.000000) (1024.000000 -188.000000 -184.000000) 
4 923 925 (1024.000000 -60.000000 -132.000000) (1024.000000 -32.000000 -132.000000) (1024.000000 -32.000000 -184.000000) (1024.000000 -60.000000 -184.000000) 
4 923 924 (1040.000000 -16.000000 -132.000000) (1040.000000 -16.000000 -184.000000) (1024.000000 -32.000000 -184.000000) (1024.000000 -32.000000 -132.000000) 
4 924 925 (1024.000000 -16.000000 -132.000000) (1024.000000 -16.000000 -184.000000) (1024.000000 -32.000000 -184.000000) (1024.000000 -32.000000 -132.000000) 
4 925 930 (1008.000000 -32.000000 -132.000000) (1008.000000 -32.000000 -184.000000) (1008.000000 -60.000000 -184.000000) (1008.000000 -60.000000 -132.000000) 
4 925 928 (1008.000000 -32.000000 -184.000000) (1008.000000 -32.000000 -132.000000) (1024.000000 -16.000000 -132.000000) (1024.000000 -16.000000 -184.000000) 
4 926 930 (1008.000000 -100.000000 -184.000000) (1008.000000 -168.000000 -184.000000) (1008.000000 -168.000000 -132.000000) (1008.000000 -100.000000 -132.000000) 
4 926 934 (1008.000000 -168.000000 -184.000000) (1008.000000 -188.000000 -184.000000) (1008.000000 -188.000000 -132.000000) (1008.000000 -168.000000 -132.000000) 
4 927 935 (1008.000000 -272.000000 -64.000000) (1008.000000 -272.000000 -256.000000) (1024.000000 -272.000000 -256.000000) (1024.000000 -272.000000 -64.000000) 
4 927 934 (1008.000000 -272.000000 -256.000000) (1008.000000 -272.000000 -64.000000) (1008.000000 -256.000000 -64.000000) (1008.000000 -256.000000 -256.000000) 
4 928 930 (1008.000000 0.000000 -64.000000) (1008.000000 0.000000 -256.000000) (1008.000000 -32.000000 -256.000000) (1008.000000 -32.000000 -64.000000) 
4 928 929 (1008.000000 -32.000000 -40.000000) (1008.000000 -0.000000 -40.000000) (1008.000000 0.000000 -64.000000) (1008.000000 -32.000000 -64.000000) 
4 929 931 (640.000000 -32.000000 -64.000000) (640.000000 0.000000 -64.000000) (848.000000 0.000000 -64.000000) (848.000000 -32.000000 -64.000000) 
4 929 930 (848.000000 0.000000 -64.000000) (1008.000000 -0.000000 -64.000000) (1008.000000 -32.000000 -64.000000) (848.000000 -32.000000 -64.000000) 
4 930 932 (848.000000 -120.000000 -256.000000) (848.000000 -168.000000 -256.000000) (848.000000 -168.000000 -68.000000) (848.000000 -120.000000 -68.000000) 
4 930 931 (848.000000 0.000000 -64.000000) (848.000000 -0.000000 -256.000000) (848.000000 -120.000000 -256.000000) (848.000000 -120.000000 -64.000000) 
4 930 934 (1008.000000 -168.000000 -64.000000) (848.000000 -168.000000 -64.000000) (848.000000 -168.000000 -256.000000) (1008.000000 -168.000000 -256.000000) 
4 931 932 (816.000000 -120.000000 -68.000000) (816.000000 -120.000000 -256.000000) (848.000000 -120.000000 -256.000000) (848.000000 -120.000000 -68.000000) 
4 931 933 (816.000000 -120.000000 -64.000000) (640.000000 -120.000000 -64.000000) (640.000000 -120.000000 -256.000000) (816.000000 -120.000000 -256.000000) 
4 932 933 (816.000000 -120.000000 -256.000000) (816.000000 -168.000000 -256.000000) (816.000000 -168.000000 -68.000000) (816.000000 -120.000000 -68.000000) 
4 932 934 (816.000000 -168.000000 -68.000000) (816.000000 -168.000000 -256.000000) (848.000000 -168.000000 -256.000000) (848.000000 -168.000000 -68.000000) 
4 933 934 (816.000000 -168.000000 -64.000000) (640.000000 -168.000000 -64.000000) (640.000000 -168.000000 -256.000000) (816.000000 -168.000000 -256.000000) 
4 934 935 (640.000000 -272.000000 -64.000000) (640.000000 -272.000000 -256.000000) (1008.000000 -272.000000 -256.000000) (1008.000000 -272.000000 -64.000000) 
4 935 939 (640.000000 -360.000000 -64.000000) (640.000000 -360.000000 -256.000000) (688.000000 -360.000000 -256.000000) (688.000000 -360.000000 -64.000000) 
4 935 938 (704.000000 -360.000000 -256.000000) (960.000000 -360.000000 -256.000000) (960.000000 -360.000000 -96.000000) (704.000000 -360.000000 -96.000000) 
4 935 937 (976.000000 -360.000000 -80.000000) (976.000000 -360.000000 -64.000000) (688.000000 -360.000000 -64.000000) (688.000000 -360.000000 -80.000000) 
4 935 936 (976.000000 -360.000000 -256.000000) (1040.000000 -360.000000 -256.000000) (1040.000000 -360.000000 -64.000000) (976.000000 -360.000000 -64.000000) 
4 936 937 (976.000000 -368.000000 -80.000000) (976.000000 -368.000000 -64.000000) (976.000000 -360.000000 -64.000000) (976.000000 -360.000000 -80.000000) 
4 937 939 (688.000000 -368.000000 -64.000000) (688.000000 -360.000000 -64.000000) (688.000000 -360.000000 -80.000000) (688.000000 -368.000000 -80.000000) 
4 940 947 (103.000000 1280.000000 -92.000000) (-184.000000 1280.000000 -92.000000) (-184.000000 1280.000000 -96.000000) (104.000000 1280.000000 -96.000000) 
4 940 944 (-200.000000 1280.000000 -96.000000) (-200.000000 1326.000000 -96.000000) (-56.000000 1326.000000 -96.000000) (-56.000000 1280.000000 -96.000000) 
4 940 943 (-8.000000 1312.000000 -96.000000) (-8.000000 1280.000000 -96.000000) (-56.000000 1280.000000 -96.000000) (-56.000000 1312.000000 -96.000000) 
4 940 941 (-8.000000 1326.000000 -96.000000) (120.000000 1326.000000 -96.000000) (120.000000 1280.000000 -96.000000) (-8.000000 1280.000000 -96.000000) 
4 941 947 (-8.000000 1280.000000 -256.000000) (144.000000 1280.000000 -256.000000) (104.000000 1280.000000 -96.000000) (-8.000000 1280.000000 -96.000000) 
4 941 942 (-8.000000 1326.000000 -100.000000) (-8.000000 1326.000000 -256.000000) (-8.000000 1312.000000 -256.000000) (-8.000000 1312.000000 -100.000000) 
4 941 943 (-8.000000 1280.000000 -96.000000) (-8.000000 1312.000000 -96.000000) (-8.000000 1312.000000 -256.000000) (-8.000000 1280.000000 -256.000000) 
4 942 945 (-56.000000 1326.000000 -248.000000) (-56.000000 1326.000000 -256.000000) (-56.000000 1312.000000 -256.000000) (-56.000000 1312.000000 -248.000000) 
4 942 944 (-56.000000 1326.000000 -100.000000) (-56.000000 1326.000000 -248.000000) (-56.000000 1312.000000 -248.000000) (-56.000000 1312.000000 -100.000000) 
4 942 943 (-56.000000 1312.000000 -100.000000) (-56.000000 1312.000000 -256.000000) (-8.000000 1312.000000 -256.000000) (-8.000000 1312.000000 -100.000000) 
4 943 947 (-56.000000 1280.000000 -256.000000) (-8.000000 1280.000000 -256.000000) (-8.000000 1280.000000 -96.000000) (-56.000000 1280.000000 -96.000000) 
4 943 945 (-56.000000 1312.000000 -256.000000) (-56.000000 1296.000000 -256.000000) (-56.000000 1296.000000 -248.000000) (-56.000000 1312.000000 -248.000000) 
4 943 946 (-56.000000 1296.000000 -256.000000) (-56.000000 1280.000000 -256.000000) (-56.000000 1280.000000 -248.000000) (-56.000000 1296.000000 -248.000000) 
4 943 944 (-56.000000 1280.000000 -248.000000) (-56.000000 1280.000000 -96.000000) (-56.000000 1312.000000 -96.000000) (-56.000000 1312.000000 -248.000000) 
4 944 947 (-56.000000 1280.000000 -248.000000) (-56.000000 1280.000000 -96.000000) (-184.000000 1280.000000 -96.000000) (-184.000000 1280.000000 -248.000000) 
4 944 945 (-196.000000 1326.000000 -248.000000) (-56.000000 1326.000000 -248.000000) (-56.000000 1296.000000 -248.000000) (-196.000000 1296.000000 -248.000000) 
4 944 946 (-200.000000 1280.000000 -248.000000) (-200.000000 1296.000000 -248.000000) (-56.000000 1296.000000 -248.000000) (-56.000000 1280.000000 -248.000000) 
4 945 946 (-196.000000 1296.000000 -256.000000) (-56.000000 1296.000000 -256.000000) (-56.000000 1296.000000 -248.000000) (-196.000000 1296.000000 -248.000000) 
4 946 947 (-184.000000 1280.000000 -256.000000) (-56.000000 1280.000000 -256.000000) (-56.000000 1280.000000 -248.000000) (-184.000000 1280.000000 -248.000000) 
4 947 958 (-184.000000 1232.000000 -248.000000) (-184.000000 1232.000000 -256.000000) (-56.000000 1232.000000 -256.000000) (-56.000000 1232.000000 -248.000000) 
4 947 957 (-184.000000 1232.000000 -96.000000) (-184.000000 1232.000000 -248.000000) (-56.000000 1232.000000 -248.000000) (-56.000000 1232.000000 -96.000000) 
4 947 954 (-8.000000 1232.000000 -100.000000) (-8.000000 1232.000000 -96.000000) (-56.000000 1232.000000 -96.000000) (-56.000000 1232.000000 -100.000000) 
4 947 955 (-56.000000 1232.000000 -256.000000) (-8.000000 1232.000000 -256.000000) (-8.000000 1232.000000 -100.000000) (-56.000000 1232.000000 -100.000000) 
4 947 953 (-8.000000 1232.000000 -256.000000) (144.000000 1232.000000 -256.000000) (104.000000 1232.000000 -96.000000) (-8.000000 1232.000000 -96.000000) 
4 947 948 (103.000000 1232.000000 -92.000000) (-184.000000 1232.000000 -92.000000) (-184.000000 1232.000000 -96.000000) (104.000000 1232.000000 -96.000000) 
4 948 957 (-200.000000 1186.000000 -96.000000) (-200.000000 1232.000000 -96.000000) (-56.000000 1232.000000 -96.000000) (-56.000000 1186.000000 -96.000000) 
4 948 954 (-56.000000 1232.000000 -96.000000) (-8.000000 1232.000000 -96.000000) (-8.000000 1200.000000 -96.000000) (-56.000000 1200.000000 -96.000000) 
4 948 953 (-8.000000 1232.000000 -96.000000) (120.000000 1232.000000 -96.000000) (120.000000 1186.000000 -96.000000) (-8.000000 1186.000000 -96.000000) 
4 948 951 (-200.000000 1186.000000 -96.000000) (-48.000000 1186.000000 -96.000000) (-48.000000 1186.000000 -64.000000) (-200.000000 1186.000000 -64.000000) 
4 948 950 (-44.000000 1186.000000 -96.000000) (-20.000000 1186.000000 -96.000000) (-20.000000 1186.000000 -64.000000) (-44.000000 1186.000000 -64.000000) 
4 948 949 (-15.999142 1186.000000 -96.000000) (120.000000 1186.000000 -96.000000) (112.000000 1186.000000 -64.000000) (-15.999142 1186.000000 -64.000000) 
4 949 953 (-8.000000 1186.000000 -96.000000) (120.000000 1186.000000 -96.000000) (120.000000 1182.000000 -96.000000) (-8.000000 1182.000000 -96.000000) 
4 949 952 (120.000000 1182.000000 -96.000000) (112.000000 1182.000000 -64.000000) (-15.999142 1182.000000 -64.000000) (-15.999142 1182.000000 -96.000000) 
4 950 952 (-20.000000 1182.000000 -64.000000) (-44.000000 1182.000000 -64.000000) (-44.000000 1182.000000 -96.000000) (-20.000000 1182.000000 -96.000000) 
4 951 957 (-200.000000 1182.000000 -96.000000) (-200.000000 1186.000000 -96.000000) (-56.000000 1186.000000 -96.000000) (-56.000000 1182.000000 -96.000000) 
4 951 952 (-48.000000 1182.000000 -64.000000) (-200.000000 1182.000000 -64.000000) (-200.000000 1182.000000 -96.000000) (-48.000000 1182.000000 -96.000000) 
4 952 961 (103.000000 1136.000000 -92.000000) (-184.000000 1136.000000 -92.000000) (-184.000000 1136.000000 -96.000000) (104.000000 1136.000000 -96.000000) 
4 952 957 (-200.000000 1136.000000 -96.000000) (-200.000000 1182.000000 -96.000000) (-56.000000 1182.000000 -96.000000) (-56.000000 1136.000000 -96.000000) 
4 952 956 (-8.000000 1168.000000 -96.000000) (-8.000000 1136.000000 -96.000000) (-56.000000 1136.000000 -96.000000) (-56.000000 1168.000000 -96.000000) 
4 952 953 (-8.000000 1182.000000 -96.000000) (120.000000 1182.000000 -96.000000) (120.000000 1136.000000 -96.000000) (-8.000000 1136.000000 -96.000000) 
4 953 961 (-8.000000 1136.000000 -256.000000) (144.000000 1136.000000 -256.000000) (104.000000 1136.000000 -96.000000) (-8.000000 1136.000000 -96.000000) 
4 953 954 (-8.000000 1200.000000 -96.000000) (-8.000000 1232.000000 -96.000000) (-8.000000 1232.000000 -100.000000) (-8.000000 1200.000000 -100.000000) 
4 953 955 (-8.000000 1232.000000 -256.000000) (-8.000000 1168.000000 -256.000000) (-8.000000 1168.000000 -100.000000) (-8.000000 1232.000000 -100.000000) 
4 953 956 (-8.000000 1168.000000 -256.000000) (-8.000000 1136.000000 -256.000000) (-8.000000 1136.000000 -96.000000) (-8.000000 1168.000000 -96.000000) 
4 954 957 (-56.000000 1200.000000 -96.000000) (-56.000000 1232.000000 -96.000000) (-56.000000 1232.000000 -100.000000) (-56.000000 1200.000000 -100.000000) 
4 954 955 (-56.000000 1200.000000 -100.000000) (-56.000000 1232.000000 -100.000000) (-8.000000 1232.000000 -100.000000) (-8.000000 1200.000000 -100.000000) 
4 955 958 (-56.000000 1232.000000 -248.000000) (-56.000000 1232.000000 -256.000000) (-56.000000 1168.000000 -256.000000) (-56.000000 1168.000000 -248.000000) 
4 955 957 (-56.000000 1232.000000 -100.000000) (-56.000000 1232.000000 -248.000000) (-56.000000 1168.000000 -248.000000) (-56.000000 1168.000000 -100.000000) 
4 955 956 (-56.000000 1168.000000 -100.000000) (-56.000000 1168.000000 -256.000000) (-8.000000 1168.000000 -256.000000) (-8.000000 1168.000000 -100.000000) 
4 956 961 (-56.000000 1136.000000 -256.000000) (-8.000000 1136.000000 -256.000000) (-8.000000 1136.000000 -96.000000) (-56.000000 1136.000000 -96.000000) 
4 956 958 (-56.000000 1152.000000 -248.000000) (-56.000000 1168.000000 -248.000000) (-56.000000 1168.000000 -256.000000) (-56.000000 1152.000000 -256.000000) 
4 956 960 (-56.000000 1136.000000 -256.000000) (-56.000000 1136.000000 -248.000000) (-56.000000 1152.000000 -248.000000) (-56.000000 1152.000000 -256.000000) 
4 956 957 (-56.000000 1136.000000 -248.000000) (-56.000000 1136.000000 -96.000000) (-56.000000 1168.000000 -96.000000) (-56.000000 1168.000000 -248.000000) 
4 957 961 (-56.000000 1136.000000 -248.000000) (-56.000000 1136.000000 -96.000000) (-184.000000 1136.000000 -96.000000) (-184.000000 1136.000000 -248.000000) 
4 957 959 (-200.000000 1216.000000 -248.000000) (-200.000000 1232.000000 -248.000000) (-196.000000 1232.000000 -248.000000) (-196.000000 1216.000000 -248.000000) 
4 957 958 (-196.000000 1232.000000 -248.000000) (-56.000000 1232.000000 -248.000000) (-56.000000 1152.000000 -248.000000) (-196.000000 1152.000000 -248.000000) 
4 957 960 (-200.000000 1136.000000 -248.000000) (-200.000000 1152.000000 -248.000000) (-56.000000 1152.000000 -248.000000) (-56.000000 1136.000000 -248.000000) 
4 958 959 (-196.000000 1232.000000 -256.000000) (-196.000000 1216.000000 -256.000000) (-196.000000 1216.000000 -248.000000) (-196.000000 1232.000000 -248.000000) 
4 958 960 (-196.000000 1152.000000 -256.000000) (-56.000000 1152.000000 -256.000000) (-56.000000 1152.000000 -248.000000) (-196.000000 1152.000000 -248.000000) 
4 960 961 (-184.000000 1136.000000 -256.000000) (-56.000000 1136.000000 -256.000000) (-56.000000 1136.000000 -248.000000) (-184.000000 1136.000000 -248.000000) 
4 961 1003 (-184.000000 1088.000000 -256.000000) (-84.000000 1088.000000 -256.000000) (-84.000000 1088.000000 -92.000000) (-184.000000 1088.000000 -92.000000) 
4 961 987 (-84.000000 1088.000000 -256.000000) (144.000000 1088.000000 -256.000000) (103.000000 1088.000000 -92.000000) (-84.000000 1088.000000 -92.000000) 
4 962 967 (576.000000 872.000000 -256.000000) (576.000000 768.000000 -256.000000) (576.000000 768.000000 -96.000000) (576.000000 872.000000 -96.000000) 
4 962 963 (576.000000 1024.000000 -256.000000) (576.000000 872.000000 -256.000000) (576.000000 872.000000 -96.000000) (576.000000 1024.000000 -96.000000) 
4 963 967 (576.000000 872.000000 -256.000000) (576.000000 872.000000 -96.000000) (496.000000 872.000000 -96.000000) (496.000000 872.000000 -256.000000) 
4 963 965 (496.000000 920.000000 -256.000000) (496.000000 872.000000 -256.000000) (496.000000 872.000000 -100.000000) (496.000000 920.000000 -100.000000) 
4 963 964 (496.000000 1024.000000 -96.000000) (496.000000 1024.000000 -256.000000) (496.000000 920.000000 -256.000000) (496.000000 920.000000 -96.000000) 
4 964 968 (384.000000 1024.000000 -256.000000) (384.000000 920.000000 -256.000000) (384.000000 920.000000 -96.000000) (384.000000 1024.000000 -96.000000) 
4 964 965 (464.000000 920.000000 -100.000000) (464.000000 920.000000 -256.000000) (496.000000 920.000000 -256.000000) (496.000000 920.000000 -100.000000) 
4 964 966 (464.000000 920.000000 -96.000000) (384.000000 920.000000 -96.000000) (384.000000 920.000000 -256.000000) (464.000000 920.000000 -256.000000) 
4 965 967 (464.000000 872.000000 -100.000000) (464.000000 872.000000 -256.000000) (496.000000 872.000000 -256.000000) (496.000000 872.000000 -100.000000) 
4 965 966 (464.000000 920.000000 -256.000000) (464.000000 872.000000 -256.000000) (464.000000 872.000000 -100.000000) (464.000000 920.000000 -100.000000) 
4 966 968 (384.000000 920.000000 -256.000000) (384.000000 872.000000 -256.000000) (384.000000 872.000000 -96.000000) (384.000000 920.000000 -96.000000) 
4 966 967 (464.000000 872.000000 -96.000000) (384.000000 872.000000 -96.000000) (384.000000 872.000000 -256.000000) (464.000000 872.000000 -256.000000) 
4 967 968 (384.000000 872.000000 -256.000000) (384.000000 768.000000 -256.000000) (384.000000 768.000000 -96.000000) (384.000000 872.000000 -96.000000) 
4 968 969 (288.000000 1088.000000 -256.000000) (288.000000 704.000000 -256.000000) (288.000000 704.000000 -64.000000) (288.000000 1088.000000 -64.000000) 
4 969 970 (256.000000 1088.000000 -256.000000) (256.000000 704.000000 -256.000000) (256.000000 704.000000 -64.000000) (256.000000 1088.000000 -64.000000) 
4 970 982 (220.000000 704.000000 -76.000000) (220.000000 704.000000 -72.000000) (220.000000 816.000000 -72.000000) (220.000000 816.000000 -76.000000) 
4 970 981 (220.000000 848.000000 -72.000000) (220.000000 944.000000 -72.000000) (220.000000 944.000000 -76.000000) (220.000000 848.000000 -76.000000) 
4 970 980 (220.000000 976.000000 -72.000000) (220.000000 1088.000000 -72.000000) (220.000000 1088.000000 -76.000000) (220.000000 976.000000 -76.000000) 
4 970 983 (220.000000 1088.000000 -256.000000) (220.000000 704.000000 -256.000000) (220.000000 704.000000 -76.000000) (220.000000 1088.000000 -76.000000) 
4 970 971 (220.000000 704.000000 -72.000000) (220.000000 704.000000 -40.000000) (220.000000 1088.000000 -40.000000) (220.000000 1088.000000 -72.000000) 
4 971 982 (220.000000 816.000000 -72.000000) (220.000000 704.000000 -72.000000) (212.000000 704.000000 -72.000000) (212.000000 816.000000 -72.000000) 
4 971 981 (220.000000 944.000000 -72.000000) (220.000000 848.000000 -72.000000) (212.000000 848.000000 -72.000000) (212.000000 944.000000 -72.000000) 
4 971 980 (212.000000 1088.000000 -72.000000) (220.000000 1088.000000 -72.000000) (220.000000 976.000000 -72.000000) (212.000000 976.000000 -72.000000) 
4 971 973 (212.000000 958.000000 -72.000000) (212.000000 834.000000 -72.000000) (212.000000 834.000000 -40.000000) (212.000000 958.000000 -40.000000) 
4 971 974 (212.000000 830.000000 -72.000000) (212.000000 704.000000 -72.000000) (212.000000 704.000000 -40.000000) (212.000000 830.000000 -40.000000) 
4 971 972 (212.000000 1088.000000 -40.000000) (212.000000 1088.000000 -72.000000) (212.000000 962.000000 -72.000000) (212.000000 962.000000 -40.000000) 
4 972 980 (208.000000 1088.000000 -72.000000) (212.000000 1088.000000 -72.000000) (212.000000 976.000000 -72.000000) (208.000000 976.000000 -72.000000) 
4 972 975 (208.000000 962.000000 -40.000000) (208.000000 1088.000000 -40.000000) (208.000000 1088.000000 -72.000000) (208.000000 962.000000 -72.000000) 
4 973 981 (212.000000 944.000000 -72.000000) (212.000000 848.000000 -72.000000) (208.000000 848.000000 -72.000000) (208.000000 944.000000 -72.000000) 
4 973 975 (208.000000 834.000000 -40.000000) (208.000000 958.000000 -40.000000) (208.000000 958.000000 -72.000000) (208.000000 834.000000 -72.000000) 
4 974 982 (212.000000 816.000000 -72.000000) (212.000000 704.000000 -72.000000) (208.000000 704.000000 -72.000000) (208.000000 816.000000 -72.000000) 
4 974 975 (208.000000 704.000000 -72.000000) (208.000000 704.000000 -40.000000) (208.000000 830.000000 -40.000000) (208.000000 830.000000 -72.000000) 
4 975 982 (208.000000 816.000000 -72.000000) (208.000000 704.000000 -72.000000) (184.000000 704.000000 -72.000000) (184.000000 816.000000 -72.000000) 
4 975 981 (208.000000 944.000000 -72.000000) (208.000000 848.000000 -72.000000) (184.000000 848.000000 -72.000000) (184.000000 944.000000 -72.000000) 
4 975 980 (184.000000 1088.000000 -72.000000) (208.000000 1088.000000 -72.000000) (208.000000 976.000000 -72.000000) (184.000000 976.000000 -72.000000) 
4 975 977 (184.000000 958.000000 -72.000000) (184.000000 834.000000 -72.000000) (184.000000 834.000000 -40.000000) (184.000000 958.000000 -40.000000) 
4 975 976 (184.000000 1088.000000 -40.000000) (184.000000 1088.000000 -72.000000) (184.000000 962.000000 -72.000000) (184.000000 962.000000 -40.000000) 
4 975 978 (184.000000 830.000000 -72.000000) (184.000000 704.000000 -72.000000) (184.000000 704.000000 -40.000000) (184.000000 830.000000 -40.000000) 
4 976 980 (180.000000 1088.000000 -72.000000) (184.000000 1088.000000 -72.000000) (184.000000 976.000000 -72.000000) (180.000000 976.000000 -72.000000) 
4 976 979 (180.000000 962.000000 -40.000000) (180.000000 1088.000000 -40.000000) (180.000000 1088.000000 -72.000000) (180.000000 962.000000 -72.000000) 
4 977 981 (184.000000 944.000000 -72.000000) (184.000000 848.000000 -72.000000) (180.000000 848.000000 -72.000000) (180.000000 944.000000 -72.000000) 
4 977 979 (180.000000 834.000000 -40.000000) (180.000000 958.000000 -40.000000) (180.000000 958.000000 -72.000000) (180.000000 834.000000 -72.000000) 
4 978 982 (184.000000 816.000000 -72.000000) (184.000000 704.000000 -72.000000) (180.000000 704.000000 -72.000000) (180.000000 816.000000 -72.000000) 
4 978 979 (180.000000 704.000000 -72.000000) (180.000000 704.000000 -40.000000) (180.000000 830.000000 -40.000000) (180.000000 830.000000 -72.000000) 
4 979 984 (172.000000 1088.000000 -40.000000) (172.000000 1088.000000 -64.000000) (172.000000 704.000000 -64.000000) (172.000000 704.000000 -40.000000) 
4 979 987 (172.000000 1088.000000 -64.000000) (172.000000 1088.000000 -72.000000) (172.000000 704.000000 -72.000000) (172.000000 704.000000 -64.000000) 
4 979 982 (172.000000 704.000000 -72.000000) (172.000000 816.000000 -72.000000) (180.000000 816.000000 -72.000000) (180.000000 704.000000 -72.000000) 
4 979 981 (172.000000 848.000000 -72.000000) (172.000000 944.000000 -72.000000) (180.000000 944.000000 -72.000000) (180.000000 848.000000 -72.000000) 
4 979 980 (172.000000 976.000000 -72.000000) (172.000000 1088.000000 -72.000000) (180.000000 1088.000000 -72.000000) (180.000000 976.000000 -72.000000) 
4 980 987 (172.000000 1088.000000 -72.000000) (172.000000 1088.000000 -76.000000) (172.000000 976.000000 -76.000000) (172.000000 976.000000 -72.000000) 
4 980 983 (172.000000 976.000000 -76.000000) (172.000000 1088.000000 -76.000000) (220.000000 1088.000000 -76.000000) (220.000000 976.000000 -76.000000) 
4 981 987 (172.000000 944.000000 -76.000000) (172.000000 848.000000 -76.000000) (172.000000 848.000000 -72.000000) (172.000000 944.000000 -72.000000) 
4 981 983 (172.000000 848.000000 -76.000000) (172.000000 944.000000 -76.000000) (220.000000 944.000000 -76.000000) (220.000000 848.000000 -76.000000) 
4 982 987 (172.000000 816.000000 -76.000000) (172.000000 704.000000 -76.000000) (172.000000 704.000000 -72.000000) (172.000000 816.000000 -72.000000) 
4 982 983 (220.000000 704.000000 -76.000000) (172.000000 704.000000 -76.000000) (172.000000 816.000000 -76.000000) (220.000000 816.000000 -76.000000) 
4 983 987 (172.000000 1088.000000 -76.000000) (172.000000 1088.000000 -256.000000) (172.000000 704.000000 -256.000000) (172.000000 704.000000 -76.000000) 
4 984 987 (136.000000 1088.000000 -64.000000) (172.000000 1088.000000 -64.000000) (172.000000 704.000000 -64.000000) (136.000000 704.000000 -64.000000) 
4 985 987 (-15.999142 1088.000000 -64.000000) (104.000000 1088.000000 -64.000000) (104.000000 704.000000 -64.000000) (-15.999142 704.000000 -64.000000) 
4 986 988 (-84.000000 704.000000 -64.000000) (-84.000000 704.000000 -40.000000) (-84.000000 1088.000000 -40.000000) (-84.000000 1088.000000 -64.000000) 
4 986 987 (-84.000000 704.000000 -64.000000) (-84.000000 1088.000000 -64.000000) (-48.000000 1088.000000 -64.000000) (-48.000000 704.000000 -64.000000) 
4 987 1001 (-84.000000 704.000000 -76.000000) (-84.000000 704.000000 -72.000000) (-84.000000 816.000000 -72.000000) (-84.000000 816.000000 -76.000000) 
4 987 1000 (-84.000000 848.000000 -72.000000) (-84.000000 944.000000 -72.000000) (-84.000000 944.000000 -76.000000) (-84.000000 848.000000 -76.000000) 
4 987 999 (-84.000000 976.000000 -72.000000) (-84.000000 1088.000000 -72.000000) (-84.000000 1088.000000 -76.000000) (-84.000000 976.000000 -76.000000) 
4 987 1003 (-84.000000 1088.000000 -256.000000) (-84.000000 704.000000 -256.000000) (-84.000000 704.000000 -76.000000) (-84.000000 1088.000000 -76.000000) 
4 987 988 (-84.000000 704.000000 -72.000000) (-84.000000 704.000000 -64.000000) (-84.000000 1088.000000 -64.000000) (-84.000000 1088.000000 -72.000000) 
4 988 1001 (-84.000000 816.000000 -72.000000) (-84.000000 704.000000 -72.000000) (-92.000000 704.000000 -72.000000) (-92.000000 816.000000 -72.000000) 
4 988 1000 (-84.000000 944.000000 -72.000000) (-84.000000 848.000000 -72.000000) (-92.000000 848.000000 -72.000000) (-92.000000 944.000000 -72.000000) 
4 988 999 (-92.000000 1088.000000 -72.000000) (-84.000000 1088.000000 -72.000000) (-84.000000 976.000000 -72.000000) (-92.000000 976.000000 -72.000000) 
4 988 990 (-92.000000 958.000000 -72.000000) (-92.000000 834.000000 -72.000000) (-92.000000 834.000000 -40.000000) (-92.000000 958.000000 -40.000000) 
4 988 991 (-92.000000 830.000000 -72.000000) (-92.000000 704.000000 -72.000000) (-92.000000 704.000000 -40.000000) (-92.000000 830.000000 -40.000000) 
4 988 989 (-92.000000 1088.000000 -40.000000) (-92.000000 1088.000000 -72.000000) (-92.000000 962.000000 -72.000000) (-92.000000 962.000000 -40.000000) 
4 989 999 (-96.000000 1088.000000 -72.000000) (-92.000000 1088.000000 -72.000000) (-92.000000 976.000000 -72.000000) (-96.000000 976.000000 -72.000000) 
4 989 992 (-96.000000 962.000000 -40.000000) (-96.000000 1088.000000 -40.000000) (-96.000000 1088.000000 -72.000000) (-96.000000 962.000000 -72.000000) 
4 990 1000 (-92.000000 944.000000 -72.000000) (-92.000000 848.000000 -72.000000) (-96.000000 848.000000 -72.000000) (-96.000000 944.000000 -72.000000) 
4 990 992 (-96.000000 834.000000 -40.000000) (-96.000000 958.000000 -40.000000) (-96.000000 958.000000 -72.000000) (-96.000000 834.000000 -72.000000) 
4 991 1001 (-92.000000 816.000000 -72.000000) (-92.000000 704.000000 -72.000000) (-96.000000 704.000000 -72.000000) (-96.000000 816.000000 -72.000000) 
4 991 992 (-96.000000 704.000000 -72.000000) (-96.000000 704.000000 -40.000000) (-96.000000 830.000000 -40.000000) (-96.000000 830.000000 -72.000000) 
4 992 1001 (-96.000000 816.000000 -72.000000) (-96.000000 704.000000 -72.000000) (-120.000000 704.000000 -72.000000) (-120.000000 816.000000 -72.000000) 
4 992 1000 (-96.000000 944.000000 -72.000000) (-96.000000 848.000000 -72.000000) (-120.000000 848.000000 -72.000000) (-120.000000 944.000000 -72.000000) 
4 992 999 (-120.000000 1088.000000 -72.000000) (-96.000000 1088.000000 -72.000000) (-96.000000 976.000000 -72.000000) (-120.000000 976.000000 -72.000000) 
4 992 994 (-120.000000 834.000000 -40.000000) (-120.000000 958.000000 -40.000000) (-120.000000 958.000000 -72.000000) (-120.000000 834.000000 -72.000000) 
4 992 993 (-120.000000 962.000000 -40.000000) (-120.000000 1088.000000 -40.000000) (-120.000000 1088.000000 -72.000000) (-120.000000 962.000000 -72.000000) 
4 992 995 (-120.000000 704.000000 -72.000000) (-120.000000 704.000000 -40.000000) (-120.000000 830.000000 -40.000000) (-120.000000 830.000000 -72.000000) 
4 993 999 (-124.000000 1088.000000 -72.000000) (-120.000000 1088.000000 -72.000000) (-120.000000 976.000000 -72.000000) (-124.000000 976.000000 -72.000000) 
4 993 996 (-124.000000 1088.000000 -40.000000) (-124.000000 1088.000000 -64.000000) (-124.000000 962.000000 -64.000000) (-124.000000 962.000000 -40.000000) 
4 993 998 (-124.000000 1088.000000 -64.000000) (-124.000000 1088.000000 -72.000000) (-124.000000 962.000000 -72.000000) (-124.000000 962.000000 -64.000000) 
4 994 1000 (-120.000000 944.000000 -72.000000) (-120.000000 848.000000 -72.000000) (-124.000000 848.000000 -72.000000) (-124.000000 944.000000 -72.000000) 
4 994 996 (-124.000000 834.000000 -64.000000) (-124.000000 834.000000 -40.000000) (-124.000000 958.000000 -40.000000) (-124.000000 958.000000 -64.000000) 
4 994 998 (-124.000000 958.000000 -72.000000) (-124.000000 834.000000 -72.000000) (-124.000000 834.000000 -64.000000) (-124.000000 958.000000 -64.000000) 
4 995 1001 (-120.000000 816.000000 -72.000000) (-120.000000 704.000000 -72.000000) (-124.000000 704.000000 -72.000000) (-124.000000 816.000000 -72.000000) 
4 995 996 (-124.000000 704.000000 -64.000000) (-124.000000 704.000000 -40.000000) (-124.000000 830.000000 -40.000000) (-124.000000 830.000000 -64.000000) 
4 995 998 (-124.000000 830.000000 -72.000000) (-124.000000 704.000000 -72.000000) (-124.000000 704.000000 -64.000000) (-124.000000 830.000000 -64.000000) 
4 996 998 (-168.000000 1088.000000 -64.000000) (-124.000000 1088.000000 -64.000000) (-124.000000 704.000000 -64.000000) (-168.000000 704.000000 -64.000000) 
4 997 1010 (-256.000000 704.000000 -64.000000) (-256.000000 704.000000 -40.000000) (-256.000000 768.000000 -40.000000) (-256.000000 768.000000 -64.000000) 
4 997 1004 (-256.000000 768.000000 -40.000000) (-256.000000 1088.000000 -40.000000) (-256.000000 1088.000000 -64.000000) (-256.000000 768.000000 -64.000000) 
4 997 998 (-256.000000 704.000000 -64.000000) (-256.000000 1088.000000 -64.000000) (-200.000000 1088.000000 -64.000000) (-200.000000 704.000000 -64.000000) 
4 998 1010 (-256.000000 704.000000 -72.000000) (-256.000000 704.000000 -64.000000) (-256.000000 768.000000 -64.000000) (-256.000000 768.000000 -72.000000) 
4 998 1004 (-256.000000 768.000000 -64.000000) (-256.000000 1088.000000 -64.000000) (-256.000000 1088.000000 -72.000000) (-256.000000 768.000000 -72.000000) 
4 998 1001 (-124.000000 816.000000 -72.000000) (-124.000000 704.000000 -72.000000) (-132.000000 704.000000 -72.000000) (-132.000000 816.000000 -72.000000) 
4 998 1000 (-124.000000 944.000000 -72.000000) (-124.000000 848.000000 -72.000000) (-132.000000 848.000000 -72.000000) (-132.000000 944.000000 -72.000000) 
4 998 999 (-132.000000 1088.000000 -72.000000) (-124.000000 1088.000000 -72.000000) (-124.000000 976.000000 -72.000000) (-132.000000 976.000000 -72.000000) 
4 998 1002 (-256.000000 1088.000000 -72.000000) (-132.000000 1088.000000 -72.000000) (-132.000000 704.000000 -72.000000) (-256.000000 704.000000 -72.000000) 
4 999 1002 (-132.000000 1088.000000 -72.000000) (-132.000000 1088.000000 -76.000000) (-132.000000 976.000000 -76.000000) (-132.000000 976.000000 -72.000000) 
4 999 1003 (-132.000000 976.000000 -76.000000) (-132.000000 1088.000000 -76.000000) (-84.000000 1088.000000 -76.000000) (-84.000000 976.000000 -76.000000) 
4 1000 1002 (-132.000000 944.000000 -76.000000) (-132.000000 848.000000 -76.000000) (-132.000000 848.000000 -72.000000) (-132.000000 944.000000 -72.000000) 
4 1000 1003 (-132.000000 848.000000 -76.000000) (-132.000000 944.000000 -76.000000) (-84.000000 944.000000 -76.000000) (-84.000000 848.000000 -76.000000) 
4 1001 1002 (-132.000000 816.000000 -76.000000) (-132.000000 704.000000 -76.000000) (-132.000000 704.000000 -72.000000) (-132.000000 816.000000 -72.000000) 
4 1001 1003 (-84.000000 704.000000 -76.000000) (-132.000000 704.000000 -76.000000) (-132.000000 816.000000 -76.000000) (-84.000000 816.000000 -76.000000) 
4 1002 1010 (-256.000000 704.000000 -76.000000) (-256.000000 704.000000 -72.000000) (-256.000000 768.000000 -72.000000) (-256.000000 768.000000 -76.000000) 
4 1002 1004 (-256.000000 768.000000 -72.000000) (-256.000000 1088.000000 -72.000000) (-256.000000 1088.000000 -76.000000) (-256.000000 768.000000 -76.000000) 
4 1002 1003 (-132.000000 704.000000 -76.000000) (-256.000000 704.000000 -76.000000) (-256.000000 1088.000000 -76.000000) (-132.000000 1088.000000 -76.000000) 
4 1003 1010 (-256.000000 768.000000 -256.000000) (-256.000000 704.000000 -256.000000) (-256.000000 704.000000 -76.000000) (-256.000000 768.000000 -76.000000) 
4 1003 1004 (-256.000000 1088.000000 -256.000000) (-256.000000 768.000000 -256.000000) (-256.000000 768.000000 -76.000000) (-256.000000 1088.000000 -76.000000) 
4 1004 1010 (-320.000000 768.000000 -256.000000) (-256.000000 768.000000 -256.000000) (-256.000000 768.000000 -40.000000) (-320.000000 768.000000 -40.000000) 
4 1004 1006 (-320.000000 872.000000 -100.000000) (-320.000000 872.000000 -96.000000) (-320.000000 920.000000 -96.000000) (-320.000000 920.000000 -100.000000) 
4 1004 1005 (-320.000000 920.000000 -96.000000) (-320.000000 1024.000000 -96.000000) (-320.000000 1024.000000 -100.000000) (-320.000000 920.000000 -100.000000) 
4 1004 1008 (-320.000000 1024.000000 -256.000000) (-320.000000 872.000000 -256.000000) (-320.000000 872.000000 -100.000000) (-320.000000 1024.000000 -100.000000) 
4 1004 1009 (-320.000000 872.000000 -256.000000) (-320.000000 768.000000 -256.000000) (-320.000000 768.000000 -96.000000) (-320.000000 872.000000 -96.000000) 
4 1005 1011 (-512.000000 920.000000 -96.000000) (-512.000000 1024.000000 -96.000000) (-512.000000 1024.000000 -100.000000) (-512.000000 920.000000 -100.000000) 
4 1005 1007 (-432.000000 920.000000 -96.000000) (-512.000000 920.000000 -96.000000) (-512.000000 920.000000 -100.000000) (-432.000000 920.000000 -100.000000) 
4 1005 1006 (-320.000000 920.000000 -100.000000) (-320.000000 920.000000 -96.000000) (-400.000000 920.000000 -96.000000) (-400.000000 920.000000 -100.000000) 
4 1005 1008 (-512.000000 920.000000 -100.000000) (-512.000000 1024.000000 -100.000000) (-320.000000 1024.000000 -100.000000) (-320.000000 920.000000 -100.000000) 
4 1006 1009 (-320.000000 872.000000 -100.000000) (-320.000000 872.000000 -96.000000) (-400.000000 872.000000 -96.000000) (-400.000000 872.000000 -100.000000) 
4 1006 1008 (-400.000000 920.000000 -100.000000) (-320.000000 920.000000 -100.000000) (-320.000000 872.000000 -100.000000) (-400.000000 872.000000 -100.000000) 
4 1007 1011 (-512.000000 872.000000 -100.000000) (-512.000000 872.000000 -96.000000) (-512.000000 920.000000 -96.000000) (-512.000000 920.000000 -100.000000) 
4 1007 1008 (-512.000000 872.000000 -100.000000) (-512.000000 920.000000 -100.000000) (-432.000000 920.000000 -100.000000) (-432.000000 872.000000 -100.000000) 
4 1007 1009 (-432.000000 872.000000 -96.000000) (-512.000000 872.000000 -96.000000) (-512.000000 872.000000 -100.000000) (-432.000000 872.000000 -100.000000) 
4 1008 1011 (-512.000000 1024.000000 -256.000000) (-512.000000 872.000000 -256.000000) (-512.000000 872.000000 -100.000000) (-512.000000 1024.000000 -100.000000) 
4 1008 1009 (-320.000000 872.000000 -256.000000) (-320.000000 872.000000 -100.000000) (-512.000000 872.000000 -100.000000) (-512.000000 872.000000 -256.000000) 
4 1009 1011 (-512.000000 872.000000 -256.000000) (-512.000000 768.000000 -256.000000) (-512.000000 768.000000 -96.000000) (-512.000000 872.000000 -96.000000) 
4 1011 1038 (-576.000000 1088.000000 -256.000000) (-576.000000 704.000000 -256.000000) (-576.000000 704.000000 -72.000000) (-576.000000 1088.000000 -72.000000) 
4 1011 1013 (-576.000000 704.000000 -64.000000) (-576.000000 704.000000 -40.000000) (-576.000000 1088.000000 -40.000000) (-576.000000 1088.000000 -64.000000) 
4 1011 1014 (-576.000000 704.000000 -72.000000) (-576.000000 704.000000 -64.000000) (-576.000000 1088.000000 -64.000000) (-576.000000 1088.000000 -72.000000) 
4 1012 1047 (-736.000000 1088.000000 -72.000000) (-1088.000000 1088.000000 -72.000000) (-1088.000000 1184.000000 -72.000000) (-736.000000 1184.000000 -72.000000) 
4 1012 1045 (-712.000000 1088.000000 -72.000000) (-736.000000 1088.000000 -72.000000) (-736.000000 1184.000000 -72.000000) (-712.000000 1184.000000 -72.000000) 
4 1012 1039 (-664.000000 1088.000000 -72.000000) (-712.000000 1088.000000 -72.000000) (-712.000000 1184.000000 -72.000000) (-664.000000 1184.000000 -72.000000) 
4 1012 1038 (-576.000000 1184.000000 -72.000000) (-576.000000 1088.000000 -72.000000) (-664.000000 1088.000000 -72.000000) (-664.000000 1184.000000 -72.000000) 
4 1012 1037 (-1088.000000 1216.000000 -72.000000) (-576.000000 1216.000000 -72.000000) (-576.000000 1184.000000 -72.000000) (-1088.000000 1184.000000 -72.000000) 
4 1012 1035 (-1024.000000 1088.000000 -72.000000) (-960.000000 1088.000000 -72.000000) (-960.000000 1088.000000 -64.000000) (-1024.000000 1088.000000 -64.000000) 
4 1012 1036 (-1088.000000 1088.000000 -72.000000) (-1024.000000 1088.000000 -72.000000) (-1024.000000 1088.000000 -64.000000) (-1088.000000 1088.000000 -64.000000) 
4 1012 1031 (-960.000000 1088.000000 -72.000000) (-956.000000 1088.000000 -72.000000) (-956.000000 1088.000000 -64.000000) (-960.000000 1088.000000 -64.000000) 
4 1012 1027 (-932.000000 1088.000000 -72.000000) (-928.000000 1088.000000 -72.000000) (-928.000000 1088.000000 -64.000000) (-932.000000 1088.000000 -64.000000) 
4 1012 1030 (-956.000000 1088.000000 -72.000000) (-932.000000 1088.000000 -72.000000) (-932.000000 1088.000000 -64.000000) (-956.000000 1088.000000 -64.000000) 
4 1012 1026 (-928.000000 1088.000000 -72.000000) (-704.000000 1088.000000 -72.000000) (-704.000000 1088.000000 -64.000000) (-928.000000 1088.000000 -64.000000) 
4 1012 1020 (-704.000000 1088.000000 -72.000000) (-700.000000 1088.000000 -72.000000) (-700.000000 1088.000000 -64.000000) (-704.000000 1088.000000 -64.000000) 
4 1012 1016 (-676.000000 1088.000000 -72.000000) (-672.000000 1088.000000 -72.000000) (-672.000000 1088.000000 -64.000000) (-676.000000 1088.000000 -64.000000) 
4 1012 1019 (-700.000000 1088.000000 -72.000000) (-676.000000 1088.000000 -72.000000) (-676.000000 1088.000000 -64.000000) (-700.000000 1088.000000 -64.000000) 
4 1012 1014 (-640.000000 1088.000000 -72.000000) (-576.000000 1088.000000 -72.000000) (-576.000000 1088.000000 -64.000000) (-640.000000 1088.000000 -64.000000) 
4 1012 1015 (-672.000000 1088.000000 -72.000000) (-640.000000 1088.000000 -72.000000) (-640.000000 1088.000000 -64.000000) (-672.000000 1088.000000 -64.000000) 
4 1013 1014 (-576.000000 704.000000 -64.000000) (-608.000000 704.000000 -64.000000) (-608.000000 1088.000000 -64.000000) (-576.000000 1088.000000 -64.000000) 
4 1014 1038 (-576.000000 1088.000000 -72.000000) (-576.000000 704.000000 -72.000000) (-640.000000 704.000000 -72.000000) (-640.000000 1088.000000 -72.000000) 
4 1014 1015 (-640.000000 1088.000000 -72.000000) (-640.000000 704.000000 -72.000000) (-640.000000 704.000000 -64.000000) (-640.000000 1088.000000 -64.000000) 
4 1015 1043 (-664.000000 704.000000 -72.000000) (-672.000000 704.000000 -72.000000) (-672.000000 800.000000 -72.000000) (-664.000000 800.000000 -72.000000) 
4 1015 1042 (-672.000000 832.000000 -72.000000) (-672.000000 960.000000 -72.000000) (-664.000000 960.000000 -72.000000) (-664.000000 832.000000 -72.000000) 
4 1015 1041 (-672.000000 992.000000 -72.000000) (-672.000000 1088.000000 -72.000000) (-664.000000 1088.000000 -72.000000) (-664.000000 992.000000 -72.000000) 
4 1015 1038 (-640.000000 704.000000 -72.000000) (-664.000000 704.000000 -72.000000) (-664.000000 1088.000000 -72.000000) (-640.000000 1088.000000 -72.000000) 
4 1015 1017 (-672.000000 974.000000 -72.000000) (-672.000000 818.000000 -72.000000) (-672.000000 818.000000 -40.000000) (-672.000000 974.000000 -40.000000) 
4 1015 1018 (-672.000000 814.000000 -72.000000) (-672.000000 704.000000 -72.000000) (-672.000000 704.000000 -40.000000) (-672.000000 814.000000 -40.000000) 
4 1015 1016 (-672.000000 1088.000000 -40.000000) (-672.000000 1088.000000 -72.000000) (-672.000000 978.000000 -72.000000) (-672.000000 978.000000 -40.000000) 
4 1016 1041 (-676.000000 992.000000 -72.000000) (-676.000000 1088.000000 -72.000000) (-672.000000 1088.000000 -72.000000) (-672.000000 992.000000 -72.000000) 
4 1016 1019 (-676.000000 1088.000000 -40.000000) (-676.000000 1088.000000 -72.000000) (-676.000000 978.000000 -72.000000) (-676.000000 978.000000 -40.000000) 
4 1017 1042 (-676.000000 832.000000 -72.000000) (-676.000000 960.000000 -72.000000) (-672.000000 960.000000 -72.000000) (-672.000000 832.000000 -72.000000) 
4 1017 1019 (-676.000000 974.000000 -72.000000) (-676.000000 818.000000 -72.000000) (-676.000000 818.000000 -40.000000) (-676.000000 974.000000 -40.000000) 
4 1018 1043 (-672.000000 704.000000 -72.000000) (-676.000000 704.000000 -72.000000) (-676.000000 800.000000 -72.000000) (-672.000000 800.000000 -72.000000) 
4 1018 1019 (-676.000000 814.000000 -72.000000) (-676.000000 704.000000 -72.000000) (-676.000000 704.000000 -40.000000) (-676.000000 814.000000 -40.000000) 
4 1019 1043 (-676.000000 704.000000 -72.000000) (-700.000000 704.000000 -72.000000) (-700.000000 800.000000 -72.000000) (-676.000000 800.000000 -72.000000) 
4 1019 1042 (-700.000000 832.000000 -72.000000) (-700.000000 960.000000 -72.000000) (-676.000000 960.000000 -72.000000) (-676.000000 832.000000 -72.000000) 
4 1019 1041 (-700.000000 992.000000 -72.000000) (-700.000000 1088.000000 -72.000000) (-676.000000 1088.000000 -72.000000) (-676.000000 992.000000 -72.000000) 
4 1019 1021 (-700.000000 974.000000 -72.000000) (-700.000000 818.000000 -72.000000) (-700.000000 818.000000 -40.000000) (-700.000000 974.000000 -40.000000) 
4 1019 1022 (-700.000000 814.000000 -72.000000) (-700.000000 704.000000 -72.000000) (-700.000000 704.000000 -40.000000) (-700.000000 814.000000 -40.000000) 
4 1019 1020 (-700.000000 1088.000000 -72.000000) (-700.000000 978.000000 -72.000000) (-700.000000 978.000000 -40.000000) (-700.000000 1088.000000 -40.000000) 
4 1020 1041 (-704.000000 992.000000 -72.000000) (-704.000000 1088.000000 -72.000000) (-700.000000 1088.000000 -72.000000) (-700.000000 992.000000 -72.000000) 
4 1020 1023 (-704.000000 1088.000000 -40.000000) (-704.000000 1088.000000 -64.000000) (-704.000000 978.000000 -64.000000) (-704.000000 978.000000 -40.000000) 
4 1020 1026 (-704.000000 1088.000000 -64.000000) (-704.000000 1088.000000 -72.000000) (-704.000000 978.000000 -72.000000) (-704.000000 978.000000 -64.000000) 
4 1021 1042 (-704.000000 832.000000 -72.000000) (-704.000000 960.000000 -72.000000) (-700.000000 960.000000 -72.000000) (-700.000000 832.000000 -72.000000) 
4 1021 1023 (-704.000000 818.000000 -64.000000) (-704.000000 818.000000 -40.000000) (-704.000000 974.000000 -40.000000) (-704.000000 974.000000 -64.000000) 
4 1021 1026 (-704.000000 974.000000 -72.000000) (-704.000000 818.000000 -72.000000) (-704.000000 818.000000 -64.000000) (-704.000000 974.000000 -64.000000) 
4 1022 1043 (-700.000000 704.000000 -72.000000) (-704.000000 704.000000 -72.000000) (-704.000000 800.000000 -72.000000) (-700.000000 800.000000 -72.000000) 
4 1022 1023 (-704.000000 704.000000 -64.000000) (-704.000000 704.000000 -40.000000) (-704.000000 814.000000 -40.000000) (-704.000000 814.000000 -64.000000) 
4 1022 1026 (-704.000000 814.000000 -72.000000) (-704.000000 704.000000 -72.000000) (-704.000000 704.000000 -64.000000) (-704.000000 814.000000 -64.000000) 
4 1023 1026 (-736.000000 1088.000000 -64.000000) (-704.000000 1088.000000 -64.000000) (-704.000000 704.000000 -64.000000) (-736.000000 704.000000 -64.000000) 
4 1024 1026 (-864.000000 1088.000000 -64.000000) (-768.000000 1088.000000 -64.000000) (-768.000000 704.000000 -64.000000) (-864.000000 704.000000 -64.000000) 
4 1025 1028 (-928.000000 974.000000 -64.000000) (-928.000000 818.000000 -64.000000) (-928.000000 818.000000 -40.000000) (-928.000000 974.000000 -40.000000) 
4 1025 1029 (-928.000000 814.000000 -64.000000) (-928.000000 704.000000 -64.000000) (-928.000000 704.000000 -40.000000) (-928.000000 814.000000 -40.000000) 
4 1025 1027 (-928.000000 1088.000000 -40.000000) (-928.000000 1088.000000 -64.000000) (-928.000000 978.000000 -64.000000) (-928.000000 978.000000 -40.000000) 
4 1025 1026 (-928.000000 1088.000000 -64.000000) (-896.000000 1088.000000 -64.000000) (-896.000000 704.000000 -64.000000) (-928.000000 704.000000 -64.000000) 
4 1026 1057 (-712.000000 704.000000 -72.000000) (-928.000000 704.000000 -72.000000) (-928.000000 752.000000 -72.000000) (-712.000000 752.000000 -72.000000) 
4 1026 1052 (-928.000000 752.000000 -72.000000) (-928.000000 800.000000 -72.000000) (-920.000000 800.000000 -72.000000) (-920.000000 752.000000 -72.000000) 
4 1026 1051 (-928.000000 832.000000 -72.000000) (-928.000000 960.000000 -72.000000) (-920.000000 960.000000 -72.000000) (-920.000000 832.000000 -72.000000) 
4 1026 1050 (-928.000000 992.000000 -72.000000) (-928.000000 1040.000000 -72.000000) (-920.000000 1040.000000 -72.000000) (-920.000000 992.000000 -72.000000) 
4 1026 1049 (-920.000000 1040.000000 -72.000000) (-736.000000 1040.000000 -72.000000) (-736.000000 752.000000 -72.000000) (-920.000000 752.000000 -72.000000) 
4 1026 1047 (-928.000000 1040.000000 -72.000000) (-928.000000 1088.000000 -72.000000) (-736.000000 1088.000000 -72.000000) (-736.000000 1040.000000 -72.000000) 
4 1026 1045 (-736.000000 1088.000000 -72.000000) (-712.000000 1088.000000 -72.000000) (-712.000000 752.000000 -72.000000) (-736.000000 752.000000 -72.000000) 
4 1026 1043 (-704.000000 704.000000 -72.000000) (-712.000000 704.000000 -72.000000) (-712.000000 800.000000 -72.000000) (-704.000000 800.000000 -72.000000) 
4 1026 1042 (-712.000000 832.000000 -72.000000) (-712.000000 960.000000 -72.000000) (-704.000000 960.000000 -72.000000) (-704.000000 832.000000 -72.000000) 
4 1026 1041 (-712.000000 992.000000 -72.000000) (-712.000000 1088.000000 -72.000000) (-704.000000 1088.000000 -72.000000) (-704.000000 992.000000 -72.000000) 
4 1026 1028 (-928.000000 974.000000 -72.000000) (-928.000000 818.000000 -72.000000) (-928.000000 818.000000 -64.000000) (-928.000000 974.000000 -64.000000) 
4 1026 1029 (-928.000000 814.000000 -72.000000) (-928.000000 704.000000 -72.000000) (-928.000000 704.000000 -64.000000) (-928.000000 814.000000 -64.000000) 
4 1026 1027 (-928.000000 1088.000000 -64.000000) (-928.000000 1088.000000 -72.000000) (-928.000000 978.000000 -72.000000) (-928.000000 978.000000 -64.000000) 
4 1027 1050 (-932.000000 992.000000 -72.000000) (-932.000000 1040.000000 -72.000000) (-928.000000 1040.000000 -72.000000) (-928.000000 992.000000 -72.000000) 
4 1027 1047 (-932.000000 1040.000000 -72.000000) (-932.000000 1088.000000 -72.000000) (-928.000000 1088.000000 -72.000000) (-928.000000 1040.000000 -72.000000) 
4 1027 1030 (-932.000000 1088.000000 -72.000000) (-932.000000 978.000000 -72.000000) (-932.000000 978.000000 -40.000000) (-932.000000 1088.000000 -40.000000) 
4 1028 1051 (-932.000000 832.000000 -72.000000) (-932.000000 960.000000 -72.000000) (-928.000000 960.000000 -72.000000) (-928.000000 832.000000 -72.000000) 
4 1028 1030 (-932.000000 974.000000 -72.000000) (-932.000000 818.000000 -72.000000) (-932.000000 818.000000 -40.000000) (-932.000000 974.000000 -40.000000) 
4 1029 1057 (-928.000000 704.000000 -72.000000) (-932.000000 704.000000 -72.000000) (-932.000000 752.000000 -72.000000) (-928.000000 752.000000 -72.000000) 
4 1029 1052 (-932.000000 752.000000 -72.000000) (-932.000000 800.000000 -72.000000) (-928.000000 800.000000 -72.000000) (-928.000000 752.000000 -72.000000) 
4 1029 1030 (-932.000000 814.000000 -72.000000) (-932.000000 704.000000 -72.000000) (-932.000000 704.000000 -40.000000) (-932.000000 814.000000 -40.000000) 
4 1030 1057 (-932.000000 704.000000 -72.000000) (-956.000000 704.000000 -72.000000) (-956.000000 752.000000 -72.000000) (-932.000000 752.000000 -72.000000) 
4 1030 1052 (-956.000000 752.000000 -72.000000) (-956.000000 800.000000 -72.000000) (-932.000000 800.000000 -72.000000) (-932.000000 752.000000 -72.000000) 
4 1030 1051 (-956.000000 832.000000 -72.000000) (-956.000000 960.000000 -72.000000) (-932.000000 960.000000 -72.000000) (-932.000000 832.000000 -72.000000) 
4 1030 1050 (-956.000000 992.000000 -72.000000) (-956.000000 1040.000000 -72.000000) (-932.000000 1040.000000 -72.000000) (-932.000000 992.000000 -72.000000) 
4 1030 1047 (-956.000000 1040.000000 -72.000000) (-956.000000 1088.000000 -72.000000) (-932.000000 1088.000000 -72.000000) (-932.000000 1040.000000 -72.000000) 
4 1030 1032 (-956.000000 974.000000 -72.000000) (-956.000000 818.000000 -72.000000) (-956.000000 818.000000 -40.000000) (-956.000000 974.000000 -40.000000) 
4 1030 1033 (-956.000000 814.000000 -72.000000) (-956.000000 704.000000 -72.000000) (-956.000000 704.000000 -40.000000) (-956.000000 814.000000 -40.000000) 
4 1030 1031 (-956.000000 1088.000000 -72.000000) (-956.000000 978.000000 -72.000000) (-956.000000 978.000000 -40.000000) (-956.000000 1088.000000 -40.000000) 
4 1031 1050 (-960.000000 992.000000 -72.000000) (-960.000000 1040.000000 -72.000000) (-956.000000 1040.000000 -72.000000) (-956.000000 992.000000 -72.000000) 
4 1031 1047 (-960.000000 1040.000000 -72.000000) (-960.000000 1088.000000 -72.000000) (-956.000000 1088.000000 -72.000000) (-956.000000 1040.000000 -72.000000) 
4 1031 1034 (-960.000000 1088.000000 -40.000000) (-960.000000 1088.000000 -64.000000) (-960.000000 978.000000 -64.000000) (-960.000000 978.000000 -40.000000) 
4 1031 1035 (-960.000000 1088.000000 -64.000000) (-960.000000 1088.000000 -72.000000) (-960.000000 978.000000 -72.000000) (-960.000000 978.000000 -64.000000) 
4 1032 1051 (-960.000000 832.000000 -72.000000) (-960.000000 960.000000 -72.000000) (-956.000000 960.000000 -72.000000) (-956.000000 832.000000 -72.000000) 
4 1032 1034 (-960.000000 818.000000 -64.000000) (-960.000000 818.000000 -40.000000) (-960.000000 974.000000 -40.000000) (-960.000000 974.000000 -64.000000) 
4 1032 1035 (-960.000000 974.000000 -72.000000) (-960.000000 818.000000 -72.000000) (-960.000000 818.000000 -64.000000) (-960.000000 974.000000 -64.000000) 
4 1033 1057 (-956.000000 704.000000 -72.000000) (-960.000000 704.000000 -72.000000) (-960.000000 752.000000 -72.000000) (-956.000000 752.000000 -72.000000) 
4 1033 1052 (-960.000000 752.000000 -72.000000) (-960.000000 800.000000 -72.000000) (-956.000000 800.000000 -72.000000) (-956.000000 752.000000 -72.000000) 
4 1033 1034 (-960.000000 704.000000 -64.000000) (-960.000000 704.000000 -40.000000) (-960.000000 814.000000 -40.000000) (-960.000000 814.000000 -64.000000) 
4 1033 1035 (-960.000000 814.000000 -72.000000) (-960.000000 704.000000 -72.000000) (-960.000000 704.000000 -64.000000) (-960.000000 814.000000 -64.000000) 
4 1034 1035 (-960.000000 704.000000 -64.000000) (-992.000000 704.000000 -64.000000) (-992.000000 1088.000000 -64.000000) (-960.000000 1088.000000 -64.000000) 
4 1035 1057 (-960.000000 704.000000 -72.000000) (-1024.000000 704.000000 -72.000000) (-1024.000000 752.000000 -72.000000) (-960.000000 752.000000 -72.000000) 
4 1035 1052 (-960.000000 800.000000 -72.000000) (-960.000000 752.000000 -72.000000) (-968.000000 752.000000 -72.000000) (-968.000000 800.000000 -72.000000) 
4 1035 1051 (-960.000000 960.000000 -72.000000) (-960.000000 832.000000 -72.000000) (-968.000000 832.000000 -72.000000) (-968.000000 960.000000 -72.000000) 
4 1035 1050 (-968.000000 1040.000000 -72.000000) (-960.000000 1040.000000 -72.000000) (-960.000000 992.000000 -72.000000) (-968.000000 992.000000 -72.000000) 
4 1035 1053 (-1024.000000 752.000000 -72.000000) (-1024.000000 1040.000000 -72.000000) (-968.000000 1040.000000 -72.000000) (-968.000000 752.000000 -72.000000) 
4 1035 1047 (-1024.000000 1040.000000 -72.000000) (-1024.000000 1088.000000 -72.000000) (-960.000000 1088.000000 -72.000000) (-960.000000 1040.000000 -72.000000) 
4 1035 1036 (-1024.000000 1088.000000 -72.000000) (-1024.000000 704.000000 -72.000000) (-1024.000000 704.000000 -64.000000) (-1024.000000 1088.000000 -64.000000) 
4 1036 1057 (-1024.000000 704.000000 -72.000000) (-1088.000000 704.000000 -72.000000) (-1088.000000 752.000000 -72.000000) (-1024.000000 752.000000 -72.000000) 
4 1036 1055 (-1088.000000 752.000000 -72.000000) (-1088.000000 1040.000000 -72.000000) (-1080.000000 1040.000000 -72.000000) (-1080.000000 752.000000 -72.000000) 
4 1036 1053 (-1080.000000 1040.000000 -72.000000) (-1024.000000 1040.000000 -72.000000) (-1024.000000 752.000000 -72.000000) (-1080.000000 752.000000 -72.000000) 
4 1036 1047 (-1088.000000 1040.000000 -72.000000) (-1088.000000 1088.000000 -72.000000) (-1024.000000 1088.000000 -72.000000) (-1024.000000 1040.000000 -72.000000) 
4 1037 1047 (-736.000000 1184.000000 -72.000000) (-1088.000000 1184.000000 -72.000000) (-1088.000000 1184.000000 -216.000000) (-736.000000 1184.000000 -216.000000) 
4 1037 1045 (-712.000000 1184.000000 -72.000000) (-736.000000 1184.000000 -72.000000) (-736.000000 1184.000000 -216.000000) (-712.000000 1184.000000 -216.000000) 
4 1037 1039 (-664.000000 1184.000000 -72.000000) (-712.000000 1184.000000 -72.000000) (-712.000000 1184.000000 -216.000000) (-664.000000 1184.000000 -216.000000) 
4 1037 1038 (-576.000000 1184.000000 -72.000000) (-664.000000 1184.000000 -72.000000) (-664.000000 1184.000000 -216.000000) (-576.000000 1184.000000 -216.000000) 
4 1038 1043 (-664.000000 704.000000 -76.000000) (-664.000000 704.000000 -72.000000) (-664.000000 800.000000 -72.000000) (-664.000000 800.000000 -76.000000) 
4 1038 1042 (-664.000000 832.000000 -72.000000) (-664.000000 960.000000 -72.000000) (-664.000000 960.000000 -76.000000) (-664.000000 832.000000 -76.000000) 
4 1038 1041 (-664.000000 992.000000 -72.000000) (-664.000000 1088.000000 -72.000000) (-664.000000 1088.000000 -76.000000) (-664.000000 992.000000 -76.000000) 
4 1038 1044 (-664.000000 1088.000000 -256.000000) (-664.000000 704.000000 -256.000000) (-664.000000 704.000000 -76.000000) (-664.000000 1088.000000 -76.000000) 
4 1038 1040 (-664.000000 1088.000000 -248.000000) (-664.000000 1088.000000 -240.000000) (-664.000000 1184.000000 -240.000000) (-664.000000 1184.000000 -248.000000) 
4 1038 1039 (-664.000000 1088.000000 -240.000000) (-664.000000 1088.000000 -72.000000) (-664.000000 1184.000000 -72.000000) (-664.000000 1184.000000 -240.000000) 
4 1039 1045 (-712.000000 1184.000000 -72.000000) (-712.000000 1184.000000 -232.000000) (-712.000000 1088.000000 -232.000000) (-712.000000 1088.000000 -72.000000) 
4 1039 1041 (-712.000000 1088.000000 -72.000000) (-712.000000 1088.000000 -76.000000) (-664.000000 1088.000000 -76.000000) (-664.000000 1088.000000 -72.000000) 
4 1039 1044 (-712.000000 1088.000000 -76.000000) (-712.000000 1088.000000 -240.000000) (-664.000000 1088.000000 -240.000000) (-664.000000 1088.000000 -76.000000) 
4 1039 1040 (-688.000000 1184.000000 -240.000000) (-664.000000 1184.000000 -240.000000) (-664.000000 1088.000000 -240.000000) (-688.000000 1088.000000 -240.000000) 
4 1040 1044 (-664.000000 1088.000000 -248.000000) (-664.000000 1088.000000 -240.000000) (-688.000000 1088.000000 -240.000000) (-688.000000 1088.000000 -248.000000) 
4 1041 1045 (-712.000000 992.000000 -72.000000) (-712.000000 1088.000000 -72.000000) (-712.000000 1088.000000 -76.000000) (-712.000000 992.000000 -76.000000) 
4 1041 1044 (-712.000000 1088.000000 -76.000000) (-664.000000 1088.000000 -76.000000) (-664.000000 992.000000 -76.000000) (-712.000000 992.000000 -76.000000) 
4 1042 1045 (-712.000000 832.000000 -72.000000) (-712.000000 960.000000 -72.000000) (-712.000000 960.000000 -76.000000) (-712.000000 832.000000 -76.000000) 
4 1042 1044 (-664.000000 960.000000 -76.000000) (-664.000000 832.000000 -76.000000) (-712.000000 832.000000 -76.000000) (-712.000000 960.000000 -76.000000) 
4 1043 1057 (-712.000000 704.000000 -76.000000) (-712.000000 704.000000 -72.000000) (-712.000000 752.000000 -72.000000) (-712.000000 752.000000 -76.000000) 
4 1043 1045 (-712.000000 752.000000 -72.000000) (-712.000000 800.000000 -72.000000) (-712.000000 800.000000 -76.000000) (-712.000000 752.000000 -76.000000) 
4 1043 1044 (-664.000000 800.000000 -76.000000) (-664.000000 704.000000 -76.000000) (-712.000000 704.000000 -76.000000) (-712.000000 800.000000 -76.000000) 
4 1044 1057 (-712.000000 752.000000 -256.000000) (-712.000000 704.000000 -256.000000) (-712.000000 704.000000 -76.000000) (-712.000000 752.000000 -76.000000) 
4 1044 1046 (-712.000000 1088.000000 -256.000000) (-712.000000 752.000000 -256.000000) (-712.000000 752.000000 -232.000000) (-712.000000 1088.000000 -232.000000) 
4 1044 1045 (-712.000000 752.000000 -232.000000) (-712.000000 752.000000 -76.000000) (-712.000000 1088.000000 -76.000000) (-712.000000 1088.000000 -232.000000) 
4 1045 1057 (-712.000000 752.000000 -232.000000) (-712.000000 752.000000 -72.000000) (-736.000000 752.000000 -72.000000) (-736.000000 752.000000 -232.000000) 
4 1045 1049 (-736.000000 752.000000 -76.000000) (-736.000000 752.000000 -72.000000) (-736.000000 1040.000000 -72.000000) (-736.000000 1040.000000 -76.000000) 
4 1045 1054 (-736.000000 1040.000000 -232.000000) (-736.000000 752.000000 -232.000000) (-736.000000 752.000000 -76.000000) (-736.000000 1040.000000 -76.000000) 
4 1045 1048 (-736.000000 1088.000000 -232.000000) (-736.000000 1040.000000 -232.000000) (-736.000000 1040.000000 -224.000000) (-736.000000 1088.000000 -224.000000) 
4 1045 1047 (-736.000000 1184.000000 -72.000000) (-736.000000 1184.000000 -224.000000) (-736.000000 1040.000000 -224.000000) (-736.000000 1040.000000 -72.000000) 
4 1045 1046 (-712.000000 752.000000 -232.000000) (-736.000000 752.000000 -232.000000) (-736.000000 1088.000000 -232.000000) (-712.000000 1088.000000 -232.000000) 
4 1046 1057 (-712.000000 752.000000 -256.000000) (-712.000000 752.000000 -232.000000) (-736.000000 752.000000 -232.000000) (-736.000000 752.000000 -256.000000) 
4 1046 1054 (-736.000000 1040.000000 -256.000000) (-736.000000 752.000000 -256.000000) (-736.000000 752.000000 -232.000000) (-736.000000 1040.000000 -232.000000) 
4 1046 1048 (-736.000000 1088.000000 -256.000000) (-736.000000 1040.000000 -256.000000) (-736.000000 1040.000000 -232.000000) (-736.000000 1088.000000 -232.000000) 
4 1047 1055 (-1080.000000 1040.000000 -72.000000) (-1088.000000 1040.000000 -72.000000) (-1088.000000 1040.000000 -80.000000) (-1080.000000 1040.000000 -80.000000) 
4 1047 1050 (-920.000000 1040.000000 -72.000000) (-968.000000 1040.000000 -72.000000) (-968.000000 1040.000000 -76.000000) (-920.000000 1040.000000 -76.000000) 
4 1047 1049 (-736.000000 1040.000000 -76.000000) (-736.000000 1040.000000 -72.000000) (-920.000000 1040.000000 -72.000000) (-920.000000 1040.000000 -76.000000) 
4 1047 1053 (-968.000000 1040.000000 -72.000000) (-1080.000000 1040.000000 -72.000000) (-1080.000000 1040.000000 -76.000000) (-968.000000 1040.000000 -76.000000) 
4 1047 1054 (-736.000000 1040.000000 -224.000000) (-736.000000 1040.000000 -76.000000) (-1080.000000 1040.000000 -76.000000) (-1080.000000 1040.000000 -224.000000) 
4 1047 1048 (-736.000000 1040.000000 -224.000000) (-1088.000000 1040.000000 -224.000000) (-1088.000000 1088.000000 -224.000000) (-736.000000 1088.000000 -224.000000) 
4 1048 1054 (-736.000000 1040.000000 -256.000000) (-736.000000 1040.000000 -224.000000) (-1080.000000 1040.000000 -224.000000) (-1080.000000 1040.000000 -256.000000) 
4 1049 1057 (-736.000000 752.000000 -72.000000) (-920.000000 752.000000 -72.000000) (-920.000000 752.000000 -76.000000) (-736.000000 752.000000 -76.000000) 
4 1049 1052 (-920.000000 800.000000 -76.000000) (-920.000000 752.000000 -76.000000) (-920.000000 752.000000 -72.000000) (-920.000000 800.000000 -72.000000) 
4 1049 1051 (-920.000000 960.000000 -76.000000) (-920.000000 832.000000 -76.000000) (-920.000000 832.000000 -72.000000) (-920.000000 960.000000 -72.000000) 
4 1049 1050 (-920.000000 1040.000000 -76.000000) (-920.000000 992.000000 -76.000000) (-920.000000 992.000000 -72.000000) (-920.000000 1040.000000 -72.000000) 
4 1049 1054 (-920.000000 1040.000000 -76.000000) (-736.000000 1040.000000 -76.000000) (-736.000000 752.000000 -76.000000) (-920.000000 752.000000 -76.000000) 
4 1050 1053 (-968.000000 1040.000000 -72.000000) (-968.000000 1040.000000 -76.000000) (-968.000000 992.000000 -76.000000) (-968.000000 992.000000 -72.000000) 
4 1050 1054 (-968.000000 1040.000000 -76.000000) (-920.000000 1040.000000 -76.000000) (-920.000000 992.000000 -76.000000) (-968.000000 992.000000 -76.000000) 
4 1051 1054 (-920.000000 960.000000 -76.000000) (-920.000000 832.000000 -76.000000) (-968.000000 832.000000 -76.000000) (-968.000000 960.000000 -76.000000) 
4 1051 1053 (-968.000000 960.000000 -76.000000) (-968.000000 832.000000 -76.000000) (-968.000000 832.000000 -72.000000) (-968.000000 960.000000 -72.000000) 
4 1052 1057 (-920.000000 752.000000 -72.000000) (-968.000000 752.000000 -72.000000) (-968.000000 752.000000 -76.000000) (-920.000000 752.000000 -76.000000) 
4 1052 1053 (-968.000000 800.000000 -76.000000) (-968.000000 752.000000 -76.000000) (-968.000000 752.000000 -72.000000) (-968.000000 800.000000 -72.000000) 
4 1052 1054 (-920.000000 800.000000 -76.000000) (-920.000000 752.000000 -76.000000) (-968.000000 752.000000 -76.000000) (-968.000000 800.000000 -76.000000) 
4 1053 1057 (-968.000000 752.000000 -72.000000) (-1080.000000 752.000000 -72.000000) (-1080.000000 752.000000 -76.000000) (-968.000000 752.000000 -76.000000) 
4 1053 1055 (-1080.000000 1040.000000 -72.000000) (-1080.000000 1040.000000 -76.000000) (-1080.000000 752.000000 -76.000000) (-1080.000000 752.000000 -72.000000) 
4 1053 1054 (-1080.000000 1040.000000 -76.000000) (-968.000000 1040.000000 -76.000000) (-968.000000 752.000000 -76.000000) (-1080.000000 752.000000 -76.000000) 
4 1054 1057 (-1080.000000 752.000000 -76.000000) (-1080.000000 752.000000 -256.000000) (-736.000000 752.000000 -256.000000) (-736.000000 752.000000 -76.000000) 
4 1054 1056 (-1080.000000 1024.000000 -256.000000) (-1080.000000 768.000000 -256.000000) (-1080.000000 768.000000 -96.000000) (-1080.000000 1024.000000 -96.000000) 
4 1054 1055 (-1080.000000 1040.000000 -76.000000) (-1080.000000 1040.000000 -80.000000) (-1080.000000 752.000000 -80.000000) (-1080.000000 752.000000 -76.000000) 
4 1055 1057 (-1080.000000 752.000000 -72.000000) (-1088.000000 752.000000 -72.000000) (-1088.000000 752.000000 -80.000000) (-1080.000000 752.000000 -80.000000) 
